[{"title":"tractor_john_deere_6M_1-300x205-300x205","link":"http://wp-prd.trademachines.com/es/tm-category/agraria/tractor_john_deere_6m_1-300x205-300x205/","guid":"http://trademachines.com/es/wp-content/uploads/sites/4/2015/11/tractor_john_deere_6M_1-300x205-300x205.jpg","post_id":"1802","attachment_url":"http://wp-prd.trademachines.com/es/wp-content/uploads/sites/4/2015/11/tractor_john_deere_6M_1-300x205-300x205.jpg","alt":"Tractor John Deere"},{"title":"Maquinaria Agricola","link":"http://wp-prd.trademachines.com/es/tm-category/agraria/agricaltural_mahinery-300x162-300x162/","guid":"http://trademachines.com/es/wp-content/uploads/sites/4/2015/11/agricaltural_mahinery-300x162-300x162.jpg","post_id":"1803","attachment_url":"http://wp-prd.trademachines.com/es/wp-content/uploads/sites/4/2015/11/agricaltural_mahinery-300x162-300x162.jpg","alt":"Tractor abono"},{"title":"CLAAS cosechadora","link":"http://wp-prd.trademachines.com/es/tm-category/agraria/harvester_claas-300x148-300x148/","guid":"http://trademachines.com/es/wp-content/uploads/sites/4/2015/11/harvester_claas-300x148-300x148.jpg","post_id":"1804","attachment_url":"http://wp-prd.trademachines.com/es/wp-content/uploads/sites/4/2015/11/harvester_claas-300x148-300x148.jpg","alt":"Cosechadora Claas"},{"title":"john deere tractor","link":"http://wp-prd.trademachines.com/es/tm-category/agraria/johndeere7810-300x199/","guid":"http://trademachines.com/es/wp-content/uploads/sites/4/2015/11/johndeere7810-300x199.jpg","post_id":"1805","attachment_url":"http://wp-prd.trademachines.com/es/wp-content/uploads/sites/4/2015/11/johndeere7810-300x199.jpg","alt":"Remolque John Deere Tractor"},{"title":"tractor campo","link":"http://wp-prd.trademachines.com/es/tm-category/agraria/tractor_acker-300x158-300x158/","guid":"http://trademachines.com/es/wp-content/uploads/sites/4/2015/11/tractor_acker-300x158-300x158.jpg","post_id":"1806","attachment_url":"http://wp-prd.trademachines.com/es/wp-content/uploads/sites/4/2015/11/tractor_acker-300x158-300x158.jpg","alt":"Tractor campo siembra"},{"title":"wood-mizer-lt50","link":"http://wp-prd.trademachines.com/es/tm-category/sierras-de-cinta-para-troncos/wood-mizer-lt50/","guid":"http://trademachines.com/es/wp-content/uploads/sites/4/2015/11/wood-mizer-lt50.jpg","post_id":"1813","attachment_url":"http://wp-prd.trademachines.com/es/wp-content/uploads/sites/4/2015/11/wood-mizer-lt50.jpg","alt":"Woodmizer LT50 asseradero banda"},{"title":"Asserradero-de-banda","link":"http://wp-prd.trademachines.com/es/tm-category/sierras-de-cinta-para-troncos/asserradero-de-banda/","guid":"http://trademachines.com/es/wp-content/uploads/sites/4/2015/11/Asserradero-de-banda.jpg","post_id":"1814","attachment_url":"http://wp-prd.trademachines.com/es/wp-content/uploads/sites/4/2015/11/Asserradero-de-banda.jpg","alt":"Asseradero de Banda"},{"title":"Cargadora Volvo excavando","link":"http://wp-prd.trademachines.com/es/tm-category/cargadoras/volvo-loader-excavator-300x167-300x167/","guid":"http://trademachines.com/es/wp-content/uploads/sites/4/2015/11/Volvo-loader-excavator-300x167-300x167.jpg","post_id":"1821","attachment_url":"http://wp-prd.trademachines.com/es/wp-content/uploads/sites/4/2015/11/Volvo-loader-excavator-300x167-300x167.jpg","alt":"Cargadora Volvo"},{"title":"Kramer_cargadora_telescopica","link":"http://wp-prd.trademachines.com/es/tm-category/cargadoras/kramer_telescopic_loader-300x167-300x167/","guid":"http://trademachines.com/es/wp-content/uploads/sites/4/2015/11/Kramer_Telescopic_loader-300x167-300x167.jpg","post_id":"1822","attachment_url":"http://wp-prd.trademachines.com/es/wp-content/uploads/sites/4/2015/11/Kramer_Telescopic_loader-300x167-300x167.jpg","alt":"Cargadora Kramer Telescopica"},{"title":"bobcat-t590-mini-cargadora","link":"http://wp-prd.trademachines.com/es/tm-category/cargadoras/bobcat-t590-mini-excavadora/","guid":"http://trademachines.com/es/wp-content/uploads/sites/4/2015/11/bobcat-t590-mini-excavadora.jpg","post_id":"1823","attachment_url":"http://wp-prd.trademachines.com/es/wp-content/uploads/sites/4/2015/11/bobcat-t590-mini-excavadora.jpg","alt":"Minicargadora BOBCAT T590"},{"title":"John-Deere-544K-Cargadora","link":"http://wp-prd.trademachines.com/es/tm-category/cargadoras/john-deere-544k-loader/","guid":"http://trademachines.com/es/wp-content/uploads/sites/4/2015/11/John-Deere-544K-Loader.jpg","post_id":"1824","attachment_url":"http://wp-prd.trademachines.com/es/wp-content/uploads/sites/4/2015/11/John-Deere-544K-Loader.jpg","alt":"John Deere 544K cargadora"},{"title":"Centro de mecanizado CNC","link":"http://wp-prd.trademachines.com/es/tm-category/centros-de-mecanizado-cnc/centro-de-mecanizado-cnc-ejemplo/","guid":"http://trademachines.com/es/wp-content/uploads/sites/4/2015/11/Centro-de-mecanizado-CNC-ejemplo.jpg","post_id":"1828","attachment_url":"http://wp-prd.trademachines.com/es/wp-content/uploads/sites/4/2015/11/Centro-de-mecanizado-CNC-ejemplo.jpg","alt":"Taller CNC"},{"title":"Centro de mecanizado CNC ejemplo","link":"http://wp-prd.trademachines.com/es/tm-category/centros-de-mecanizado-cnc/centro-de-mecanizado-cnc-ejemplo-2/","guid":"http://trademachines.com/es/wp-content/uploads/sites/4/2015/11/Centro-de-mecanizado-CNC-ejemplo1.jpg","post_id":"1831","attachment_url":"http://wp-prd.trademachines.com/es/wp-content/uploads/sites/4/2015/11/Centro-de-mecanizado-CNC-ejemplo1.jpg","alt":"Centro de mecanizado CNC ejemplo"},{"title":"almacen herramientas cnc","link":"http://wp-prd.trademachines.com/es/tm-category/centros-de-mecanizado-cnc/almacen-herramientas-cnc/","guid":"http://trademachines.com/es/wp-content/uploads/sites/4/2015/11/almacen-herramientas-cnc.jpg","post_id":"1832","attachment_url":"http://wp-prd.trademachines.com/es/wp-content/uploads/sites/4/2015/11/almacen-herramientas-cnc.jpg","alt":"Almacén CNC herramientas"},{"title":"NEW_HOLLAND_excavadora_construccion","link":"http://wp-prd.trademachines.com/es/tm-category/construccion/new_holland_excavadora_construccion/","guid":"http://trademachines.com/es/wp-content/uploads/sites/4/2015/11/NEW_HOLLAND_excavadora_construccion.jpg","post_id":"1836","attachment_url":"http://wp-prd.trademachines.com/es/wp-content/uploads/sites/4/2015/11/NEW_HOLLAND_excavadora_construccion.jpg","alt":"Excavadora New Holland"},{"title":"SCHAEFF_TL_260_Cargadora_consturccion","link":"http://wp-prd.trademachines.com/es/tm-category/construccion/schaeff_tl_260_cargadora_consturccion/","guid":"http://trademachines.com/es/wp-content/uploads/sites/4/2015/11/SCHAEFF_TL_260_Cargadora_consturccion.jpg","post_id":"1837","attachment_url":"http://wp-prd.trademachines.com/es/wp-content/uploads/sites/4/2015/11/SCHAEFF_TL_260_Cargadora_consturccion.jpg","alt":"Cargadora sobre ruedas construccion"},{"title":"HANSEN_Plataforma_elevadora_hidraúlica","link":"http://wp-prd.trademachines.com/es/tm-category/construccion/hansen_plataforma_elevadora_hidraulica/","guid":"http://trademachines.com/es/wp-content/uploads/sites/4/2015/11/HANSEN_Plataforma_elevadora_hidraúlica.jpg","post_id":"1839","attachment_url":"http://wp-prd.trademachines.com/es/wp-content/uploads/sites/4/2015/11/HANSEN_Plataforma_elevadora_hidraúlica.jpg","alt":"Compacata plataforma elevadora"},{"title":"DECKEL_Fresadora","link":"http://wp-prd.trademachines.com/es/tm-category/fresadoras/deckel_fresadora/","guid":"http://trademachines.com/es/wp-content/uploads/sites/4/2015/11/DECKEL_Fresadora.jpg","post_id":"1848","attachment_url":"http://wp-prd.trademachines.com/es/wp-content/uploads/sites/4/2015/11/DECKEL_Fresadora.jpg","alt":"Fresadora DECKEL Metal"},{"title":"DECKEL_Fresadora universal","link":"http://wp-prd.trademachines.com/es/tm-category/fresadoras/deckel_fresadora-universal/","guid":"http://trademachines.com/es/wp-content/uploads/sites/4/2015/11/DECKEL_Fresadora-universal.jpg","post_id":"1849","attachment_url":"http://wp-prd.trademachines.com/es/wp-content/uploads/sites/4/2015/11/DECKEL_Fresadora-universal.jpg","alt":"Fresadora Universal Deckel"},{"title":"MIKRON_fresadora","link":"http://wp-prd.trademachines.com/es/tm-category/fresadoras/mikron_fresadora/","guid":"http://trademachines.com/es/wp-content/uploads/sites/4/2015/11/MIKRON_fresadora.jpg","post_id":"1851","attachment_url":"http://wp-prd.trademachines.com/es/wp-content/uploads/sites/4/2015/11/MIKRON_fresadora.jpg","alt":"Fresadora Mikron"},{"title":"deckel-fp1-fresadora","link":"http://wp-prd.trademachines.com/es/tm-category/fresadoras/deckel-fp1-fresadora/","guid":"http://trademachines.com/es/wp-content/uploads/sites/4/2015/11/deckel-fp1-fresadora.jpg","post_id":"1854","attachment_url":"http://wp-prd.trademachines.com/es/wp-content/uploads/sites/4/2015/11/deckel-fp1-fresadora.jpg","alt":"Fresadora FP1 Deckel"},{"title":"material madera","link":"http://wp-prd.trademachines.com/es/tm-category/madera/material-madera/","guid":"http://trademachines.com/es/wp-content/uploads/sites/4/2015/11/material-madera.jpg","post_id":"1857","attachment_url":"http://wp-prd.trademachines.com/es/wp-content/uploads/sites/4/2015/11/material-madera.jpg","alt":"Material Madera"},{"title":"madera cortada sierra","link":"http://wp-prd.trademachines.com/es/tm-category/madera/madera-cortada-sierra/","guid":"http://trademachines.com/es/wp-content/uploads/sites/4/2015/11/madera-cortada-sierra.jpg","post_id":"1858","attachment_url":"http://wp-prd.trademachines.com/es/wp-content/uploads/sites/4/2015/11/madera-cortada-sierra.jpg","alt":"Procesando madera"},{"title":"armazon-de-prensa-industrial","link":"http://wp-prd.trademachines.com/es/tm-category/madera/armazon-de-prensa-industrial/","guid":"http://trademachines.com/es/wp-content/uploads/sites/4/2015/11/armazon-de-prensa-industrial.jpg","post_id":"1859","attachment_url":"http://wp-prd.trademachines.com/es/wp-content/uploads/sites/4/2015/11/armazon-de-prensa-industrial.jpg","alt":"Prensa industrial armazon"},{"title":"maquina de balanceo horizontal","link":"http://wp-prd.trademachines.com/es/tm-category/maquina-equilibradora/maquina-de-balanceo-horizontal/","guid":"http://trademachines.com/es/wp-content/uploads/sites/4/2015/11/maquina-de-balanceo-horizontal.jpg","post_id":"1862","attachment_url":"http://wp-prd.trademachines.com/es/wp-content/uploads/sites/4/2015/11/maquina-de-balanceo-horizontal.jpg","alt":"maquina equilibradora correa"},{"title":"maquina balanceo taller","link":"http://wp-prd.trademachines.com/es/tm-category/maquina-equilibradora/maquina-balanceo-taller/","guid":"http://trademachines.com/es/wp-content/uploads/sites/4/2015/11/maquina-balanceo-taller.jpg","post_id":"1863","attachment_url":"http://wp-prd.trademachines.com/es/wp-content/uploads/sites/4/2015/11/maquina-balanceo-taller.jpg","alt":"maquina balanceo taller"},{"title":"maquina de blanaceo mecanico","link":"http://wp-prd.trademachines.com/es/tm-category/maquina-equilibradora/maquina-de-blanaceo-mecanico/","guid":"http://trademachines.com/es/wp-content/uploads/sites/4/2015/11/maquina-de-blanaceo-mecanico.jpg","post_id":"1864","attachment_url":"http://wp-prd.trademachines.com/es/wp-content/uploads/sites/4/2015/11/maquina-de-blanaceo-mecanico.jpg","alt":"maquina equlibradora"},{"title":"maquina fundición a presión","link":"http://wp-prd.trademachines.com/es/tm-category/metal/die-casting-machine/","guid":"http://trademachines.com/es/wp-content/uploads/sites/4/2015/11/die-casting-machine.jpg","post_id":"1867","attachment_url":"http://wp-prd.trademachines.com/es/wp-content/uploads/sites/4/2015/11/die-casting-machine.jpg","alt":"metal"},{"title":"Metal Pulir","link":"http://wp-prd.trademachines.com/es/tm-category/metal/metal-grinding-surface/","guid":"http://trademachines.com/es/wp-content/uploads/sites/4/2015/11/metal-grinding-surface.jpg","post_id":"1868","attachment_url":"http://wp-prd.trademachines.com/es/wp-content/uploads/sites/4/2015/11/metal-grinding-surface.jpg","alt":"Puliendo la superficie del Metal"},{"title":"jungheinrich_montacarga","link":"http://wp-prd.trademachines.com/es/tm-category/carretillas-elevadoras/jungheinrich_montacarga/","guid":"http://trademachines.com/es/wp-content/uploads/sites/4/2015/11/jungheinrich_montacarga.jpg","post_id":"1871","attachment_url":"http://wp-prd.trademachines.com/es/wp-content/uploads/sites/4/2015/11/jungheinrich_montacarga.jpg","alt":"Jungheinrich Montacargas"},{"title":"STILL_montacarga_electrico","link":"http://wp-prd.trademachines.com/es/tm-category/carretillas-elevadoras/still_montacarga_electrico/","guid":"http://trademachines.com/es/wp-content/uploads/sites/4/2015/11/STILL_montacarga_electrico.jpg","post_id":"1872","attachment_url":"http://wp-prd.trademachines.com/es/wp-content/uploads/sites/4/2015/11/STILL_montacarga_electrico.jpg","alt":"Caretilla Montacargas STILL"},{"title":"M_C_montacarga","link":"http://wp-prd.trademachines.com/es/tm-category/carretillas-elevadoras/m_c_montacarga/","guid":"http://trademachines.com/es/wp-content/uploads/sites/4/2015/11/M_C_montacarga.jpg","post_id":"1873","attachment_url":"http://wp-prd.trademachines.com/es/wp-content/uploads/sites/4/2015/11/M_C_montacarga.jpg","alt":"Caretilla MC"},{"title":"LINDE-H-50-montacarga","link":"http://wp-prd.trademachines.com/es/tm-category/carretillas-elevadoras/linde-h-50-montacarga/","guid":"http://trademachines.com/es/wp-content/uploads/sites/4/2015/11/LINDE-H-50-montacarga.jpg","post_id":"1874","attachment_url":"http://wp-prd.trademachines.com/es/wp-content/uploads/sites/4/2015/11/LINDE-H-50-montacarga.jpg","alt":"LINDE caretilla H50"},{"title":"ITECO-elevador","link":"http://wp-prd.trademachines.com/es/tm-category/plataformas-elevadoras/iteco-elevador/","guid":"http://trademachines.com/es/wp-content/uploads/sites/4/2015/11/ITECO-elevador.jpg","post_id":"1879","attachment_url":"http://wp-prd.trademachines.com/es/wp-content/uploads/sites/4/2015/11/ITECO-elevador.jpg","alt":"Elevador Tijera Iteco"},{"title":"3_ton_kfz_plataforma_elevadora","link":"http://wp-prd.trademachines.com/es/tm-category/plataformas-elevadoras/3_ton_kfz_plataforma_elevadora/","guid":"http://trademachines.com/es/wp-content/uploads/sites/4/2015/11/3_ton_kfz_plataforma_elevadora.jpg","post_id":"1880","attachment_url":"http://wp-prd.trademachines.com/es/wp-content/uploads/sites/4/2015/11/3_ton_kfz_plataforma_elevadora.jpg","alt":"Plataforma Elevadora Garaje"},{"title":"JLG-450AJ","link":"http://wp-prd.trademachines.com/es/tm-category/plataformas-elevadoras/jlg-450aj/","guid":"http://trademachines.com/es/wp-content/uploads/sites/4/2015/11/JLG-450AJ.jpg","post_id":"1881","attachment_url":"http://wp-prd.trademachines.com/es/wp-content/uploads/sites/4/2015/11/JLG-450AJ.jpg","alt":"Plataforma JLG"},{"title":"prensaplegadora usuario","link":"http://wp-prd.trademachines.com/es/tm-category/prensas-plegadoras/prensaplegadora-usuario/","guid":"http://trademachines.com/es/wp-content/uploads/sites/4/2015/11/prensaplegadora-usuario.jpg","post_id":"1886","attachment_url":"http://wp-prd.trademachines.com/es/wp-content/uploads/sites/4/2015/11/prensaplegadora-usuario.jpg","alt":"Prensa Plegadora Usuario"},{"title":"prensa plegadora automatica","link":"http://wp-prd.trademachines.com/es/tm-category/prensas-plegadoras/prensa-plegadora-automatica/","guid":"http://trademachines.com/es/wp-content/uploads/sites/4/2015/11/prensa-plegadora-automatica.jpg","post_id":"1887","attachment_url":"http://wp-prd.trademachines.com/es/wp-content/uploads/sites/4/2015/11/prensa-plegadora-automatica.jpg","alt":"Automatico Prensa Plegadora"},{"title":"prensa plegadora metal","link":"http://wp-prd.trademachines.com/es/tm-category/prensas-plegadoras/prensa-plegadora-metal/","guid":"http://trademachines.com/es/wp-content/uploads/sites/4/2015/11/prensa-plegadora-metal.jpg","post_id":"1888","attachment_url":"http://wp-prd.trademachines.com/es/wp-content/uploads/sites/4/2015/11/prensa-plegadora-metal.jpg","alt":"prensa plegadora grande"},{"title":"Amada prensa plegadora","link":"http://wp-prd.trademachines.com/es/tm-category/prensas-plegadoras/amada-prensa-plegadora/","guid":"http://trademachines.com/es/wp-content/uploads/sites/4/2015/11/Amada-prensa-plegadora.jpg","post_id":"1889","attachment_url":"http://wp-prd.trademachines.com/es/wp-content/uploads/sites/4/2015/11/Amada-prensa-plegadora.jpg","alt":"Prensa Plegadora Metal Amada"},{"title":"cat-349e_excavadora","link":"http://wp-prd.trademachines.com/es/tm-category/excavadoras/cat-349e_excavadora/","guid":"http://trademachines.com/es/wp-content/uploads/sites/4/2015/11/cat-349e_excavadora.jpg","post_id":"1893","attachment_url":"http://wp-prd.trademachines.com/es/wp-content/uploads/sites/4/2015/11/cat-349e_excavadora.jpg","alt":"Retroexcavadora Caterpillar 349"},{"title":"LIEBHERR-excavadora","link":"http://wp-prd.trademachines.com/es/tm-category/excavadoras/liebherr-excavadora/","guid":"http://trademachines.com/es/wp-content/uploads/sites/4/2015/11/LIEBHERR-excavadora.jpg","post_id":"1894","attachment_url":"http://wp-prd.trademachines.com/es/wp-content/uploads/sites/4/2015/11/LIEBHERR-excavadora.jpg","alt":"LIEBHERR-excavadora"},{"title":"NEW_HOLLAND_excavadora","link":"http://wp-prd.trademachines.com/es/tm-category/excavadoras/new_holland_excavadora/","guid":"http://trademachines.com/es/wp-content/uploads/sites/4/2015/11/NEW_HOLLAND_excavadora.jpg","post_id":"1895","attachment_url":"http://wp-prd.trademachines.com/es/wp-content/uploads/sites/4/2015/11/NEW_HOLLAND_excavadora.jpg","alt":"NEW_HOLLAND_excavadora"},{"title":"NEW_HOLLAND_excavadora","link":"http://wp-prd.trademachines.com/es/tm-category/excavadoras/new_holland_excavadora-2/","guid":"http://trademachines.com/es/wp-content/uploads/sites/4/2015/11/NEW_HOLLAND_excavadora1.jpg","post_id":"1896","attachment_url":"http://wp-prd.trademachines.com/es/wp-content/uploads/sites/4/2015/11/NEW_HOLLAND_excavadora1.jpg","alt":"Excavadora usada New Holland"},{"title":"cat-324-segundamano-excavadora","link":"http://wp-prd.trademachines.com/es/tm-category/excavadoras/cat-324-segundamano-excavadora/","guid":"http://trademachines.com/es/wp-content/uploads/sites/4/2015/11/cat-324-segundamano-excavadora.jpg","post_id":"1897","attachment_url":"http://wp-prd.trademachines.com/es/wp-content/uploads/sites/4/2015/11/cat-324-segundamano-excavadora.jpg","alt":"Caterpillar excavadora"},{"title":"sierra de panel","link":"http://wp-prd.trademachines.com/es/tm-category/sierras-de-panel/sierra-de-panel/","guid":"http://trademachines.com/es/wp-content/uploads/sites/4/2015/11/sierra-de-panel.jpg","post_id":"1905","attachment_url":"http://wp-prd.trademachines.com/es/wp-content/uploads/sites/4/2015/11/sierra-de-panel.jpg","alt":"sierra de panel"},{"title":"altendorf-sierra de panel","link":"http://wp-prd.trademachines.com/es/tm-category/sierras-de-panel/altendorf-sierra-de-panel/","guid":"http://trademachines.com/es/wp-content/uploads/sites/4/2015/11/altendorf-sierra-de-panel.jpg","post_id":"1906","attachment_url":"http://wp-prd.trademachines.com/es/wp-content/uploads/sites/4/2015/11/altendorf-sierra-de-panel.jpg","alt":"Altendorf 45 sierra de panel"},{"title":"CNC Lathe","link":"http://wp-prd.trademachines.com/es/tm-category/tornos-cnc/cnc-lathe/","guid":"http://trademachines.com/es/wp-content/uploads/sites/4/2015/11/CNC-Lathe.jpg","post_id":"1909","attachment_url":"http://wp-prd.trademachines.com/es/wp-content/uploads/sites/4/2015/11/CNC-Lathe.jpg","alt":"CNC Torno Taller"},{"title":"cnc torno control panel","link":"http://wp-prd.trademachines.com/es/tm-category/tornos-cnc/cnc-lathe-control-panel/","guid":"http://trademachines.com/es/wp-content/uploads/sites/4/2015/11/cnc-lathe-control-panel.jpg","post_id":"1910","attachment_url":"http://wp-prd.trademachines.com/es/wp-content/uploads/sites/4/2015/11/cnc-lathe-control-panel.jpg","alt":"Panel de control CNC torno"},{"title":"Haas-ST-10-cnc-lathe","link":"http://wp-prd.trademachines.com/es/tm-category/tornos-cnc/haas-st-10-cnc-lathe/","guid":"http://trademachines.com/es/wp-content/uploads/sites/4/2015/11/Haas-ST-10-cnc-lathe.jpg","post_id":"1911","attachment_url":"http://wp-prd.trademachines.com/es/wp-content/uploads/sites/4/2015/11/Haas-ST-10-cnc-lathe.jpg","alt":"Torno CNC HAAS ST10"},{"title":"puente grua","link":"http://wp-prd.trademachines.com/es/tm-category/gruas-de-portico/puente-grua/","guid":"http://trademachines.com/es/wp-content/uploads/sites/4/2015/11/puente-grua.jpg","post_id":"1914","attachment_url":"http://wp-prd.trademachines.com/es/wp-content/uploads/sites/4/2015/11/puente-grua.jpg","alt":"Puentes grua"},{"title":"puente grua usado","link":"http://wp-prd.trademachines.com/es/tm-category/gruas-de-portico/puente-grua-usado/","guid":"http://trademachines.com/es/wp-content/uploads/sites/4/2015/11/puente-grua-usado.jpg","post_id":"1915","attachment_url":"http://wp-prd.trademachines.com/es/wp-content/uploads/sites/4/2015/11/puente-grua-usado.jpg","alt":"Puente grua cabina"},{"title":"puente grua segunda mano","link":"http://wp-prd.trademachines.com/es/tm-category/gruas-de-portico/puente-grua-segunda-mano/","guid":"http://trademachines.com/es/wp-content/uploads/sites/4/2015/11/puente-grua-segunda-mano.jpg","post_id":"1916","attachment_url":"http://wp-prd.trademachines.com/es/wp-content/uploads/sites/4/2015/11/puente-grua-segunda-mano.jpg","alt":"Puente grúa segunda mano"},{"title":"puente grua1","link":"http://wp-prd.trademachines.com/es/tm-category/gruas-de-portico/puente-grua1/","guid":"http://trademachines.com/es/wp-content/uploads/sites/4/2015/11/puente-grua1.jpg","post_id":"1917","attachment_url":"http://wp-prd.trademachines.com/es/wp-content/uploads/sites/4/2015/11/puente-grua1.jpg","alt":"Puente grúa fabrica"},{"title":"Massey-Ferguson-135-tractor","link":"http://wp-prd.trademachines.com/es/tm-category/tractores/massey-ferguson-135-tractor/","guid":"http://trademachines.com/es/wp-content/uploads/sites/4/2015/11/Massey-Ferguson-135-tractor.jpg","post_id":"1928","attachment_url":"http://wp-prd.trademachines.com/es/wp-content/uploads/sites/4/2015/11/Massey-Ferguson-135-tractor.jpg","alt":"Tractor Massey Ferguson"},{"title":"DEUTZ-FAHR-7210-TTV-tractor","link":"http://wp-prd.trademachines.com/es/tm-category/tractores/deutz-fahr-7210-ttv-tractor/","guid":"http://trademachines.com/es/wp-content/uploads/sites/4/2015/11/DEUTZ-FAHR-7210-TTV-tractor.jpg","post_id":"1929","attachment_url":"http://wp-prd.trademachines.com/es/wp-content/uploads/sites/4/2015/11/DEUTZ-FAHR-7210-TTV-tractor.jpg","alt":"Deutz Fahr Tractor"},{"title":"tractor_PC_","link":"http://wp-prd.trademachines.com/es/tm-category/tractores/tractor_pc_/","guid":"http://trademachines.com/es/wp-content/uploads/sites/4/2015/11/tractor_PC_.jpg","post_id":"1932","attachment_url":"http://wp-prd.trademachines.com/es/wp-content/uploads/sites/4/2015/11/tractor_PC_.jpg","alt":"PC tractor"},{"title":"tractor_john_deere_6M","link":"http://wp-prd.trademachines.com/es/tm-category/tractores/tractor_john_deere_6m/","guid":"http://trademachines.com/es/wp-content/uploads/sites/4/2015/11/tractor_john_deere_6M.jpg","post_id":"1933","attachment_url":"http://wp-prd.trademachines.com/es/wp-content/uploads/sites/4/2015/11/tractor_john_deere_6M.jpg","alt":"Tractor segunda mano"},{"title":"sierra de panel","link":"http://wp-prd.trademachines.com/es/tm-category/sierras-metal/sierra-de-panel-2/","guid":"http://trademachines.com/es/wp-content/uploads/sites/4/2015/11/sierra-de-panel1.jpg","post_id":"1949","attachment_url":"http://wp-prd.trademachines.com/es/wp-content/uploads/sites/4/2015/11/sierra-de-panel1.jpg","alt":"sierra metal banda panel usada"},{"title":"sierra para el metal","link":"http://wp-prd.trademachines.com/es/tm-category/sierras-metal/sierra-para-el-metal/","guid":"http://trademachines.com/es/wp-content/uploads/sites/4/2015/11/sierra-para-el-metal.jpg","post_id":"1950","attachment_url":"http://wp-prd.trademachines.com/es/wp-content/uploads/sites/4/2015/11/sierra-para-el-metal.jpg","alt":"Sierra metal taller"},{"title":"makita-bcs550 sierra circular","link":"http://wp-prd.trademachines.com/es/tm-category/sierras-metal/makita-bcs550-sierra-circular/","guid":"http://trademachines.com/es/wp-content/uploads/sites/4/2015/11/makita-bcs550-sierra-circular.jpg","post_id":"1951","attachment_url":"http://wp-prd.trademachines.com/es/wp-content/uploads/sites/4/2015/11/makita-bcs550-sierra-circular.jpg","alt":"Circula Sierra Makita"},{"title":"procesamiento chapa  metal","link":"http://wp-prd.trademachines.com/es/tm-category/procesado-de-chapa-metalica/procesamiento-chapa-metal/","guid":"http://trademachines.com/es/wp-content/uploads/sites/4/2015/11/procesamiento-chapa-metal.jpg","post_id":"1957","attachment_url":"http://wp-prd.trademachines.com/es/wp-content/uploads/sites/4/2015/11/procesamiento-chapa-metal.jpg","alt":"Procesamiento metal usado"},{"title":"procesamiento chapa  metal","link":"http://wp-prd.trademachines.com/es/tm-category/procesado-de-chapa-metalica/procesamiento-chapa-metal-2/","guid":"http://trademachines.com/es/wp-content/uploads/sites/4/2015/11/procesamiento-chapa-metal1.jpg","post_id":"1958","attachment_url":"http://wp-prd.trademachines.com/es/wp-content/uploads/sites/4/2015/11/procesamiento-chapa-metal1.jpg","alt":"procesamiento chapa  metal"},{"title":"CAT","link":"http://wp-prd.trademachines.com/es/homepage-seo-content-box/cat/","guid":"http://wp-prd.trademachines.com/es/wp-content/uploads/sites/4/2014/10/CAT.jpg","post_id":"4545","attachment_url":"http://wp-prd.trademachines.com/es/wp-content/uploads/sites/4/2014/10/CAT.jpg","alt":"CAT"},{"title":"Claas","link":"http://wp-prd.trademachines.com/es/homepage-seo-content-box/claas/","guid":"http://wp-prd.trademachines.com/es/wp-content/uploads/sites/4/2014/10/Claas.jpg","post_id":"4546","attachment_url":"http://wp-prd.trademachines.com/es/wp-content/uploads/sites/4/2014/10/Claas.jpg","alt":"Claas"},{"title":"Dechow","link":"http://wp-prd.trademachines.com/es/homepage-seo-content-box/dechow-2/","guid":"http://wp-prd.trademachines.com/es/wp-content/uploads/sites/4/2014/10/Dechow.jpg","post_id":"4547","attachment_url":"http://wp-prd.trademachines.com/es/wp-content/uploads/sites/4/2014/10/Dechow.jpg","alt":"Dechow"},{"title":"dmg-mori","link":"http://wp-prd.trademachines.com/es/homepage-seo-content-box/dmg-mori-2/","guid":"http://wp-prd.trademachines.com/es/wp-content/uploads/sites/4/2014/10/dmg-mori.jpg","post_id":"4548","attachment_url":"http://wp-prd.trademachines.com/es/wp-content/uploads/sites/4/2014/10/dmg-mori.jpg","alt":"dmg-mori"},{"title":"ex-factory","link":"http://wp-prd.trademachines.com/es/homepage-seo-content-box/ex-factory-2/","guid":"http://wp-prd.trademachines.com/es/wp-content/uploads/sites/4/2014/10/ex-factory.jpg","post_id":"4549","attachment_url":"http://wp-prd.trademachines.com/es/wp-content/uploads/sites/4/2014/10/ex-factory.jpg","alt":"ex-factory"},{"title":"fed-quip-company","link":"http://wp-prd.trademachines.com/es/homepage-seo-content-box/fed-quip-company/","guid":"http://wp-prd.trademachines.com/es/wp-content/uploads/sites/4/2014/10/fed-quip-company.jpg","post_id":"4550","attachment_url":"http://wp-prd.trademachines.com/es/wp-content/uploads/sites/4/2014/10/fed-quip-company.jpg","alt":"fed-quip-company"},{"title":"homag","link":"http://wp-prd.trademachines.com/es/homepage-seo-content-box/homag/","guid":"http://wp-prd.trademachines.com/es/wp-content/uploads/sites/4/2014/10/homag.jpg","post_id":"4551","attachment_url":"http://wp-prd.trademachines.com/es/wp-content/uploads/sites/4/2014/10/homag.jpg","alt":"homag"},{"title":"JCB","link":"http://wp-prd.trademachines.com/es/homepage-seo-content-box/jcb/","guid":"http://wp-prd.trademachines.com/es/wp-content/uploads/sites/4/2014/10/JCB.jpg","post_id":"4552","attachment_url":"http://wp-prd.trademachines.com/es/wp-content/uploads/sites/4/2014/10/JCB.jpg","alt":"JCB"},{"title":"JohnDeere2","link":"http://wp-prd.trademachines.com/es/homepage-seo-content-box/johndeere2/","guid":"http://wp-prd.trademachines.com/es/wp-content/uploads/sites/4/2014/10/JohnDeere2.jpg","post_id":"4553","attachment_url":"http://wp-prd.trademachines.com/es/wp-content/uploads/sites/4/2014/10/JohnDeere2.jpg","alt":"JohnDeere2"},{"title":"komatsu","link":"http://wp-prd.trademachines.com/es/homepage-seo-content-box/komatsu/","guid":"http://wp-prd.trademachines.com/es/wp-content/uploads/sites/4/2014/10/komatsu.jpg","post_id":"4554","attachment_url":"http://wp-prd.trademachines.com/es/wp-content/uploads/sites/4/2014/10/komatsu.jpg","alt":"komatsu"},{"title":"kuka","link":"http://wp-prd.trademachines.com/es/homepage-seo-content-box/kuka/","guid":"http://wp-prd.trademachines.com/es/wp-content/uploads/sites/4/2014/10/kuka.jpg","post_id":"4555","attachment_url":"http://wp-prd.trademachines.com/es/wp-content/uploads/sites/4/2014/10/kuka.jpg","alt":"kuka"},{"title":"liquidity-service","link":"http://wp-prd.trademachines.com/es/homepage-seo-content-box/liquidity-service/","guid":"http://wp-prd.trademachines.com/es/wp-content/uploads/sites/4/2014/10/liquidity-service.jpg","post_id":"4556","attachment_url":"http://wp-prd.trademachines.com/es/wp-content/uploads/sites/4/2014/10/liquidity-service.jpg","alt":"liquidity-service"},{"title":"mazak","link":"http://wp-prd.trademachines.com/es/homepage-seo-content-box/mazak/","guid":"http://wp-prd.trademachines.com/es/wp-content/uploads/sites/4/2014/10/mazak.jpg","post_id":"4557","attachment_url":"http://wp-prd.trademachines.com/es/wp-content/uploads/sites/4/2014/10/mazak.jpg","alt":"mazak"},{"title":"perfection","link":"http://wp-prd.trademachines.com/es/homepage-seo-content-box/perfection/","guid":"http://wp-prd.trademachines.com/es/wp-content/uploads/sites/4/2014/10/perfection.jpg","post_id":"4558","attachment_url":"http://wp-prd.trademachines.com/es/wp-content/uploads/sites/4/2014/10/perfection.jpg","alt":"perfection"},{"title":"Ritchie","link":"http://wp-prd.trademachines.com/es/homepage-seo-content-box/ritchie/","guid":"http://wp-prd.trademachines.com/es/wp-content/uploads/sites/4/2014/10/Ritchie.jpg","post_id":"4559","attachment_url":"http://wp-prd.trademachines.com/es/wp-content/uploads/sites/4/2014/10/Ritchie.jpg","alt":"Ritchie"},{"title":"rwz","link":"http://wp-prd.trademachines.com/es/homepage-seo-content-box/rwz/","guid":"http://wp-prd.trademachines.com/es/wp-content/uploads/sites/4/2014/10/rwz.jpg","post_id":"4560","attachment_url":"http://wp-prd.trademachines.com/es/wp-content/uploads/sites/4/2014/10/rwz.jpg","alt":"rwz"},{"title":"still","link":"http://wp-prd.trademachines.com/es/homepage-seo-content-box/still/","guid":"http://wp-prd.trademachines.com/es/wp-content/uploads/sites/4/2014/10/still.jpg","post_id":"4561","attachment_url":"http://wp-prd.trademachines.com/es/wp-content/uploads/sites/4/2014/10/still.jpg","alt":"still"},{"title":"Surplex","link":"http://wp-prd.trademachines.com/es/homepage-seo-content-box/surplex-2/","guid":"http://wp-prd.trademachines.com/es/wp-content/uploads/sites/4/2014/10/Surplex.jpg","post_id":"4562","attachment_url":"http://wp-prd.trademachines.com/es/wp-content/uploads/sites/4/2014/10/Surplex.jpg","alt":"Surplex"},{"title":"Troostwjik","link":"http://wp-prd.trademachines.com/es/homepage-seo-content-box/troostwjik/","guid":"http://wp-prd.trademachines.com/es/wp-content/uploads/sites/4/2014/10/Troostwjik.jpg","post_id":"4563","attachment_url":"http://wp-prd.trademachines.com/es/wp-content/uploads/sites/4/2014/10/Troostwjik.jpg","alt":"Troostwjik"},{"title":"zeppelin_cat","link":"http://wp-prd.trademachines.com/es/homepage-seo-content-box/zeppelin_cat/","guid":"http://wp-prd.trademachines.com/es/wp-content/uploads/sites/4/2014/10/zeppelin_cat.jpg","post_id":"4564","attachment_url":"http://wp-prd.trademachines.com/es/wp-content/uploads/sites/4/2014/10/zeppelin_cat.jpg","alt":"zeppelin_cat"}]