[{"title":"TradeMachines logo_Stockway","link":"http://wp-prd.trademachines.com/fr/tm-content/homepage-seo-content-box/trademachines-logo_stockway/","guid":"http://trademachines.com/fr/wp-content/uploads/sites/8/2016/01/TradeMachines-logo_Stockway.png","post_id":"10610","attachment_url":"http://wp-prd.trademachines.com/fr/wp-content/uploads/sites/8/2016/01/TradeMachines-logo_Stockway.png","alt":"TradeMachines logo_Stockway"},{"title":"TradeMachines logo_Stockway","link":"http://wp-prd.trademachines.com/fr/tm-content/homepage-seo-content-box/trademachines-logo_stockway-2/","guid":"http://trademachines.com/fr/wp-content/uploads/sites/8/2016/01/TradeMachines-logo_Stockway1.png","post_id":"10611","attachment_url":"http://wp-prd.trademachines.com/fr/wp-content/uploads/sites/8/2016/01/TradeMachines-logo_Stockway1.png","alt":"TradeMachines logo_Stockway"},{"title":"Logo_no background","link":"http://wp-prd.trademachines.com/fr/tm-content/homepage-seo-content-box/logo_no-background/","guid":"http://trademachines.com/fr/wp-content/uploads/sites/8/2016/01/Logo_no-background.png","post_id":"10627","attachment_url":"http://wp-prd.trademachines.com/fr/wp-content/uploads/sites/8/2016/01/Logo_no-background.png","alt":"Logo_no background"},{"title":"585","link":"http://wp-prd.trademachines.com/fr/tm-manufacturer/mercedes-benz/attachment/585/","guid":"http://trademachines.com/fr/wp-content/uploads/sites/8/2016/07/585.jpg","post_id":"10673","attachment_url":"http://wp-prd.trademachines.com/fr/wp-content/uploads/sites/8/2016/07/585.jpg","alt":"585"},{"title":"liquidity-service","link":"http://wp-prd.trademachines.com/fr/tm-content/homepage-seo-content-box/liquidity-service/","guid":"http://wp-prd.trademachines.com/fr/wp-content/uploads/sites/8/2016/01/liquidity-service.jpg","post_id":"13085","attachment_url":"http://wp-prd.trademachines.com/fr/wp-content/uploads/sites/8/2016/01/liquidity-service.jpg","alt":"liquidity-service"},{"title":"rwz","link":"http://wp-prd.trademachines.com/fr/tm-content/homepage-seo-content-box/rwz/","guid":"http://wp-prd.trademachines.com/fr/wp-content/uploads/sites/8/2016/01/rwz.jpg","post_id":"13086","attachment_url":"http://wp-prd.trademachines.com/fr/wp-content/uploads/sites/8/2016/01/rwz.jpg","alt":"rwz"},{"title":"ex-factory","link":"http://wp-prd.trademachines.com/fr/tm-content/homepage-seo-content-box/ex-factory-2/","guid":"http://wp-prd.trademachines.com/fr/wp-content/uploads/sites/8/2016/01/ex-factory.jpg","post_id":"13087","attachment_url":"http://wp-prd.trademachines.com/fr/wp-content/uploads/sites/8/2016/01/ex-factory.jpg","alt":"ex-factory"},{"title":"fed-quip-company","link":"http://wp-prd.trademachines.com/fr/tm-content/homepage-seo-content-box/fed-quip-company/","guid":"http://wp-prd.trademachines.com/fr/wp-content/uploads/sites/8/2016/01/fed-quip-company.jpg","post_id":"13088","attachment_url":"http://wp-prd.trademachines.com/fr/wp-content/uploads/sites/8/2016/01/fed-quip-company.jpg","alt":"fed-quip-company"},{"title":"homag","link":"http://wp-prd.trademachines.com/fr/tm-content/homepage-seo-content-box/homag/","guid":"http://wp-prd.trademachines.com/fr/wp-content/uploads/sites/8/2016/01/homag.jpg","post_id":"13089","attachment_url":"http://wp-prd.trademachines.com/fr/wp-content/uploads/sites/8/2016/01/homag.jpg","alt":"homag"},{"title":"JCB","link":"http://wp-prd.trademachines.com/fr/tm-content/homepage-seo-content-box/jcb/","guid":"http://wp-prd.trademachines.com/fr/wp-content/uploads/sites/8/2016/01/JCB.jpg","post_id":"13090","attachment_url":"http://wp-prd.trademachines.com/fr/wp-content/uploads/sites/8/2016/01/JCB.jpg","alt":"JCB"},{"title":"JohnDeere2","link":"http://wp-prd.trademachines.com/fr/tm-content/homepage-seo-content-box/johndeere2/","guid":"http://wp-prd.trademachines.com/fr/wp-content/uploads/sites/8/2016/01/JohnDeere2.jpg","post_id":"13091","attachment_url":"http://wp-prd.trademachines.com/fr/wp-content/uploads/sites/8/2016/01/JohnDeere2.jpg","alt":"JohnDeere2"},{"title":"komatsu","link":"http://wp-prd.trademachines.com/fr/tm-content/homepage-seo-content-box/komatsu/","guid":"http://wp-prd.trademachines.com/fr/wp-content/uploads/sites/8/2016/01/komatsu.jpg","post_id":"13092","attachment_url":"http://wp-prd.trademachines.com/fr/wp-content/uploads/sites/8/2016/01/komatsu.jpg","alt":"komatsu"},{"title":"kuka","link":"http://wp-prd.trademachines.com/fr/tm-content/homepage-seo-content-box/kuka/","guid":"http://wp-prd.trademachines.com/fr/wp-content/uploads/sites/8/2016/01/kuka.jpg","post_id":"13093","attachment_url":"http://wp-prd.trademachines.com/fr/wp-content/uploads/sites/8/2016/01/kuka.jpg","alt":"kuka"},{"title":"mazak","link":"http://wp-prd.trademachines.com/fr/tm-content/homepage-seo-content-box/mazak/","guid":"http://wp-prd.trademachines.com/fr/wp-content/uploads/sites/8/2016/01/mazak.jpg","post_id":"13094","attachment_url":"http://wp-prd.trademachines.com/fr/wp-content/uploads/sites/8/2016/01/mazak.jpg","alt":"mazak"},{"title":"perfection","link":"http://wp-prd.trademachines.com/fr/tm-content/homepage-seo-content-box/perfection/","guid":"http://wp-prd.trademachines.com/fr/wp-content/uploads/sites/8/2016/01/perfection.jpg","post_id":"13095","attachment_url":"http://wp-prd.trademachines.com/fr/wp-content/uploads/sites/8/2016/01/perfection.jpg","alt":"perfection"},{"title":"Ritchie","link":"http://wp-prd.trademachines.com/fr/tm-content/homepage-seo-content-box/ritchie/","guid":"http://wp-prd.trademachines.com/fr/wp-content/uploads/sites/8/2016/01/Ritchie.jpg","post_id":"13096","attachment_url":"http://wp-prd.trademachines.com/fr/wp-content/uploads/sites/8/2016/01/Ritchie.jpg","alt":"Ritchie"},{"title":"still","link":"http://wp-prd.trademachines.com/fr/tm-content/homepage-seo-content-box/still/","guid":"http://wp-prd.trademachines.com/fr/wp-content/uploads/sites/8/2016/01/still.jpg","post_id":"13097","attachment_url":"http://wp-prd.trademachines.com/fr/wp-content/uploads/sites/8/2016/01/still.jpg","alt":"still"},{"title":"Surplex","link":"http://wp-prd.trademachines.com/fr/tm-content/homepage-seo-content-box/surplex-2/","guid":"http://wp-prd.trademachines.com/fr/wp-content/uploads/sites/8/2016/01/Surplex.jpg","post_id":"13098","attachment_url":"http://wp-prd.trademachines.com/fr/wp-content/uploads/sites/8/2016/01/Surplex.jpg","alt":"Surplex"},{"title":"Troostwjik","link":"http://wp-prd.trademachines.com/fr/tm-content/homepage-seo-content-box/troostwjik/","guid":"http://wp-prd.trademachines.com/fr/wp-content/uploads/sites/8/2016/01/Troostwjik.jpg","post_id":"13099","attachment_url":"http://wp-prd.trademachines.com/fr/wp-content/uploads/sites/8/2016/01/Troostwjik.jpg","alt":"Troostwjik"},{"title":"zeppelin_cat","link":"http://wp-prd.trademachines.com/fr/tm-content/homepage-seo-content-box/zeppelin_cat/","guid":"http://wp-prd.trademachines.com/fr/wp-content/uploads/sites/8/2016/01/zeppelin_cat.jpg","post_id":"13100","attachment_url":"http://wp-prd.trademachines.com/fr/wp-content/uploads/sites/8/2016/01/zeppelin_cat.jpg","alt":"zeppelin_cat"},{"title":"CAT","link":"http://wp-prd.trademachines.com/fr/tm-content/homepage-seo-content-box/cat/","guid":"http://wp-prd.trademachines.com/fr/wp-content/uploads/sites/8/2016/01/CAT.jpg","post_id":"13101","attachment_url":"http://wp-prd.trademachines.com/fr/wp-content/uploads/sites/8/2016/01/CAT.jpg","alt":"CAT"},{"title":"Claas","link":"http://wp-prd.trademachines.com/fr/tm-content/homepage-seo-content-box/claas/","guid":"http://wp-prd.trademachines.com/fr/wp-content/uploads/sites/8/2016/01/Claas.jpg","post_id":"13102","attachment_url":"http://wp-prd.trademachines.com/fr/wp-content/uploads/sites/8/2016/01/Claas.jpg","alt":"Claas"},{"title":"Dechow","link":"http://wp-prd.trademachines.com/fr/tm-content/homepage-seo-content-box/dechow-2/","guid":"http://wp-prd.trademachines.com/fr/wp-content/uploads/sites/8/2016/01/Dechow.jpg","post_id":"13103","attachment_url":"http://wp-prd.trademachines.com/fr/wp-content/uploads/sites/8/2016/01/Dechow.jpg","alt":"Dechow"},{"title":"dmg-mori","link":"http://wp-prd.trademachines.com/fr/tm-content/homepage-seo-content-box/dmg-mori-2/","guid":"http://wp-prd.trademachines.com/fr/wp-content/uploads/sites/8/2016/01/dmg-mori.jpg","post_id":"13104","attachment_url":"http://wp-prd.trademachines.com/fr/wp-content/uploads/sites/8/2016/01/dmg-mori.jpg","alt":"dmg-mori"},{"title":"rwz","link":"http://wp-prd.trademachines.com/fr/tm-content/homepage-seo-content-box/rwz-2/","guid":"http://wp-prd.trademachines.com/fr/wp-content/uploads/sites/8/2016/01/rwz-1.jpg","post_id":"13105","attachment_url":"http://wp-prd.trademachines.com/fr/wp-content/uploads/sites/8/2016/01/rwz-1.jpg","alt":"rwz"},{"title":"Rectifieuse","link":"http://wp-prd.trademachines.com/fr/tm-category/metal/rectifieuses/rectifieuse/","guid":"http://wp-prd.trademachines.com/fr/wp-content/uploads/sites/8/2016/01/Rectifieuse.jpg","post_id":"14461","attachment_url":"http://wp-prd.trademachines.com/fr/wp-content/uploads/sites/8/2016/01/Rectifieuse.jpg","alt":"Rectifieuse cylindrique"},{"title":"Lignedeproduction-volkswagen","link":"http://wp-prd.trademachines.com/fr/tm-category/metal/lignes-de-production/lignedeproduction-volkswagen/","guid":"http://wp-prd.trademachines.com/fr/wp-content/uploads/sites/8/2016/01/Lignedeproduction-volkswagen.jpg","post_id":"14463","attachment_url":"http://wp-prd.trademachines.com/fr/wp-content/uploads/sites/8/2016/01/Lignedeproduction-volkswagen.jpg","alt":"Ligne de production"},{"title":"ABB-Robotic-Arm","link":"http://wp-prd.trademachines.com/fr/tm-category/stockage/robotique-industrielle/abb-robotic-arm/","guid":"http://wp-prd.trademachines.com/fr/wp-content/uploads/sites/8/2016/01/ABB-Robotic-Arm.jpg","post_id":"14466","attachment_url":"http://wp-prd.trademachines.com/fr/wp-content/uploads/sites/8/2016/01/ABB-Robotic-Arm.jpg","alt":"ABB-Robotic-Arm"},{"title":"JeepWrangler-toutterrain","link":"http://wp-prd.trademachines.com/fr/tm-category/vehicules/vehicules-tout-terrain/jeepwrangler-toutterrain/","guid":"http://wp-prd.trademachines.com/fr/wp-content/uploads/sites/8/2016/01/JeepWrangler-toutterrain.jpg","post_id":"14468","attachment_url":"http://wp-prd.trademachines.com/fr/wp-content/uploads/sites/8/2016/01/JeepWrangler-toutterrain.jpg","alt":"Véhicule tout terrain Jeep"},{"title":"fraiseuse","link":"http://wp-prd.trademachines.com/fr/tm-category/metal/fraiseuses/fraiseuse/","guid":"http://wp-prd.trademachines.com/fr/wp-content/uploads/sites/8/2016/01/fraiseuse.jpg","post_id":"14470","attachment_url":"http://wp-prd.trademachines.com/fr/wp-content/uploads/sites/8/2016/01/fraiseuse.jpg","alt":"Fraiseuse à métaux"},{"title":"Marteaupilon","link":"http://wp-prd.trademachines.com/fr/tm-category/metal/machines-de-forgeage/marteaux-pilons/marteaupilon/","guid":"http://wp-prd.trademachines.com/fr/wp-content/uploads/sites/8/2016/01/Marteaupilon.jpg","post_id":"14472","attachment_url":"http://wp-prd.trademachines.com/fr/wp-content/uploads/sites/8/2016/01/Marteaupilon.jpg","alt":"Marteaupilon"},{"title":"perceuseacolonne","link":"http://wp-prd.trademachines.com/fr/tm-category/metal/perceuses/perceuses-a-colonne/perceuseacolonne/","guid":"http://wp-prd.trademachines.com/fr/wp-content/uploads/sites/8/2016/01/perceuseacolonne.jpg","post_id":"14474","attachment_url":"http://wp-prd.trademachines.com/fr/wp-content/uploads/sites/8/2016/01/perceuseacolonne.jpg","alt":"Perceuse à colonne"},{"title":"compresseur air","link":"http://wp-prd.trademachines.com/fr/tm-category/plus-dindustries/compresseurs/compresseur-air/","guid":"http://wp-prd.trademachines.com/fr/wp-content/uploads/sites/8/2016/01/compresseur-air.jpg","post_id":"14478","attachment_url":"http://wp-prd.trademachines.com/fr/wp-content/uploads/sites/8/2016/01/compresseur-air.jpg","alt":"Compresseur à air"},{"title":"restored-camping-trailier","link":"http://wp-prd.trademachines.com/fr/tm-category/vehicules/remorques/restored-camping-trailier/","guid":"http://wp-prd.trademachines.com/fr/wp-content/uploads/sites/8/2016/01/restored-camping-trailier.jpg","post_id":"15004","attachment_url":"http://wp-prd.trademachines.com/fr/wp-content/uploads/sites/8/2016/01/restored-camping-trailier.jpg","alt":"Remorque d'occasion TradeMachines Caravane"},{"title":"Chariot de manutention diesel","link":"http://wp-prd.trademachines.com/fr/tm-category/chariots-elevateurs/chariots-elevateurs-diesel/forklifts-2/","guid":"http://wp-prd.trademachines.com/fr/wp-content/uploads/sites/8/2016/01/FORKLIFTS.png","post_id":"15168","attachment_url":"http://wp-prd.trademachines.com/fr/wp-content/uploads/sites/8/2016/01/FORKLIFTS.png","alt":"Chariot elevateur diesel occasion"},{"title":"rtf-1-300x166","link":"http://wp-prd.trademachines.com/fr/rtf-1-300x166/","guid":"http://wp-prd.trademachines.com/fr/wp-content/uploads/sites/8/2019/05/rtf-1-300x166.png","post_id":"15174","attachment_url":"http://wp-prd.trademachines.com/fr/wp-content/uploads/sites/8/2019/05/rtf-1-300x166.png","alt":"rtf-1-300x166"},{"title":"manitou-rough-terrain-forklift-300x200","link":"http://wp-prd.trademachines.com/fr/manitou-rough-terrain-forklift-300x200/","guid":"http://wp-prd.trademachines.com/fr/wp-content/uploads/sites/8/2019/05/manitou-rough-terrain-forklift-300x200.jpg","post_id":"15175","attachment_url":"http://wp-prd.trademachines.com/fr/wp-content/uploads/sites/8/2019/05/manitou-rough-terrain-forklift-300x200.jpg","alt":"manitou-rough-terrain-forklift-300x200"},{"title":"case-rough-terrain-forklift-300x200","link":"http://wp-prd.trademachines.com/fr/case-rough-terrain-forklift-300x200/","guid":"http://wp-prd.trademachines.com/fr/wp-content/uploads/sites/8/2019/05/case-rough-terrain-forklift-300x200.jpg","post_id":"15176","attachment_url":"http://wp-prd.trademachines.com/fr/wp-content/uploads/sites/8/2019/05/case-rough-terrain-forklift-300x200.jpg","alt":"case-rough-terrain-forklift-300x200"},{"title":"JCB-520-telescopic-forklift","link":"http://wp-prd.trademachines.com/fr/tm-category/chariots-elevateurs/chariots-telescopiques/jcb-520-telescopic-forklift/","guid":"http://wp-prd.trademachines.com/fr/wp-content/uploads/sites/8/2019/05/JCB-520-telescopic-forklift.jpg","post_id":"15179","attachment_url":"http://wp-prd.trademachines.com/fr/wp-content/uploads/sites/8/2019/05/JCB-520-telescopic-forklift.jpg","alt":"Chariot élévateur téléscopique"},{"title":"JLG-SkyTrak-telescopic-forklifts-300x225","link":"http://wp-prd.trademachines.com/fr/tm-category/chariots-elevateurs/chariots-telescopiques/jlg-skytrak-telescopic-forklifts-300x225/","guid":"http://wp-prd.trademachines.com/fr/wp-content/uploads/sites/8/2019/05/JLG-SkyTrak-telescopic-forklifts-300x225.jpg","post_id":"15180","attachment_url":"http://wp-prd.trademachines.com/fr/wp-content/uploads/sites/8/2019/05/JLG-SkyTrak-telescopic-forklifts-300x225.jpg","alt":"JLG-SkyTrak-telescopic-forklifts-300x225"},{"title":"BR033_M25_Fenwick_00027_1x1w640","link":"http://wp-prd.trademachines.com/fr/tm-category/transpalettes-manuels/br033_m25_fenwick_00027_1x1w640/","guid":"http://wp-prd.trademachines.com/fr/wp-content/uploads/sites/8/2016/01/BR033_M25_Fenwick_00027_1x1w640.png","post_id":"15206","attachment_url":"http://wp-prd.trademachines.com/fr/wp-content/uploads/sites/8/2016/01/BR033_M25_Fenwick_00027_1x1w640.png","alt":"Transpaelette Manuel M25 sur TradeMachines"},{"title":"Chariot élévateur électrique","link":"http://wp-prd.trademachines.com/fr/tm-category/chariots-elevateurs/chariots-elevateurs-electriques/forklift-1796_960_720/","guid":"http://wp-prd.trademachines.com/fr/wp-content/uploads/sites/8/2016/01/forklift-1796_960_720.jpg","post_id":"15230","attachment_url":"http://wp-prd.trademachines.com/fr/wp-content/uploads/sites/8/2016/01/forklift-1796_960_720.jpg","alt":"Chariot élévateur électrique à fourche"},{"title":"Remorqueur industriel","link":"http://wp-prd.trademachines.com/fr/tm-category/chariots-elevateurs-speciaux/remorqueurs/tow-tractor/","guid":"http://wp-prd.trademachines.com/fr/wp-content/uploads/sites/8/2016/01/tow-tractor.jpg","post_id":"15235","attachment_url":"http://wp-prd.trademachines.com/fr/wp-content/uploads/sites/8/2016/01/tow-tractor.jpg","alt":"Remorqueur d'occasion sur TradeMachines"},{"title":"hiaff-moffett_mount_dismount","link":"http://wp-prd.trademachines.com/fr/tm-category/chariots-elevateurs-embarques/hiaff-moffett_mount_dismount/","guid":"http://wp-prd.trademachines.com/fr/wp-content/uploads/sites/8/2016/01/hiaff-moffett_mount_dismount.jpeg","post_id":"15243","attachment_url":"http://wp-prd.trademachines.com/fr/wp-content/uploads/sites/8/2016/01/hiaff-moffett_mount_dismount.jpeg","alt":"Chariot élévateur embarqué d'occasion TradeMachines"},{"title":"truckmountedforkliftbox-mounted@2x-Palfinger","link":"http://wp-prd.trademachines.com/fr/tm-category/chariots-elevateurs-embarques/truckmountedforkliftbox-mounted2x-palfinger/","guid":"http://wp-prd.trademachines.com/fr/wp-content/uploads/sites/8/2016/01/truckmountedforkliftbox-mounted@2x-Palfinger.jpeg","post_id":"15244","attachment_url":"http://wp-prd.trademachines.com/fr/wp-content/uploads/sites/8/2016/01/truckmountedforkliftbox-mounted@2x-Palfinger.jpeg","alt":"Rangement Chariot Palfinger élvateur embarqué"},{"title":"side-loader-forklift","link":"http://wp-prd.trademachines.com/fr/tm-category/chariots-a-chargement-lateral-4-cotes/side-loader-forklift/","guid":"http://wp-prd.trademachines.com/fr/wp-content/uploads/sites/8/2017/03/side-loader-forklift.jpg","post_id":"15253","attachment_url":"http://wp-prd.trademachines.com/fr/wp-content/uploads/sites/8/2017/03/side-loader-forklift.jpg","alt":"Chariot élévateur à chargement latéral 4 côtés"},{"title":"3-wheel-electric-forklift","link":"http://wp-prd.trademachines.com/fr/tm-category/chariots-elevateurs/chariots-elevateurs-frontaux/chariots-elevateurs-electriques-a-3-roues/3-wheel-electric-forklift/","guid":"http://wp-prd.trademachines.com/fr/wp-content/uploads/sites/8/2016/01/3-wheel-electric-forklift.jpg","post_id":"15261","attachment_url":"http://wp-prd.trademachines.com/fr/wp-content/uploads/sites/8/2016/01/3-wheel-electric-forklift.jpg","alt":"3-wheel-electric-forklift"},{"title":"HYUNDAI-3-Wheel-Electric-Forklift-1024x1013","link":"http://wp-prd.trademachines.com/fr/tm-category/chariots-elevateurs/chariots-elevateurs-frontaux/chariots-elevateurs-electriques-a-3-roues/hyundai-3-wheel-electric-forklift-1024x1013/","guid":"http://wp-prd.trademachines.com/fr/wp-content/uploads/sites/8/2016/01/HYUNDAI-3-Wheel-Electric-Forklift-1024x1013.jpg","post_id":"15262","attachment_url":"http://wp-prd.trademachines.com/fr/wp-content/uploads/sites/8/2016/01/HYUNDAI-3-Wheel-Electric-Forklift-1024x1013.jpg","alt":"Chariot élévateur électrique à 3 roues d'occasion sur TradeMachines"},{"title":"Kalmar_Peinemann_reach_stacker","link":"http://wp-prd.trademachines.com/fr/tm-category/chariots-a-mat-retractable/kalmar_peinemann_reach_stacker/","guid":"http://wp-prd.trademachines.com/fr/wp-content/uploads/sites/8/2016/01/Kalmar_Peinemann_reach_stacker.jpg","post_id":"15306","attachment_url":"http://wp-prd.trademachines.com/fr/wp-content/uploads/sites/8/2016/01/Kalmar_Peinemann_reach_stacker.jpg","alt":"Chariot elevateur à mat rétractable"},{"title":"hyster-chariot-retractable-trademachines","link":"http://wp-prd.trademachines.com/fr/tm-category/chariots-a-mat-retractable/hyster-chariot-retractable-trademachines/","guid":"http://wp-prd.trademachines.com/fr/wp-content/uploads/sites/8/2016/01/hyster-chariot-retractable-trademachines.png","post_id":"15307","attachment_url":"http://wp-prd.trademachines.com/fr/wp-content/uploads/sites/8/2016/01/hyster-chariot-retractable-trademachines.png","alt":"Chariot rétractable d'occasion hyster"},{"title":"elektro-hubwagen-jungheinrich-eje-114-116-118-120--126850--470x470--p","link":"http://wp-prd.trademachines.com/fr/tm-category/materiels-dentreposage/transpalettes/elektro-hubwagen-jungheinrich-eje-114-116-118-120-126850-470x470-p/","guid":"http://wp-prd.trademachines.com/fr/wp-content/uploads/sites/8/2016/01/elektro-hubwagen-jungheinrich-eje-114-116-118-120-126850-470x470-p.jpg","post_id":"15316","attachment_url":"http://wp-prd.trademachines.com/fr/wp-content/uploads/sites/8/2016/01/elektro-hubwagen-jungheinrich-eje-114-116-118-120-126850-470x470-p.jpg","alt":"Transpalette electrique jungheinrich sur trademachines"},{"title":"H40-50XM-16CH-Laden-Container-Handler-App2","link":"http://wp-prd.trademachines.com/fr/tm-category/chariots-a-mat-retractable/h40-50xm-16ch-laden-container-handler-app2/","guid":"http://wp-prd.trademachines.com/fr/wp-content/uploads/sites/8/2016/01/H40-50XM-16CH-Laden-Container-Handler-App2.png","post_id":"15319","attachment_url":"http://wp-prd.trademachines.com/fr/wp-content/uploads/sites/8/2016/01/H40-50XM-16CH-Laden-Container-Handler-App2.png","alt":"Chariot élévateur porte conteneur sur Trademachines"},{"title":"lift a pallet with a high lift forklift","link":"http://wp-prd.trademachines.com/fr/tm-category/materiels-dentreposage/chariots-elevateurs-a-grande-levee/lift-a-pallet-with-a-high-lift-forklift/","guid":"http://wp-prd.trademachines.com/fr/wp-content/uploads/sites/8/2016/01/lift-a-pallet-with-a-high-lift-forklift.jpg","post_id":"15325","attachment_url":"http://wp-prd.trademachines.com/fr/wp-content/uploads/sites/8/2016/01/lift-a-pallet-with-a-high-lift-forklift.jpg","alt":"lift a pallet with a high lift forklift"},{"title":"Chariot élévateur à grande levée dans les rayonnages","link":"http://wp-prd.trademachines.com/fr/tm-category/materiels-dentreposage/chariots-elevateurs-a-grande-levee/high-reach-forklift-in-a-warehouse/","guid":"http://wp-prd.trademachines.com/fr/wp-content/uploads/sites/8/2016/01/high-reach-forklift-in-a-warehouse.jpg","post_id":"15326","attachment_url":"http://wp-prd.trademachines.com/fr/wp-content/uploads/sites/8/2016/01/high-reach-forklift-in-a-warehouse.jpg","alt":"Gerbeurs à grande levée - matériel d'entreposage sur TradeMachines"},{"title":"Chariot élévateur gros tonnage","link":"http://wp-prd.trademachines.com/fr/tm-category/chariots-elevateurs-gros-tonnage/heavy-duty-forklift/","guid":"http://wp-prd.trademachines.com/fr/wp-content/uploads/sites/8/2016/01/heavy-duty-forklift.jpg","post_id":"15337","attachment_url":"http://wp-prd.trademachines.com/fr/wp-content/uploads/sites/8/2016/01/heavy-duty-forklift.jpg","alt":"Achat d'un chariot élévateur gros tonnage d'occasion sur Trademachines"},{"title":"Chariot à fourche au butane","link":"http://wp-prd.trademachines.com/fr/tm-category/chariots-elevateurs-speciaux/chariots-elevateurs-gpl/lpg-forklift/","guid":"http://wp-prd.trademachines.com/fr/wp-content/uploads/sites/8/2016/01/lpg-forklift.jpg","post_id":"15340","attachment_url":"http://wp-prd.trademachines.com/fr/wp-content/uploads/sites/8/2016/01/lpg-forklift.jpg","alt":"Chariot à fourche au butane"},{"title":"Chariot propane","link":"http://wp-prd.trademachines.com/fr/tm-category/chariots-elevateurs-speciaux/chariots-elevateurs-gpl/lpg-gas-forklift/","guid":"http://wp-prd.trademachines.com/fr/wp-content/uploads/sites/8/2016/01/lpg-gas-forklift.jpg","post_id":"15341","attachment_url":"http://wp-prd.trademachines.com/fr/wp-content/uploads/sites/8/2016/01/lpg-gas-forklift.jpg","alt":"Chariot élévateur GPL d'occasion sur Trademachines"},{"title":"Wheel-Electric-Counterbalanced-Main","link":"http://wp-prd.trademachines.com/fr/tm-category/chariots-elevateurs/chariots-elevateurs-frontaux/chariots-elevateurs-electriques-a-4-roues/wheel-electric-counterbalanced-main/","guid":"http://wp-prd.trademachines.com/fr/wp-content/uploads/sites/8/2016/01/Wheel-Electric-Counterbalanced-Main.png","post_id":"15359","attachment_url":"http://wp-prd.trademachines.com/fr/wp-content/uploads/sites/8/2016/01/Wheel-Electric-Counterbalanced-Main.png","alt":"Chariot élévateur électrique 4 roues d'occasion sur trademachines"},{"title":"preparateur_de_commandes_V_Modular_entrepot_FENWICK_4099_169_BX_1x1w320","link":"http://wp-prd.trademachines.com/fr/tm-category/preparateurs-de-commandes/gerbeurs-electriques-a-haute-levee/preparateur_de_commandes_v_modular_entrepot_fenwick_4099_169_bx_1x1w320/","guid":"http://wp-prd.trademachines.com/fr/wp-content/uploads/sites/8/2016/01/preparateur_de_commandes_V_Modular_entrepot_FENWICK_4099_169_BX_1x1w320.jpg","post_id":"15362","attachment_url":"http://wp-prd.trademachines.com/fr/wp-content/uploads/sites/8/2016/01/preparateur_de_commandes_V_Modular_entrepot_FENWICK_4099_169_BX_1x1w320.jpg","alt":"Préparateur de commande à grande levée d'occasion - Trademachines"},{"title":"electric platform truck","link":"http://wp-prd.trademachines.com/fr/tm-category/chariots-electriques-a-plateforme/electric-platform-truck/","guid":"http://wp-prd.trademachines.com/fr/wp-content/uploads/sites/8/2016/01/electric-platform-truck.jpg","post_id":"15368","attachment_url":"http://wp-prd.trademachines.com/fr/wp-content/uploads/sites/8/2016/01/electric-platform-truck.jpg","alt":"chariot électrique à plateforme d'occasion - TradeMachines"},{"title":"En pleine action dans l'entrepôt","link":"http://wp-prd.trademachines.com/fr/tm-category/chariots-elevateurs-a-fourche-recouvrante/used-narrow-aisle-forklift/","guid":"http://wp-prd.trademachines.com/fr/wp-content/uploads/sites/8/2016/01/used-narrow-aisle-forklift.jpg","post_id":"15376","attachment_url":"http://wp-prd.trademachines.com/fr/wp-content/uploads/sites/8/2016/01/used-narrow-aisle-forklift.jpg","alt":"Chariot élévateur à couloir étroit d'occasion - TradeMachines"},{"title":"chariot-retractable-rr-rd-performance","link":"http://wp-prd.trademachines.com/fr/tm-category/chariots-elevateurs-a-fourche-recouvrante/chariot-retractable-rr-rd-performance/","guid":"http://wp-prd.trademachines.com/fr/wp-content/uploads/sites/8/2016/01/chariot-retractable-rr-rd-performance.jpg","post_id":"15377","attachment_url":"http://wp-prd.trademachines.com/fr/wp-content/uploads/sites/8/2016/01/chariot-retractable-rr-rd-performance.jpg","alt":"Chariot élévateur à couloir étroit d'occasion - TradeMachines"},{"title":"chariot-retractable-rr-rd-confort","link":"http://wp-prd.trademachines.com/fr/tm-category/chariots-elevateurs-a-fourche-recouvrante/chariot-retractable-rr-rd-confort/","guid":"http://wp-prd.trademachines.com/fr/wp-content/uploads/sites/8/2016/01/chariot-retractable-rr-rd-confort.jpg","post_id":"15378","attachment_url":"http://wp-prd.trademachines.com/fr/wp-content/uploads/sites/8/2016/01/chariot-retractable-rr-rd-confort.jpg","alt":"Chariot à fourche recouvrante d'occasion Crown sur Trademachines"},{"title":"ottawa-4x2-left-cab-tilted","link":"http://wp-prd.trademachines.com/fr/tm-category/tracteurs-industriels/ottawa-4x2-left-cab-tilted/","guid":"http://wp-prd.trademachines.com/fr/wp-content/uploads/sites/8/2016/01/ottawa-4x2-left-cab-tilted.jpg","post_id":"15389","attachment_url":"http://wp-prd.trademachines.com/fr/wp-content/uploads/sites/8/2016/01/ottawa-4x2-left-cab-tilted.jpg","alt":"Tracteurs pour terminaux d'occasion à vendre"},{"title":"tr618i-image-3","link":"http://wp-prd.trademachines.com/fr/tm-category/tracteurs-industriels/tr618i-image-3/","guid":"http://wp-prd.trademachines.com/fr/wp-content/uploads/sites/8/2016/01/tr618i-image-3.jpg","post_id":"15390","attachment_url":"http://wp-prd.trademachines.com/fr/wp-content/uploads/sites/8/2016/01/tr618i-image-3.jpg","alt":"Tracteurs portuaires d'occasion sur Trademachines"},{"title":"low_reach_pallet_pickers_Jungheinrich_EJE220","link":"http://wp-prd.trademachines.com/fr/tm-category/preparateurs-de-commandes/gerbeurs-electriques-a-faible-levee/low_reach_pallet_pickers_jungheinrich_eje220/","guid":"http://wp-prd.trademachines.com/fr/wp-content/uploads/sites/8/2016/01/low_reach_pallet_pickers_Jungheinrich_EJE220.jpg","post_id":"15407","attachment_url":"http://wp-prd.trademachines.com/fr/wp-content/uploads/sites/8/2016/01/low_reach_pallet_pickers_Jungheinrich_EJE220.jpg","alt":"Transpalette à faible encombrement d'occasion à vendre"},{"title":"crown stock picker","link":"http://wp-prd.trademachines.com/fr/tm-category/preparateurs-de-commandes/crown-stock-picker/","guid":"http://wp-prd.trademachines.com/fr/wp-content/uploads/sites/8/2016/01/crown-stock-picker.jpg","post_id":"15451","attachment_url":"http://wp-prd.trademachines.com/fr/wp-content/uploads/sites/8/2016/01/crown-stock-picker.jpg","alt":"Préparateur de commande Crown d'occasion"},{"title":"order pickers","link":"http://wp-prd.trademachines.com/fr/tm-category/preparateurs-de-commandes/order-pickers/","guid":"http://wp-prd.trademachines.com/fr/wp-content/uploads/sites/8/2016/01/order-pickers.jpg","post_id":"15453","attachment_url":"http://wp-prd.trademachines.com/fr/wp-content/uploads/sites/8/2016/01/order-pickers.jpg","alt":"Préparateur de commande à vendre sur TradeMachines"},{"title":"Hubtex","link":"http://wp-prd.trademachines.com/fr/tm-category/chariots-a-chargement-lateral-4-cotes/hubtex/","guid":"http://wp-prd.trademachines.com/fr/wp-content/uploads/sites/8/2017/03/Hubtex.jpg","post_id":"15459","attachment_url":"http://wp-prd.trademachines.com/fr/wp-content/uploads/sites/8/2017/03/Hubtex.jpg","alt":"Chariot élévateur multidirectionnel d'occasion TradeMachines"},{"title":"Chariot élévateur quadri directionnel Hubtex","link":"http://wp-prd.trademachines.com/fr/tm-category/chariots-a-chargement-lateral-4-cotes/elektro-mehrwege-seitenstapler-frei/","guid":"http://wp-prd.trademachines.com/fr/wp-content/uploads/sites/8/2017/03/Elektro-Mehrwege-Seitenstapler-frei.jpg","post_id":"15460","attachment_url":"http://wp-prd.trademachines.com/fr/wp-content/uploads/sites/8/2017/03/Elektro-Mehrwege-Seitenstapler-frei.jpg","alt":"Chariot élévateur à chargement latéral 4 côtés d'occasion"},{"title":"BT SRE 135-SitOnStackers","link":"http://wp-prd.trademachines.com/fr/tm-category/chariots-elevateurs-a-conducteur-porte-assis/bt-sre-135-sitonstackers/","guid":"http://wp-prd.trademachines.com/fr/wp-content/uploads/sites/8/2016/01/BT-SRE-135-SitOnStackers.png","post_id":"15467","attachment_url":"http://wp-prd.trademachines.com/fr/wp-content/uploads/sites/8/2016/01/BT-SRE-135-SitOnStackers.png","alt":"Chariot élévateur à conducteur porté assis d'occasion"},{"title":"logo_aurena_StartPage_kleiner","link":"http://wp-prd.trademachines.com/fr/logo_aurena_startpage_kleiner/","guid":"http://wp-prd.trademachines.com/fr/wp-content/uploads/sites/8/2021/01/logo_aurena_StartPage_kleiner.jpg","post_id":"16962","attachment_url":"http://wp-prd.trademachines.com/fr/wp-content/uploads/sites/8/2021/01/logo_aurena_StartPage_kleiner.jpg","alt":"logo_aurena_StartPage_kleiner"},{"title":"Evaluer-prix-machines-occasion-TradeMachines","link":"http://wp-prd.trademachines.com/fr/tm-content/machine-market-price-seo/evaluer-prix-machines-occasion-trademachines/","guid":"http://wp-prd.trademachines.com/fr/wp-content/uploads/sites/8/2021/11/Evaluer-prix-machines-occasion-TradeMachines.jpg","post_id":"17162","attachment_url":"http://wp-prd.trademachines.com/fr/wp-content/uploads/sites/8/2021/11/Evaluer-prix-machines-occasion-TradeMachines.jpg","alt":"Comment estimer le prix des machines d'occasion ?"}]