[{"title":"Search Box_IT","link":"http://wp-prd.trademachines.com/it/search-box_it/","guid":"http://trademachines.com/it/wp-content/uploads/sites/9/2017/01/Search-Box_IT.png","post_id":"2783","attachment_url":"http://wp-prd.trademachines.com/it/wp-content/uploads/sites/9/2017/01/Search-Box_IT.png","alt":"Search Box_IT"},{"title":"JohnDeere(2)","link":"http://wp-prd.trademachines.com/it/tm-content/homepage-seo-content-box/johndeere2/","guid":"http://wp-prd.trademachines.com/it/wp-content/uploads/sites/9/2016/03/JohnDeere2.jpg","post_id":"4583","attachment_url":"http://wp-prd.trademachines.com/it/wp-content/uploads/sites/9/2016/03/JohnDeere2.jpg","alt":"JohnDeere(2)"},{"title":"CAT","link":"http://wp-prd.trademachines.com/it/tm-content/homepage-seo-content-box/cat/","guid":"http://wp-prd.trademachines.com/it/wp-content/uploads/sites/9/2016/03/CAT.jpg","post_id":"4584","attachment_url":"http://wp-prd.trademachines.com/it/wp-content/uploads/sites/9/2016/03/CAT.jpg","alt":"CAT"},{"title":"Claas","link":"http://wp-prd.trademachines.com/it/tm-content/homepage-seo-content-box/claas-2/","guid":"http://wp-prd.trademachines.com/it/wp-content/uploads/sites/9/2016/03/Claas.jpg","post_id":"4585","attachment_url":"http://wp-prd.trademachines.com/it/wp-content/uploads/sites/9/2016/03/Claas.jpg","alt":"Claas"},{"title":"Ford","link":"http://wp-prd.trademachines.com/it/tm-content/homepage-seo-content-box/ford/","guid":"http://wp-prd.trademachines.com/it/wp-content/uploads/sites/9/2016/03/Ford.jpg","post_id":"4586","attachment_url":"http://wp-prd.trademachines.com/it/wp-content/uploads/sites/9/2016/03/Ford.jpg","alt":"Ford"},{"title":"Volvo","link":"http://wp-prd.trademachines.com/it/tm-content/homepage-seo-content-box/volvo/","guid":"http://wp-prd.trademachines.com/it/wp-content/uploads/sites/9/2016/03/Volvo.jpg","post_id":"4587","attachment_url":"http://wp-prd.trademachines.com/it/wp-content/uploads/sites/9/2016/03/Volvo.jpg","alt":"Volvo"},{"title":"Dechow","link":"http://wp-prd.trademachines.com/it/tm-content/homepage-seo-content-box/dechow-3/","guid":"http://wp-prd.trademachines.com/it/wp-content/uploads/sites/9/2016/03/Dechow.jpg","post_id":"4588","attachment_url":"http://wp-prd.trademachines.com/it/wp-content/uploads/sites/9/2016/03/Dechow.jpg","alt":"Dechow"},{"title":"Ritchie","link":"http://wp-prd.trademachines.com/it/tm-content/homepage-seo-content-box/ritchie/","guid":"http://wp-prd.trademachines.com/it/wp-content/uploads/sites/9/2016/03/Ritchie.jpg","post_id":"4589","attachment_url":"http://wp-prd.trademachines.com/it/wp-content/uploads/sites/9/2016/03/Ritchie.jpg","alt":"Ritchie"},{"title":"Surplex","link":"http://wp-prd.trademachines.com/it/tm-content/homepage-seo-content-box/surplex-3/","guid":"http://wp-prd.trademachines.com/it/wp-content/uploads/sites/9/2016/03/Surplex.jpg","post_id":"4590","attachment_url":"http://wp-prd.trademachines.com/it/wp-content/uploads/sites/9/2016/03/Surplex.jpg","alt":"Surplex"},{"title":"KarnerDechow","link":"http://wp-prd.trademachines.com/it/tm-content/homepage-seo-content-box/karnerdechow-2/","guid":"http://wp-prd.trademachines.com/it/wp-content/uploads/sites/9/2016/03/KarnerDechow.jpg","post_id":"4591","attachment_url":"http://wp-prd.trademachines.com/it/wp-content/uploads/sites/9/2016/03/KarnerDechow.jpg","alt":"KarnerDechow"},{"title":"Troostwjik","link":"http://wp-prd.trademachines.com/it/tm-content/homepage-seo-content-box/troostwjik/","guid":"http://wp-prd.trademachines.com/it/wp-content/uploads/sites/9/2016/03/Troostwjik.jpg","post_id":"4592","attachment_url":"http://wp-prd.trademachines.com/it/wp-content/uploads/sites/9/2016/03/Troostwjik.jpg","alt":"Troostwjik"},{"title":"bva","link":"http://wp-prd.trademachines.com/it/tm-content/homepage-seo-content-box/bva/","guid":"http://wp-prd.trademachines.com/it/wp-content/uploads/sites/9/2016/03/bva.jpg","post_id":"4634","attachment_url":"http://wp-prd.trademachines.com/it/wp-content/uploads/sites/9/2016/03/bva.jpg","alt":"bva"},{"title":"dmg-mori","link":"http://wp-prd.trademachines.com/it/tm-content/homepage-seo-content-box/dmg-mori-2/","guid":"http://wp-prd.trademachines.com/it/wp-content/uploads/sites/9/2016/03/dmg-mori.jpg","post_id":"4635","attachment_url":"http://wp-prd.trademachines.com/it/wp-content/uploads/sites/9/2016/03/dmg-mori.jpg","alt":"dmg-mori"},{"title":"escrapalia","link":"http://wp-prd.trademachines.com/it/tm-content/homepage-seo-content-box/escrapalia-2/","guid":"http://wp-prd.trademachines.com/it/wp-content/uploads/sites/9/2016/03/escrapalia.jpg","post_id":"4636","attachment_url":"http://wp-prd.trademachines.com/it/wp-content/uploads/sites/9/2016/03/escrapalia.jpg","alt":"escrapalia"},{"title":"ex-factory","link":"http://wp-prd.trademachines.com/it/tm-content/homepage-seo-content-box/ex-factory-2/","guid":"http://wp-prd.trademachines.com/it/wp-content/uploads/sites/9/2016/03/ex-factory.jpg","post_id":"4637","attachment_url":"http://wp-prd.trademachines.com/it/wp-content/uploads/sites/9/2016/03/ex-factory.jpg","alt":"ex-factory"},{"title":"fed-quip-company","link":"http://wp-prd.trademachines.com/it/tm-content/homepage-seo-content-box/fed-quip-company/","guid":"http://wp-prd.trademachines.com/it/wp-content/uploads/sites/9/2016/03/fed-quip-company.jpg","post_id":"4638","attachment_url":"http://wp-prd.trademachines.com/it/wp-content/uploads/sites/9/2016/03/fed-quip-company.jpg","alt":"fed-quip-company"},{"title":"gehl","link":"http://wp-prd.trademachines.com/it/tm-content/homepage-seo-content-box/gehl/","guid":"http://wp-prd.trademachines.com/it/wp-content/uploads/sites/9/2016/03/gehl.jpg","post_id":"4639","attachment_url":"http://wp-prd.trademachines.com/it/wp-content/uploads/sites/9/2016/03/gehl.jpg","alt":"gehl"},{"title":"hoechsmann","link":"http://wp-prd.trademachines.com/it/tm-content/homepage-seo-content-box/hoechsmann/","guid":"http://wp-prd.trademachines.com/it/wp-content/uploads/sites/9/2016/03/hoechsmann.jpg","post_id":"4640","attachment_url":"http://wp-prd.trademachines.com/it/wp-content/uploads/sites/9/2016/03/hoechsmann.jpg","alt":"hoechsmann"},{"title":"homag","link":"http://wp-prd.trademachines.com/it/tm-content/homepage-seo-content-box/homag/","guid":"http://wp-prd.trademachines.com/it/wp-content/uploads/sites/9/2016/03/homag.jpg","post_id":"4641","attachment_url":"http://wp-prd.trademachines.com/it/wp-content/uploads/sites/9/2016/03/homag.jpg","alt":"homag"},{"title":"ivg","link":"http://wp-prd.trademachines.com/it/tm-content/homepage-seo-content-box/ivg-2/","guid":"http://wp-prd.trademachines.com/it/wp-content/uploads/sites/9/2016/03/ivg.jpg","post_id":"4642","attachment_url":"http://wp-prd.trademachines.com/it/wp-content/uploads/sites/9/2016/03/ivg.jpg","alt":"ivg"},{"title":"JCB","link":"http://wp-prd.trademachines.com/it/tm-content/homepage-seo-content-box/jcb/","guid":"http://wp-prd.trademachines.com/it/wp-content/uploads/sites/9/2016/03/JCB.jpg","post_id":"4643","attachment_url":"http://wp-prd.trademachines.com/it/wp-content/uploads/sites/9/2016/03/JCB.jpg","alt":"JCB"},{"title":"komatsu","link":"http://wp-prd.trademachines.com/it/tm-content/homepage-seo-content-box/komatsu/","guid":"http://wp-prd.trademachines.com/it/wp-content/uploads/sites/9/2016/03/komatsu.jpg","post_id":"4644","attachment_url":"http://wp-prd.trademachines.com/it/wp-content/uploads/sites/9/2016/03/komatsu.jpg","alt":"komatsu"},{"title":"kramer","link":"http://wp-prd.trademachines.com/it/tm-content/homepage-seo-content-box/kramer/","guid":"http://wp-prd.trademachines.com/it/wp-content/uploads/sites/9/2016/03/kramer.jpg","post_id":"4645","attachment_url":"http://wp-prd.trademachines.com/it/wp-content/uploads/sites/9/2016/03/kramer.jpg","alt":"kramer"},{"title":"kuhn","link":"http://wp-prd.trademachines.com/it/tm-content/homepage-seo-content-box/kuhn/","guid":"http://wp-prd.trademachines.com/it/wp-content/uploads/sites/9/2016/03/kuhn.jpg","post_id":"4646","attachment_url":"http://wp-prd.trademachines.com/it/wp-content/uploads/sites/9/2016/03/kuhn.jpg","alt":"kuhn"},{"title":"kuka","link":"http://wp-prd.trademachines.com/it/tm-content/homepage-seo-content-box/kuka/","guid":"http://wp-prd.trademachines.com/it/wp-content/uploads/sites/9/2016/03/kuka.jpg","post_id":"4647","attachment_url":"http://wp-prd.trademachines.com/it/wp-content/uploads/sites/9/2016/03/kuka.jpg","alt":"kuka"},{"title":"linde","link":"http://wp-prd.trademachines.com/it/tm-content/homepage-seo-content-box/linde/","guid":"http://wp-prd.trademachines.com/it/wp-content/uploads/sites/9/2016/03/linde.jpg","post_id":"4648","attachment_url":"http://wp-prd.trademachines.com/it/wp-content/uploads/sites/9/2016/03/linde.jpg","alt":"linde"},{"title":"liquidity-service","link":"http://wp-prd.trademachines.com/it/tm-content/homepage-seo-content-box/liquidity-service/","guid":"http://wp-prd.trademachines.com/it/wp-content/uploads/sites/9/2016/03/liquidity-service.jpg","post_id":"4649","attachment_url":"http://wp-prd.trademachines.com/it/wp-content/uploads/sites/9/2016/03/liquidity-service.jpg","alt":"liquidity-service"},{"title":"mazak","link":"http://wp-prd.trademachines.com/it/tm-content/homepage-seo-content-box/mazak/","guid":"http://wp-prd.trademachines.com/it/wp-content/uploads/sites/9/2016/03/mazak.jpg","post_id":"4650","attachment_url":"http://wp-prd.trademachines.com/it/wp-content/uploads/sites/9/2016/03/mazak.jpg","alt":"mazak"},{"title":"perfection","link":"http://wp-prd.trademachines.com/it/tm-content/homepage-seo-content-box/perfection/","guid":"http://wp-prd.trademachines.com/it/wp-content/uploads/sites/9/2016/03/perfection.jpg","post_id":"4651","attachment_url":"http://wp-prd.trademachines.com/it/wp-content/uploads/sites/9/2016/03/perfection.jpg","alt":"perfection"},{"title":"perlick","link":"http://wp-prd.trademachines.com/it/tm-content/homepage-seo-content-box/perlick-2/","guid":"http://wp-prd.trademachines.com/it/wp-content/uploads/sites/9/2016/03/perlick.jpg","post_id":"4652","attachment_url":"http://wp-prd.trademachines.com/it/wp-content/uploads/sites/9/2016/03/perlick.jpg","alt":"perlick"},{"title":"proventura","link":"http://wp-prd.trademachines.com/it/tm-content/homepage-seo-content-box/proventura-2/","guid":"http://wp-prd.trademachines.com/it/wp-content/uploads/sites/9/2016/03/proventura.jpg","post_id":"4653","attachment_url":"http://wp-prd.trademachines.com/it/wp-content/uploads/sites/9/2016/03/proventura.jpg","alt":"proventura"},{"title":"renault","link":"http://wp-prd.trademachines.com/it/tm-content/homepage-seo-content-box/renault/","guid":"http://wp-prd.trademachines.com/it/wp-content/uploads/sites/9/2016/03/renault.jpg","post_id":"4654","attachment_url":"http://wp-prd.trademachines.com/it/wp-content/uploads/sites/9/2016/03/renault.jpg","alt":"renault"},{"title":"rwz","link":"http://wp-prd.trademachines.com/it/tm-content/homepage-seo-content-box/rwz/","guid":"http://wp-prd.trademachines.com/it/wp-content/uploads/sites/9/2016/03/rwz.jpg","post_id":"4655","attachment_url":"http://wp-prd.trademachines.com/it/wp-content/uploads/sites/9/2016/03/rwz.jpg","alt":"rwz"},{"title":"still","link":"http://wp-prd.trademachines.com/it/tm-content/homepage-seo-content-box/still/","guid":"http://wp-prd.trademachines.com/it/wp-content/uploads/sites/9/2016/03/still.jpg","post_id":"4656","attachment_url":"http://wp-prd.trademachines.com/it/wp-content/uploads/sites/9/2016/03/still.jpg","alt":"still"},{"title":"zeppelin_cat","link":"http://wp-prd.trademachines.com/it/tm-content/homepage-seo-content-box/zeppelin_cat/","guid":"http://wp-prd.trademachines.com/it/wp-content/uploads/sites/9/2016/03/zeppelin_cat.jpg","post_id":"4657","attachment_url":"http://wp-prd.trademachines.com/it/wp-content/uploads/sites/9/2016/03/zeppelin_cat.jpg","alt":"zeppelin_cat"},{"title":"Auto-Räder","link":"http://wp-prd.trademachines.com/it/tm-category/autovetture/auto-rader/","guid":"http://wp-prd.trademachines.com/it/wp-content/uploads/sites/9/2016/03/Auto-Räder.jpg","post_id":"5550","attachment_url":"http://wp-prd.trademachines.com/it/wp-content/uploads/sites/9/2016/03/Auto-Räder.jpg","alt":"Auto-Räder"},{"title":"logo_aurena_StartPage_kleiner","link":"http://wp-prd.trademachines.com/it/logo_aurena_startpage_kleiner/","guid":"http://wp-prd.trademachines.com/it/wp-content/uploads/sites/9/2021/01/logo_aurena_StartPage_kleiner.jpg","post_id":"8410","attachment_url":"http://wp-prd.trademachines.com/it/wp-content/uploads/sites/9/2021/01/logo_aurena_StartPage_kleiner.jpg","alt":"logo_aurena_StartPage_kleiner"}]