[{"title":"landwirtschaft_guelletechnik-300x162","link":"http://wp-prd.trademachines.com/pl/tm-category/agrokultura/landwirtschaft_guelletechnik-300x162/","guid":"http://wp-prd.trademachines.com/pl/wp-content/uploads/sites/13/2018/11/landwirtschaft_guelletechnik-300x162.jpg","post_id":"4398","attachment_url":"http://wp-prd.trademachines.com/pl/wp-content/uploads/sites/13/2018/11/landwirtschaft_guelletechnik-300x162.jpg","alt":"Technologia transportu i rozlewania gnojowicy"},{"title":"maehdrescher_claas-300x148","link":"http://wp-prd.trademachines.com/pl/tm-category/agrokultura/maehdrescher_claas-300x148/","guid":"http://wp-prd.trademachines.com/pl/wp-content/uploads/sites/13/2018/11/maehdrescher_claas-300x148.jpg","post_id":"4399","attachment_url":"http://wp-prd.trademachines.com/pl/wp-content/uploads/sites/13/2018/11/maehdrescher_claas-300x148.jpg","alt":"Kombajn zbożowy marki CLAAS"},{"title":"M_C_gabelstapler-300x200-1-300x200","link":"http://wp-prd.trademachines.com/pl/tm-category/wozki-widlowe/m_c_gabelstapler-300x200-1-300x200/","guid":"http://wp-prd.trademachines.com/pl/wp-content/uploads/sites/13/2018/11/M_C_gabelstapler-300x200-1-300x200.jpg","post_id":"4469","attachment_url":"http://wp-prd.trademachines.com/pl/wp-content/uploads/sites/13/2018/11/M_C_gabelstapler-300x200-1-300x200.jpg","alt":"Wózek widłowy M&C w magazynie"},{"title":"STILL_gabelstapler_elektro-272x300-1-272x300","link":"http://wp-prd.trademachines.com/pl/tm-category/wozki-widlowe/still_gabelstapler_elektro-272x300-1-272x300/","guid":"http://wp-prd.trademachines.com/pl/wp-content/uploads/sites/13/2018/11/STILL_gabelstapler_elektro-272x300-1-272x300.jpg","post_id":"4470","attachment_url":"http://wp-prd.trademachines.com/pl/wp-content/uploads/sites/13/2018/11/STILL_gabelstapler_elektro-272x300-1-272x300.jpg","alt":"Elektryczny wózek widłowy STILL"},{"title":"Gabelstapler-1-300x160","link":"http://wp-prd.trademachines.com/pl/tm-category/wozki-widlowe/gabelstapler-1-300x160/","guid":"http://wp-prd.trademachines.com/pl/wp-content/uploads/sites/13/2018/11/Gabelstapler-1-300x160.jpg","post_id":"4471","attachment_url":"http://wp-prd.trademachines.com/pl/wp-content/uploads/sites/13/2018/11/Gabelstapler-1-300x160.jpg","alt":"Wózek widłowy"},{"title":"Zetor_7441","link":"http://wp-prd.trademachines.com/pl/tm-category/traktory-i-ciagniki-rolnicze/zetor_7441/","guid":"http://wp-prd.trademachines.com/pl/wp-content/uploads/sites/13/2018/11/Zetor_7441.jpg","post_id":"4474","attachment_url":"http://wp-prd.trademachines.com/pl/wp-content/uploads/sites/13/2018/11/Zetor_7441.jpg","alt":"Traktor Zetor 7441"},{"title":"Traktor_Steyr_CVT_6180","link":"http://wp-prd.trademachines.com/pl/tm-category/traktory-i-ciagniki-rolnicze/traktor_steyr_cvt_6180/","guid":"http://wp-prd.trademachines.com/pl/wp-content/uploads/sites/13/2018/11/Traktor_Steyr_CVT_6180.jpg","post_id":"4475","attachment_url":"http://wp-prd.trademachines.com/pl/wp-content/uploads/sites/13/2018/11/Traktor_Steyr_CVT_6180.jpg","alt":"Traktor Steyr CVT 6180"},{"title":"traktor_john_deere_6M_1-300x205","link":"http://wp-prd.trademachines.com/pl/tm-category/traktory-i-ciagniki-rolnicze/traktor_john_deere_6m_1-300x205/","guid":"http://wp-prd.trademachines.com/pl/wp-content/uploads/sites/13/2018/11/traktor_john_deere_6M_1-300x205.png","post_id":"4476","attachment_url":"http://wp-prd.trademachines.com/pl/wp-content/uploads/sites/13/2018/11/traktor_john_deere_6M_1-300x205.png","alt":"Gebrauchte Traktoren sind sehr beliebt da sie oft noch jahrelang nutzbar sind"},{"title":"claas-xerion-5000","link":"http://wp-prd.trademachines.com/pl/tm-category/traktory-i-ciagniki-rolnicze/claas-xerion-5000/","guid":"http://wp-prd.trademachines.com/pl/wp-content/uploads/sites/13/2018/11/claas-xerion-5000.jpg","post_id":"4477","attachment_url":"http://wp-prd.trademachines.com/pl/wp-content/uploads/sites/13/2018/11/claas-xerion-5000.jpg","alt":"Der CLAAS Xerion 5000 Traktor"},{"title":"der-Mähdrescher-300x141","link":"http://wp-prd.trademachines.com/pl/tm-category/kombajny/der-ma%cc%88hdrescher-300x141/","guid":"http://wp-prd.trademachines.com/pl/wp-content/uploads/sites/13/2018/11/der-Mähdrescher-300x141.jpg","post_id":"4495","attachment_url":"http://wp-prd.trademachines.com/pl/wp-content/uploads/sites/13/2018/11/der-Mähdrescher-300x141.jpg","alt":"Heder kombajnu"},{"title":"Mähdrescher-im-Einsatz-300x139","link":"http://wp-prd.trademachines.com/pl/tm-category/kombajny/ma%cc%88hdrescher-im-einsatz-300x139/","guid":"http://wp-prd.trademachines.com/pl/wp-content/uploads/sites/13/2018/11/Mähdrescher-im-Einsatz-300x139.jpg","post_id":"4496","attachment_url":"http://wp-prd.trademachines.com/pl/wp-content/uploads/sites/13/2018/11/Mähdrescher-im-Einsatz-300x139.jpg","alt":"Hader kombajnu."},{"title":"Mähdrescher","link":"http://wp-prd.trademachines.com/pl/tm-category/kombajny/ma%cc%88hdrescher/","guid":"http://wp-prd.trademachines.com/pl/wp-content/uploads/sites/13/2018/11/Mähdrescher.jpg","post_id":"4497","attachment_url":"http://wp-prd.trademachines.com/pl/wp-content/uploads/sites/13/2018/11/Mähdrescher.jpg","alt":"Kombajn."},{"title":"bagger_LIEBHERR_A920-300x222","link":"http://wp-prd.trademachines.com/pl/tm-category/koparki/bagger_liebherr_a920-300x222/","guid":"http://wp-prd.trademachines.com/pl/wp-content/uploads/sites/13/2018/11/bagger_LIEBHERR_A920-300x222.jpg","post_id":"4500","attachment_url":"http://wp-prd.trademachines.com/pl/wp-content/uploads/sites/13/2018/11/bagger_LIEBHERR_A920-300x222.jpg","alt":"Koparka mobilna"},{"title":"Koparka","link":"http://wp-prd.trademachines.com/pl/tm-category/koparki/bagger/","guid":"http://wp-prd.trademachines.com/pl/wp-content/uploads/sites/13/2018/11/bagger.jpg","post_id":"4501","attachment_url":"http://wp-prd.trademachines.com/pl/wp-content/uploads/sites/13/2018/11/bagger.jpg","alt":"Koparka"},{"title":"Spawarki 2","link":"http://wp-prd.trademachines.com/pl/tm-category/maszyny-spawalnicze/spawarki-2/","guid":"http://wp-prd.trademachines.com/pl/wp-content/uploads/sites/13/2018/11/Spawarki-2.jpg","post_id":"4541","attachment_url":"http://wp-prd.trademachines.com/pl/wp-content/uploads/sites/13/2018/11/Spawarki-2.jpg","alt":"Spawarka firmy PROFTEQ"},{"title":"Spawarki","link":"http://wp-prd.trademachines.com/pl/tm-category/maszyny-spawalnicze/spawarki/","guid":"http://wp-prd.trademachines.com/pl/wp-content/uploads/sites/13/2018/11/Spawarki.jpg","post_id":"4542","attachment_url":"http://wp-prd.trademachines.com/pl/wp-content/uploads/sites/13/2018/11/Spawarki.jpg","alt":"ESAB Caddy MIG C200i"},{"title":"Spawarki 3","link":"http://wp-prd.trademachines.com/pl/tm-category/maszyny-spawalnicze/spawarki-3/","guid":"http://wp-prd.trademachines.com/pl/wp-content/uploads/sites/13/2018/11/Spawarki-3.jpg","post_id":"4543","attachment_url":"http://wp-prd.trademachines.com/pl/wp-content/uploads/sites/13/2018/11/Spawarki-3.jpg","alt":"Spawanie przy użyciu ESAB Migmaster 2501"},{"title":"rundschleifmaschine_gebraucht-300x225","link":"http://wp-prd.trademachines.com/pl/tm-category/szlifierki-i-akcesoria-do-szlifierek/rundschleifmaschine_gebraucht-300x225/","guid":"http://wp-prd.trademachines.com/pl/wp-content/uploads/sites/13/2018/11/rundschleifmaschine_gebraucht-300x225.jpg","post_id":"4553","attachment_url":"http://wp-prd.trademachines.com/pl/wp-content/uploads/sites/13/2018/11/rundschleifmaschine_gebraucht-300x225.jpg","alt":"Szlifierka cylindryczna dla przemysłu metalurgicznego."},{"title":"flachschleifmaschine-300x229","link":"http://wp-prd.trademachines.com/pl/tm-category/szlifierki-i-akcesoria-do-szlifierek/flachschleifmaschine-300x229/","guid":"http://wp-prd.trademachines.com/pl/wp-content/uploads/sites/13/2018/11/flachschleifmaschine-300x229.jpg","post_id":"4554","attachment_url":"http://wp-prd.trademachines.com/pl/wp-content/uploads/sites/13/2018/11/flachschleifmaschine-300x229.jpg","alt":"Szlifierka do szlifowania płaszczyzn."},{"title":"bohrwerk-horizontal-300x222","link":"http://wp-prd.trademachines.com/pl/tm-category/wytaczarki/bohrwerk-horizontal-300x222/","guid":"http://wp-prd.trademachines.com/pl/wp-content/uploads/sites/13/2018/11/bohrwerk-horizontal-300x222.jpg","post_id":"4578","attachment_url":"http://wp-prd.trademachines.com/pl/wp-content/uploads/sites/13/2018/11/bohrwerk-horizontal-300x222.jpg","alt":"Wytaczarki są niezwykle potężnymi i masywnymi maszynami, służacymi do precyzyjnej obróbki przedmiotów w produkcji masowej."},{"title":"bohrwerk-horizontal-300x222","link":"http://wp-prd.trademachines.com/pl/tm-category/wytaczarki/bohrwerk-horizontal-300x222-2/","guid":"http://wp-prd.trademachines.com/pl/wp-content/uploads/sites/13/2018/11/bohrwerk-horizontal-300x222-1.jpg","post_id":"4579","attachment_url":"http://wp-prd.trademachines.com/pl/wp-content/uploads/sites/13/2018/11/bohrwerk-horizontal-300x222-1.jpg","alt":"bohrwerk-horizontal-300x222"},{"title":"bohrwerkk-tischbohrwerk","link":"http://wp-prd.trademachines.com/pl/tm-category/wytaczarki/bohrwerkk-tischbohrwerk/","guid":"http://wp-prd.trademachines.com/pl/wp-content/uploads/sites/13/2018/11/bohrwerkk-tischbohrwerk.jpg","post_id":"4580","attachment_url":"http://wp-prd.trademachines.com/pl/wp-content/uploads/sites/13/2018/11/bohrwerkk-tischbohrwerk.jpg","alt":"Wytaczarka stołowa w zakładzie."},{"title":"4-wheel-forklift-300x194","link":"http://wp-prd.trademachines.com/pl/tm-category/elektryczne-wozki-widlowe-4-kolowe/4-wheel-forklift-300x194/","guid":"http://wp-prd.trademachines.com/pl/wp-content/uploads/sites/13/2018/11/4-wheel-forklift-300x194.jpg","post_id":"4605","attachment_url":"http://wp-prd.trademachines.com/pl/wp-content/uploads/sites/13/2018/11/4-wheel-forklift-300x194.jpg","alt":"Czterokołowy wózek widłowy elektryczny."},{"title":"telehandler-300x163","link":"http://wp-prd.trademachines.com/pl/tm-category/teleskopowe-wozki-widlowe-i-osprzet/telehandler-300x163/","guid":"http://wp-prd.trademachines.com/pl/wp-content/uploads/sites/13/2018/11/telehandler-300x163.jpg","post_id":"4617","attachment_url":"http://wp-prd.trademachines.com/pl/wp-content/uploads/sites/13/2018/11/telehandler-300x163.jpg","alt":"Teleskopowy wózek widłowy."},{"title":"JCB-520-40-telescopic.jpg1_-300x233","link":"http://wp-prd.trademachines.com/pl/tm-category/teleskopowe-wozki-widlowe-i-osprzet/jcb-520-40-telescopic-jpg1_-300x233/","guid":"http://wp-prd.trademachines.com/pl/wp-content/uploads/sites/13/2018/11/JCB-520-40-telescopic.jpg1_-300x233.jpg","post_id":"4618","attachment_url":"http://wp-prd.trademachines.com/pl/wp-content/uploads/sites/13/2018/11/JCB-520-40-telescopic.jpg1_-300x233.jpg","alt":"Teleskopowy wózek widłowy JCB 520-40"},{"title":"2_Reach_Stacker_fuer_Leer_Container-300x225","link":"http://wp-prd.trademachines.com/pl/tm-category/wozki-wysokiego-skladowania/2_reach_stacker_fuer_leer_container-300x225/","guid":"http://wp-prd.trademachines.com/pl/wp-content/uploads/sites/13/2018/11/2_Reach_Stacker_fuer_Leer_Container-300x225.jpg","post_id":"4632","attachment_url":"http://wp-prd.trademachines.com/pl/wp-content/uploads/sites/13/2018/11/2_Reach_Stacker_fuer_Leer_Container-300x225.jpg","alt":"Reachstacker do przeładunku pustych kontenerów."},{"title":"5_reach_stacker_Torshavn_300918-300x200","link":"http://wp-prd.trademachines.com/pl/tm-category/wozki-wysokiego-skladowania/5_reach_stacker_torshavn_300918-300x200/","guid":"http://wp-prd.trademachines.com/pl/wp-content/uploads/sites/13/2018/11/5_reach_stacker_Torshavn_300918-300x200.jpg","post_id":"4633","attachment_url":"http://wp-prd.trademachines.com/pl/wp-content/uploads/sites/13/2018/11/5_reach_stacker_Torshavn_300918-300x200.jpg","alt":"Wózek kontenerowy typu reachstacker."},{"title":"index","link":"http://wp-prd.trademachines.com/pl/tm-category/wozki-wysokiego-skladowania/index/","guid":"http://wp-prd.trademachines.com/pl/wp-content/uploads/sites/13/2018/11/index.jpg","post_id":"4634","attachment_url":"http://wp-prd.trademachines.com/pl/wp-content/uploads/sites/13/2018/11/index.jpg","alt":"Reachstacker Kalmar przy przeładunku towarów."},{"title":"Linde_Reach_Stacker-300x225","link":"http://wp-prd.trademachines.com/pl/tm-category/wozki-wysokiego-skladowania/linde_reach_stacker-300x225/","guid":"http://wp-prd.trademachines.com/pl/wp-content/uploads/sites/13/2018/11/Linde_Reach_Stacker-300x225.jpg","post_id":"4635","attachment_url":"http://wp-prd.trademachines.com/pl/wp-content/uploads/sites/13/2018/11/Linde_Reach_Stacker-300x225.jpg","alt":"Reachstacker jednego z wiodących producentów Linde."},{"title":"Terminal-Zugmaschine-mit-gestapelten-Containern-beim-Entladen-des-RoRo-Schiffes-300x200","link":"http://wp-prd.trademachines.com/pl/tm-category/ciagniki-terminalowe/terminal-zugmaschine-mit-gestapelten-containern-beim-entladen-des-roro-schiffes-300x200/","guid":"http://wp-prd.trademachines.com/pl/wp-content/uploads/sites/13/2018/11/Terminal-Zugmaschine-mit-gestapelten-Containern-beim-Entladen-des-RoRo-Schiffes-300x200.jpg","post_id":"4691","attachment_url":"http://wp-prd.trademachines.com/pl/wp-content/uploads/sites/13/2018/11/Terminal-Zugmaschine-mit-gestapelten-Containern-beim-Entladen-des-RoRo-Schiffes-300x200.jpg","alt":"Załadowany ciągnik terminalowy w trakcie rozładunku statku ro-ro."},{"title":"Terminal-Zugmaschine-mit-höhenverstellbarer-Sattelkupplung-300x200","link":"http://wp-prd.trademachines.com/pl/tm-category/ciagniki-terminalowe/terminal-zugmaschine-mit-ho%cc%88henverstellbarer-sattelkupplung-300x200/","guid":"http://wp-prd.trademachines.com/pl/wp-content/uploads/sites/13/2018/11/Terminal-Zugmaschine-mit-höhenverstellbarer-Sattelkupplung-300x200.jpg","post_id":"4692","attachment_url":"http://wp-prd.trademachines.com/pl/wp-content/uploads/sites/13/2018/11/Terminal-Zugmaschine-mit-höhenverstellbarer-Sattelkupplung-300x200.jpg","alt":"Terminalowe ciągniki pociągowe posiadają regulowane na wysokość siodło."},{"title":"Terminal-Zugmaschine-mit-Sattelauflieger--300x200","link":"http://wp-prd.trademachines.com/pl/tm-category/ciagniki-terminalowe/terminal-zugmaschine-mit-sattelauflieger-300x200/","guid":"http://wp-prd.trademachines.com/pl/wp-content/uploads/sites/13/2018/11/Terminal-Zugmaschine-mit-Sattelauflieger-300x200.jpg","post_id":"4693","attachment_url":"http://wp-prd.trademachines.com/pl/wp-content/uploads/sites/13/2018/11/Terminal-Zugmaschine-mit-Sattelauflieger-300x200.jpg","alt":"Ciągnik terminalowy w trakcie transferu naczepy."},{"title":"stage-ese-420-430","link":"http://wp-prd.trademachines.com/pl/tm-category/wozki-niskiego-skladowania/stage-ese-420-430/","guid":"http://wp-prd.trademachines.com/pl/wp-content/uploads/sites/13/2018/11/stage-ese-420-430.jpg","post_id":"4708","attachment_url":"http://wp-prd.trademachines.com/pl/wp-content/uploads/sites/13/2018/11/stage-ese-420-430.jpg","alt":"Wózek do komisjonowania niskiego składowania"},{"title":"Schwerlaststapler-Kalmar-DCD-250-am-Hafen-von-Portocolom-in-Mallorca.-300x169","link":"http://wp-prd.trademachines.com/pl/tm-category/wozki-widlowe-o-duzej-ladownosci/schwerlaststapler-kalmar-dcd-250-am-hafen-von-portocolom-in-mallorca-300x169/","guid":"http://wp-prd.trademachines.com/pl/wp-content/uploads/sites/13/2018/11/Schwerlaststapler-Kalmar-DCD-250-am-Hafen-von-Portocolom-in-Mallorca.-300x169.jpg","post_id":"4763","attachment_url":"http://wp-prd.trademachines.com/pl/wp-content/uploads/sites/13/2018/11/Schwerlaststapler-Kalmar-DCD-250-am-Hafen-von-Portocolom-in-Mallorca.-300x169.jpg","alt":"Wózek widłowy dużego udźwigu Kalmar DCD 250 w porcie Portocolom na Majorce."},{"title":"heavy-duty-forklift-300x165","link":"http://wp-prd.trademachines.com/pl/tm-category/wozki-widlowe-o-duzej-ladownosci/heavy-duty-forklift-300x165/","guid":"http://wp-prd.trademachines.com/pl/wp-content/uploads/sites/13/2018/11/heavy-duty-forklift-300x165.jpg","post_id":"4764","attachment_url":"http://wp-prd.trademachines.com/pl/wp-content/uploads/sites/13/2018/11/heavy-duty-forklift-300x165.jpg","alt":"Wózek widłowy dużego udźwigu w trakcie transportu."},{"title":"ef-6-300x162","link":"http://wp-prd.trademachines.com/pl/tm-category/elektryczne-wozki-widlowe/ef-6-300x162/","guid":"http://wp-prd.trademachines.com/pl/wp-content/uploads/sites/13/2018/11/ef-6-300x162.png","post_id":"4776","attachment_url":"http://wp-prd.trademachines.com/pl/wp-content/uploads/sites/13/2018/11/ef-6-300x162.png","alt":"ef-6-300x162"},{"title":"Elektro-Gabelstapler-300x200","link":"http://wp-prd.trademachines.com/pl/tm-category/elektryczne-wozki-widlowe/elektro-gabelstapler-300x200/","guid":"http://wp-prd.trademachines.com/pl/wp-content/uploads/sites/13/2018/11/Elektro-Gabelstapler-300x200.jpg","post_id":"4777","attachment_url":"http://wp-prd.trademachines.com/pl/wp-content/uploads/sites/13/2018/11/Elektro-Gabelstapler-300x200.jpg","alt":"Elektro-Gabelstapler-300x200"},{"title":"linde-elektrostapler","link":"http://wp-prd.trademachines.com/pl/tm-category/elektryczne-wozki-widlowe/linde-elektrostapler/","guid":"http://wp-prd.trademachines.com/pl/wp-content/uploads/sites/13/2018/11/linde-elektrostapler.jpg","post_id":"4778","attachment_url":"http://wp-prd.trademachines.com/pl/wp-content/uploads/sites/13/2018/11/linde-elektrostapler.jpg","alt":"Wózek widłowy elektryczny LINDE."},{"title":"STILL_Elektro-Gabelstapler-230x300","link":"http://wp-prd.trademachines.com/pl/tm-category/elektryczne-wozki-widlowe/still_elektro-gabelstapler-230x300/","guid":"http://wp-prd.trademachines.com/pl/wp-content/uploads/sites/13/2018/11/STILL_Elektro-Gabelstapler-230x300.jpg","post_id":"4779","attachment_url":"http://wp-prd.trademachines.com/pl/wp-content/uploads/sites/13/2018/11/STILL_Elektro-Gabelstapler-230x300.jpg","alt":"Wózek widłowy elektryczny STILL."},{"title":"TCM__Elektrogabelstapler-300x200","link":"http://wp-prd.trademachines.com/pl/tm-category/elektryczne-wozki-widlowe/tcm__elektrogabelstapler-300x200/","guid":"http://wp-prd.trademachines.com/pl/wp-content/uploads/sites/13/2018/11/TCM__Elektrogabelstapler-300x200.jpg","post_id":"4780","attachment_url":"http://wp-prd.trademachines.com/pl/wp-content/uploads/sites/13/2018/11/TCM__Elektrogabelstapler-300x200.jpg","alt":"Wózek widłowy elektryczny TCM."},{"title":"3-wheel-electric-forklift-e1560864173811-300x225","link":"http://wp-prd.trademachines.com/pl/tm-category/elektryczne-wozki-widlowe-3-kolowe/3-wheel-electric-forklift-e1560864173811-300x225/","guid":"http://wp-prd.trademachines.com/pl/wp-content/uploads/sites/13/2018/11/3-wheel-electric-forklift-e1560864173811-300x225.jpg","post_id":"4791","attachment_url":"http://wp-prd.trademachines.com/pl/wp-content/uploads/sites/13/2018/11/3-wheel-electric-forklift-e1560864173811-300x225.jpg","alt":"3-kołowy elektryczny wózek widłowy marki STILL."},{"title":"HYUNDAI-3-Wheel-Electric-Forklift-1024x1013-300x297","link":"http://wp-prd.trademachines.com/pl/tm-category/elektryczne-wozki-widlowe-3-kolowe/hyundai-3-wheel-electric-forklift-1024x1013-300x297/","guid":"http://wp-prd.trademachines.com/pl/wp-content/uploads/sites/13/2018/11/HYUNDAI-3-Wheel-Electric-Forklift-1024x1013-300x297.jpg","post_id":"4792","attachment_url":"http://wp-prd.trademachines.com/pl/wp-content/uploads/sites/13/2018/11/HYUNDAI-3-Wheel-Electric-Forklift-1024x1013-300x297.jpg","alt":"3-kołowy elektryczny wózek widłowy HYUNDAI."},{"title":"Rückezug","link":"http://wp-prd.trademachines.com/pl/tm-category/spedytorzy/ru%cc%88ckezug/","guid":"http://wp-prd.trademachines.com/pl/wp-content/uploads/sites/13/2018/11/Rückezug.jpg","post_id":"4802","attachment_url":"http://wp-prd.trademachines.com/pl/wp-content/uploads/sites/13/2018/11/Rückezug.jpg","alt":"Forwarder"},{"title":"John_Deere_1210E_Forwarder_1-300x194","link":"http://wp-prd.trademachines.com/pl/tm-category/spedytorzy/john_deere_1210e_forwarder_1-300x194/","guid":"http://wp-prd.trademachines.com/pl/wp-content/uploads/sites/13/2018/11/John_Deere_1210E_Forwarder_1-300x194.jpg","post_id":"4803","attachment_url":"http://wp-prd.trademachines.com/pl/wp-content/uploads/sites/13/2018/11/John_Deere_1210E_Forwarder_1-300x194.jpg","alt":"Forwarder John Deere 1210E"},{"title":"2010.07.21.154023_Abfüllanlage_Gerolstein","link":"http://wp-prd.trademachines.com/pl/tm-category/maszyny-do-napelniania-napoj/2010-07-21-154023_abfu%cc%88llanlage_gerolstein/","guid":"http://wp-prd.trademachines.com/pl/wp-content/uploads/sites/13/2018/11/2010.07.21.154023_Abfüllanlage_Gerolstein.jpg","post_id":"4820","attachment_url":"http://wp-prd.trademachines.com/pl/wp-content/uploads/sites/13/2018/11/2010.07.21.154023_Abfüllanlage_Gerolstein.jpg","alt":"2010.07.21.154023_Abfüllanlage_Gerolstein"},{"title":"Close_up_of_wine_bottler_valves_being_steamed","link":"http://wp-prd.trademachines.com/pl/tm-category/maszyny-do-napelniania-napoj/close_up_of_wine_bottler_valves_being_steamed/","guid":"http://wp-prd.trademachines.com/pl/wp-content/uploads/sites/13/2018/11/Close_up_of_wine_bottler_valves_being_steamed.jpg","post_id":"4821","attachment_url":"http://wp-prd.trademachines.com/pl/wp-content/uploads/sites/13/2018/11/Close_up_of_wine_bottler_valves_being_steamed.jpg","alt":"Maszyna do rozlewania wina."}]