[
  {
    "folderName": "category_en.json",
    "src": "/assets/media/content/sites/2/2015/03/garden-tractor-pulling-300x169.jpg",
    "alt": "garden tractors",
    "extension": "jpg",
    "type": "image",
    "fileName": "garden-tractor-pulling-300x169"
  },
  {
    "folderName": "category_en.json",
    "src": "/assets/media/content/sites/2/2015/03/tig-welding-torch.jpg",
    "alt": "tig welding torch",
    "extension": "jpg",
    "type": "image",
    "fileName": "tig-welding-torch"
  },
  {
    "folderName": "category_en.json",
    "src": "/assets/media/content/sites/2/2014/07/rice-harvester-300x162.jpg",
    "alt": "rice harvester",
    "extension": "jpg",
    "type": "image",
    "fileName": "rice-harvester-300x162"
  },
  {
    "folderName": "category_en.json",
    "src": "/assets/media/content/sites/2/2014/07/harvester-machine-300x153.jpg",
    "alt": "harvester machine",
    "extension": "jpg",
    "type": "image",
    "fileName": "harvester-machine-300x153"
  },
  {
    "folderName": "category_en.json",
    "src": "/assets/media/content/sites/2/2014/09/polishing-machine-300x202.jpg",
    "alt": "polishing machine",
    "extension": "jpg",
    "type": "image",
    "fileName": "polishing-machine-300x202"
  },
  {
    "folderName": "content_en.json",
    "src": "/assets/media/content/sites/2/2014/04/Jungheinrich-300x59.jpg",
    "alt": "Jungheinrich",
    "extension": "com/assets/media/content/sites/2/2014/04/Jungheinrich-300x59",
    "type": "image",
    "fileName": "Jungheinrich"
  },
  {
    "folderName": "manufacturer_en.json",
    "src": "/assets/media/content/sites/2/2014/04/Jungheinrich-300x59.jpg",
    "alt": "Jungheinrich logo",
    "extension": "jpg",
    "type": "image",
    "fileName": "Jungheinrich-300x59"
  },
  {
    "folderName": "manufacturer_en.json",
    "src": "/assets/media/content/sites/2/2014/08/HOLZHER-300x300.jpg",
    "alt": "holzher",
    "extension": "jpg",
    "type": "image",
    "fileName": "HOLZHER-300x300"
  },
  {
    "folderName": "manufacturer_en.json",
    "src": "/assets/media/content/sites/2/2014/08/Handtmann_logo-300x133.jpg",
    "alt": "Handtmann",
    "extension": "jpg",
    "type": "image",
    "fileName": "Handtmann_logo-300x133"
  },
  {
    "folderName": "manufacturer_en.json",
    "src": "/assets/media/content/sites/2/2014/06/brevetti-stendalto-logo.jpg",
    "alt": "brevetti stendalto",
    "extension": "jpg",
    "type": "image",
    "fileName": "brevetti-stendalto-logo"
  },
  {
    "folderName": "manufacturer_en.json",
    "src": "/assets/media/content/sites/2/2014/08/kuper_logo-e1432194342904.jpg",
    "alt": "kuper",
    "extension": "jpg",
    "type": "image",
    "fileName": "kuper_logo-e1432194342904"
  },
  {
    "folderName": "manufacturer_en.json",
    "src": "/assets/media/content/sites/2/2014/09/elumatec_logo-e1432193650527.jpg",
    "alt": "elumatec",
    "extension": "jpg",
    "type": "image",
    "fileName": "elumatec_logo-e1432193650527"
  },
  {
    "folderName": "product_en.json",
    "src": "/assets/media/content/sites/3/2015/09/jd-4755-anbauger%C3%A4t-300x136.jpg",
    "alt": "jd 4755 Attachment",
    "extension": "de/assets/media/content/sites/3/2015/09/jd-4755-anbauger%C3%A4t-300x136",
    "type": "image",
    "fileName": "jd 4755"
  },
  {
    "folderName": "product_en.json",
    "src": "/assets/media/content/sites/3/2015/09/John-Deere-4455-pfl%C3%BCgen-300x149.jpg",
    "alt": "John-Deere-4455-pflügen",
    "extension": "de/assets/media/content/sites/3/2015/09/John-Deere-4455-pfl%C3%BCgen-300x149",
    "type": "image",
    "fileName": "John-Deere-4455-pflügen"
  },
  {
    "folderName": "product_en.json",
    "src": "/assets/media/content/sites/3/2015/09/ma%C3%9Fe-hitachi-ex-30.jpg",
    "alt": "Mass Hitachi EX 30",
    "extension": "jpg",
    "type": "image",
    "fileName": "ma%C3%9Fe-hitachi-ex-30"
  },
  {
    "folderName": "product_en.json",
    "src": "/assets/media/content/sites/2/2015/07/martin-t72-dashboard-300x116.jpg",
    "alt": "martin-t72-dashboard",
    "extension": "jpg",
    "type": "image",
    "fileName": "martin-t72-dashboard-300x116"
  },
  {
    "folderName": "product_en.json",
    "src": "/assets/media/content/sites/2/2015/07/Altendorf-Logo-300x212.jpg",
    "alt": "Logo Altendorf",
    "extension": "jpg",
    "type": "image",
    "fileName": "Altendorf-Logo-300x212"
  }
]
