[
  {
    "folderName": "category_de.json",
    "src": "/assets/media/content/sites/3/2014/04/Mulchger%C3%A4t-Feld-300x203.jpg",
    "alt": "Schlegelmulcher Feld",
    "extension": "de/assets/media/content/sites/3/2014/04/Mulchger%C3%A4t-Feld-300x203",
    "type": "image",
    "fileName": "Schlegelmulcher Feld"
  },
  {
    "folderName": "category_de.json",
    "src": "/assets/media/content/sites/3/2014/04/B%C3%B6schungsmulcher.jpg",
    "alt": "Böschungsmulcher INO",
    "extension": "de/assets/media/content/sites/3/2014/04/B%C3%B6schungsmulcher",
    "type": "image",
    "fileName": "Böschungsmulcher INO"
  },
  {
    "folderName": "category_de.json",
    "src": "/assets/media/content/sites/3/2015/03/mig-schwei%C3%9Fgereat-300x261.jpg",
    "alt": "blick auf jaeckle mig schweißgereat",
    "extension": "de/assets/media/content/sites/3/2015/03/mig-schwei%C3%9Fgereat-300x261",
    "type": "image",
    "fileName": "blick auf jaeckle mig schweißgereat"
  },
  {
    "folderName": "content_de.json",
    "src": "/assets/media/content/sites/2/2014/04/Jungheinrich-300x59.jpg",
    "alt": "Jungheinrich",
    "extension": "com/assets/media/content/sites/2/2014/04/Jungheinrich-300x59",
    "type": "image",
    "fileName": "Jungheinrich"
  },
  {
    "folderName": "manufacturer_de.json",
    "src": "/assets/media/content/sites/2/2014/04/Jungheinrich-300x59.jpg",
    "alt": "Jungheinrich logo",
    "extension": "jpg",
    "type": "image",
    "fileName": "Jungheinrich-300x59"
  },
  {
    "folderName": "product_de.json",
    "src": "/assets/media/content/sites/3/2015/07/Logo-John-Deere-300x300.jpg",
    "alt": "John Deere Logo",
    "extension": "jpg",
    "type": "image",
    "fileName": "Logo-John-Deere-300x300"
  },
  {
    "folderName": "product_de.json",
    "src": "/assets/media/content/sites/3/2015/07/Logo-John-Deere-300x300.jpg",
    "alt": "John Deere Logo",
    "extension": "jpg",
    "type": "image",
    "fileName": "Logo-John-Deere-300x300"
  }
]
