<?xml version="1.0" encoding="UTF-8" ?>
<!-- This is a WordPress eXtended RSS file generated by WordPress as an export of your site. -->
<!-- It contains information about your site's posts, pages, comments, categories, and other content. -->
<!-- You may use this file to transfer that content from one site to another. -->
<!-- This file is not intended to serve as a complete backup of your site. -->

<!-- To import this information into a WordPress site follow these steps: -->
<!-- 1. Log in to that site as an administrator. -->
<!-- 2. Go to Tools: Import in the WordPress admin panel. -->
<!-- 3. Install the "WordPress" importer from the list. -->
<!-- 4. Activate & Run Importer. -->
<!-- 5. Upload this file using the form provided on that page. -->
<!-- 6. You will first be asked to map the authors in this export file to users -->
<!--    on the site. For each author, you may choose to map to an -->
<!--    existing user on the site or to create a new user. -->
<!-- 7. WordPress will then import each of the posts, pages, comments, categories, etc. -->
<!--    contained in this file into your site. -->

<!-- generator="WordPress/4.7.25" created="2022-10-19 10:03" -->
<rss version="2.0"
	xmlns:excerpt="http://wordpress.org/export/1.2/excerpt/"
	xmlns:content="http://purl.org/rss/1.0/modules/content/"
	xmlns:wfw="http://wellformedweb.org/CommentAPI/"
	xmlns:dc="http://purl.org/dc/elements/1.1/"
	xmlns:wp="http://wordpress.org/export/1.2/"
>

<channel>
	<title>Trademachines IT</title>
	<link>http://wp-prd.trademachines.com/it</link>
	<description>Just another Trademachines Sites site</description>
	<pubDate>Wed, 19 Oct 2022 10:03:05 +0000</pubDate>
	<language>en-US</language>
	<wp:wxr_version>1.2</wp:wxr_version>
	<wp:base_site_url>http://wp-prd.trademachines.com/</wp:base_site_url>
	<wp:base_blog_url>http://wp-prd.trademachines.com/it</wp:base_blog_url>

	<wp:author><wp:author_id>21</wp:author_id><wp:author_login><![CDATA[dparravano]]></wp:author_login><wp:author_email><![CDATA[diego.parravano@trademachines.com]]></wp:author_email><wp:author_display_name><![CDATA[dparravano]]></wp:author_display_name><wp:author_first_name><![CDATA[]]></wp:author_first_name><wp:author_last_name><![CDATA[]]></wp:author_last_name></wp:author>
	<wp:author><wp:author_id>24</wp:author_id><wp:author_login><![CDATA[mradermacher]]></wp:author_login><wp:author_email><![CDATA[maike.radermacher@trademachines.com]]></wp:author_email><wp:author_display_name><![CDATA[mradermacher]]></wp:author_display_name><wp:author_first_name><![CDATA[]]></wp:author_first_name><wp:author_last_name><![CDATA[]]></wp:author_last_name></wp:author>
	<wp:author><wp:author_id>15</wp:author_id><wp:author_login><![CDATA[jkemper]]></wp:author_login><wp:author_email><![CDATA[jk@trademachines.com]]></wp:author_email><wp:author_display_name><![CDATA[jkemper]]></wp:author_display_name><wp:author_first_name><![CDATA[]]></wp:author_first_name><wp:author_last_name><![CDATA[]]></wp:author_last_name></wp:author>


	<generator>https://wordpress.org/?v=4.7.25</generator>

	<item>
		<title>Search Box_IT</title>
		<link>http://wp-prd.trademachines.com/it/search-box_it/</link>
		<pubDate>Tue, 10 Jan 2017 16:04:34 +0000</pubDate>
		<dc:creator><![CDATA[dparravano]]></dc:creator>
		<guid isPermaLink="false">http://trademachines.com/it/wp-content/uploads/sites/9/2017/01/Search-Box_IT.png</guid>
		<description></description>
		<content:encoded><![CDATA[]]></content:encoded>
		<excerpt:encoded><![CDATA[]]></excerpt:encoded>
		<wp:post_id>2783</wp:post_id>
		<wp:post_date><![CDATA[2017-01-10 16:04:34]]></wp:post_date>
		<wp:post_date_gmt><![CDATA[2017-01-10 16:04:34]]></wp:post_date_gmt>
		<wp:comment_status><![CDATA[open]]></wp:comment_status>
		<wp:ping_status><![CDATA[open]]></wp:ping_status>
		<wp:post_name><![CDATA[search-box_it]]></wp:post_name>
		<wp:status><![CDATA[inherit]]></wp:status>
		<wp:post_parent>0</wp:post_parent>
		<wp:menu_order>0</wp:menu_order>
		<wp:post_type><![CDATA[attachment]]></wp:post_type>
		<wp:post_password><![CDATA[]]></wp:post_password>
		<wp:is_sticky>0</wp:is_sticky>
		<wp:attachment_url><![CDATA[http://wp-prd.trademachines.com/it/wp-content/uploads/sites/9/2017/01/Search-Box_IT.png]]></wp:attachment_url>
		<wp:postmeta>
			<wp:meta_key><![CDATA[_wp_attached_file]]></wp:meta_key>
			<wp:meta_value><![CDATA[2017/01/Search-Box_IT.png]]></wp:meta_value>
		</wp:postmeta>
		<wp:postmeta>
			<wp:meta_key><![CDATA[_wp_attachment_metadata]]></wp:meta_key>
			<wp:meta_value><![CDATA[a:5:{s:5:"width";i:1020;s:6:"height";i:202;s:4:"file";s:25:"2017/01/Search-Box_IT.png";s:5:"sizes";a:3:{s:9:"thumbnail";a:4:{s:4:"file";s:25:"Search-Box_IT-150x150.png";s:5:"width";i:150;s:6:"height";i:150;s:9:"mime-type";s:9:"image/png";}s:6:"medium";a:4:{s:4:"file";s:24:"Search-Box_IT-300x59.png";s:5:"width";i:300;s:6:"height";i:59;s:9:"mime-type";s:9:"image/png";}s:14:"post-thumbnail";a:4:{s:4:"file";s:25:"Search-Box_IT-825x202.png";s:5:"width";i:825;s:6:"height";i:202;s:9:"mime-type";s:9:"image/png";}}s:10:"image_meta";a:11:{s:8:"aperture";i:0;s:6:"credit";s:0:"";s:6:"camera";s:0:"";s:7:"caption";s:0:"";s:17:"created_timestamp";i:0;s:9:"copyright";s:0:"";s:12:"focal_length";i:0;s:3:"iso";i:0;s:13:"shutter_speed";i:0;s:5:"title";s:0:"";s:11:"orientation";i:0;}}]]></wp:meta_value>
		</wp:postmeta>
	</item>
	<item>
		<title>JohnDeere(2)</title>
		<link>http://wp-prd.trademachines.com/it/tm-content/homepage-seo-content-box/johndeere2/</link>
		<pubDate>Fri, 11 Aug 2017 14:29:31 +0000</pubDate>
		<dc:creator><![CDATA[dparravano]]></dc:creator>
		<guid isPermaLink="false">http://wp-prd.trademachines.com/it/wp-content/uploads/sites/9/2016/03/JohnDeere2.jpg</guid>
		<description></description>
		<content:encoded><![CDATA[]]></content:encoded>
		<excerpt:encoded><![CDATA[]]></excerpt:encoded>
		<wp:post_id>4583</wp:post_id>
		<wp:post_date><![CDATA[2017-08-11 14:29:31]]></wp:post_date>
		<wp:post_date_gmt><![CDATA[2017-08-11 14:29:31]]></wp:post_date_gmt>
		<wp:comment_status><![CDATA[open]]></wp:comment_status>
		<wp:ping_status><![CDATA[closed]]></wp:ping_status>
		<wp:post_name><![CDATA[johndeere2]]></wp:post_name>
		<wp:status><![CDATA[inherit]]></wp:status>
		<wp:post_parent>1355</wp:post_parent>
		<wp:menu_order>0</wp:menu_order>
		<wp:post_type><![CDATA[attachment]]></wp:post_type>
		<wp:post_password><![CDATA[]]></wp:post_password>
		<wp:is_sticky>0</wp:is_sticky>
		<wp:attachment_url><![CDATA[http://wp-prd.trademachines.com/it/wp-content/uploads/sites/9/2016/03/JohnDeere2.jpg]]></wp:attachment_url>
		<wp:postmeta>
			<wp:meta_key><![CDATA[_wp_attached_file]]></wp:meta_key>
			<wp:meta_value><![CDATA[2016/03/JohnDeere2.jpg]]></wp:meta_value>
		</wp:postmeta>
		<wp:postmeta>
			<wp:meta_key><![CDATA[_wp_attachment_metadata]]></wp:meta_key>
			<wp:meta_value><![CDATA[a:5:{s:5:"width";i:182;s:6:"height";i:182;s:4:"file";s:22:"2016/03/JohnDeere2.jpg";s:5:"sizes";a:1:{s:9:"thumbnail";a:4:{s:4:"file";s:22:"JohnDeere2-150x150.jpg";s:5:"width";i:150;s:6:"height";i:150;s:9:"mime-type";s:10:"image/jpeg";}}s:10:"image_meta";a:12:{s:8:"aperture";s:1:"0";s:6:"credit";s:0:"";s:6:"camera";s:0:"";s:7:"caption";s:0:"";s:17:"created_timestamp";s:1:"0";s:9:"copyright";s:0:"";s:12:"focal_length";s:1:"0";s:3:"iso";s:1:"0";s:13:"shutter_speed";s:1:"0";s:5:"title";s:0:"";s:11:"orientation";s:1:"0";s:8:"keywords";a:0:{}}}]]></wp:meta_value>
		</wp:postmeta>
	</item>
	<item>
		<title>CAT</title>
		<link>http://wp-prd.trademachines.com/it/tm-content/homepage-seo-content-box/cat/</link>
		<pubDate>Fri, 11 Aug 2017 15:40:17 +0000</pubDate>
		<dc:creator><![CDATA[dparravano]]></dc:creator>
		<guid isPermaLink="false">http://wp-prd.trademachines.com/it/wp-content/uploads/sites/9/2016/03/CAT.jpg</guid>
		<description></description>
		<content:encoded><![CDATA[]]></content:encoded>
		<excerpt:encoded><![CDATA[]]></excerpt:encoded>
		<wp:post_id>4584</wp:post_id>
		<wp:post_date><![CDATA[2017-08-11 15:40:17]]></wp:post_date>
		<wp:post_date_gmt><![CDATA[2017-08-11 15:40:17]]></wp:post_date_gmt>
		<wp:comment_status><![CDATA[open]]></wp:comment_status>
		<wp:ping_status><![CDATA[closed]]></wp:ping_status>
		<wp:post_name><![CDATA[cat]]></wp:post_name>
		<wp:status><![CDATA[inherit]]></wp:status>
		<wp:post_parent>1355</wp:post_parent>
		<wp:menu_order>0</wp:menu_order>
		<wp:post_type><![CDATA[attachment]]></wp:post_type>
		<wp:post_password><![CDATA[]]></wp:post_password>
		<wp:is_sticky>0</wp:is_sticky>
		<wp:attachment_url><![CDATA[http://wp-prd.trademachines.com/it/wp-content/uploads/sites/9/2016/03/CAT.jpg]]></wp:attachment_url>
		<wp:postmeta>
			<wp:meta_key><![CDATA[_wp_attached_file]]></wp:meta_key>
			<wp:meta_value><![CDATA[2016/03/CAT.jpg]]></wp:meta_value>
		</wp:postmeta>
		<wp:postmeta>
			<wp:meta_key><![CDATA[_wp_attachment_metadata]]></wp:meta_key>
			<wp:meta_value><![CDATA[a:5:{s:5:"width";i:182;s:6:"height";i:182;s:4:"file";s:15:"2016/03/CAT.jpg";s:5:"sizes";a:1:{s:9:"thumbnail";a:4:{s:4:"file";s:15:"CAT-150x150.jpg";s:5:"width";i:150;s:6:"height";i:150;s:9:"mime-type";s:10:"image/jpeg";}}s:10:"image_meta";a:12:{s:8:"aperture";s:1:"0";s:6:"credit";s:0:"";s:6:"camera";s:0:"";s:7:"caption";s:0:"";s:17:"created_timestamp";s:1:"0";s:9:"copyright";s:0:"";s:12:"focal_length";s:1:"0";s:3:"iso";s:1:"0";s:13:"shutter_speed";s:1:"0";s:5:"title";s:0:"";s:11:"orientation";s:1:"0";s:8:"keywords";a:0:{}}}]]></wp:meta_value>
		</wp:postmeta>
	</item>
	<item>
		<title>Claas</title>
		<link>http://wp-prd.trademachines.com/it/tm-content/homepage-seo-content-box/claas-2/</link>
		<pubDate>Fri, 11 Aug 2017 15:40:19 +0000</pubDate>
		<dc:creator><![CDATA[dparravano]]></dc:creator>
		<guid isPermaLink="false">http://wp-prd.trademachines.com/it/wp-content/uploads/sites/9/2016/03/Claas.jpg</guid>
		<description></description>
		<content:encoded><![CDATA[]]></content:encoded>
		<excerpt:encoded><![CDATA[]]></excerpt:encoded>
		<wp:post_id>4585</wp:post_id>
		<wp:post_date><![CDATA[2017-08-11 15:40:19]]></wp:post_date>
		<wp:post_date_gmt><![CDATA[2017-08-11 15:40:19]]></wp:post_date_gmt>
		<wp:comment_status><![CDATA[open]]></wp:comment_status>
		<wp:ping_status><![CDATA[closed]]></wp:ping_status>
		<wp:post_name><![CDATA[claas-2]]></wp:post_name>
		<wp:status><![CDATA[inherit]]></wp:status>
		<wp:post_parent>1355</wp:post_parent>
		<wp:menu_order>0</wp:menu_order>
		<wp:post_type><![CDATA[attachment]]></wp:post_type>
		<wp:post_password><![CDATA[]]></wp:post_password>
		<wp:is_sticky>0</wp:is_sticky>
		<wp:attachment_url><![CDATA[http://wp-prd.trademachines.com/it/wp-content/uploads/sites/9/2016/03/Claas.jpg]]></wp:attachment_url>
		<wp:postmeta>
			<wp:meta_key><![CDATA[_wp_attached_file]]></wp:meta_key>
			<wp:meta_value><![CDATA[2016/03/Claas.jpg]]></wp:meta_value>
		</wp:postmeta>
		<wp:postmeta>
			<wp:meta_key><![CDATA[_wp_attachment_metadata]]></wp:meta_key>
			<wp:meta_value><![CDATA[a:5:{s:5:"width";i:182;s:6:"height";i:182;s:4:"file";s:17:"2016/03/Claas.jpg";s:5:"sizes";a:1:{s:9:"thumbnail";a:4:{s:4:"file";s:17:"Claas-150x150.jpg";s:5:"width";i:150;s:6:"height";i:150;s:9:"mime-type";s:10:"image/jpeg";}}s:10:"image_meta";a:12:{s:8:"aperture";s:1:"0";s:6:"credit";s:0:"";s:6:"camera";s:0:"";s:7:"caption";s:0:"";s:17:"created_timestamp";s:1:"0";s:9:"copyright";s:0:"";s:12:"focal_length";s:1:"0";s:3:"iso";s:1:"0";s:13:"shutter_speed";s:1:"0";s:5:"title";s:0:"";s:11:"orientation";s:1:"0";s:8:"keywords";a:0:{}}}]]></wp:meta_value>
		</wp:postmeta>
	</item>
	<item>
		<title>Ford</title>
		<link>http://wp-prd.trademachines.com/it/tm-content/homepage-seo-content-box/ford/</link>
		<pubDate>Fri, 11 Aug 2017 15:40:19 +0000</pubDate>
		<dc:creator><![CDATA[dparravano]]></dc:creator>
		<guid isPermaLink="false">http://wp-prd.trademachines.com/it/wp-content/uploads/sites/9/2016/03/Ford.jpg</guid>
		<description></description>
		<content:encoded><![CDATA[]]></content:encoded>
		<excerpt:encoded><![CDATA[]]></excerpt:encoded>
		<wp:post_id>4586</wp:post_id>
		<wp:post_date><![CDATA[2017-08-11 15:40:19]]></wp:post_date>
		<wp:post_date_gmt><![CDATA[2017-08-11 15:40:19]]></wp:post_date_gmt>
		<wp:comment_status><![CDATA[open]]></wp:comment_status>
		<wp:ping_status><![CDATA[closed]]></wp:ping_status>
		<wp:post_name><![CDATA[ford]]></wp:post_name>
		<wp:status><![CDATA[inherit]]></wp:status>
		<wp:post_parent>1355</wp:post_parent>
		<wp:menu_order>0</wp:menu_order>
		<wp:post_type><![CDATA[attachment]]></wp:post_type>
		<wp:post_password><![CDATA[]]></wp:post_password>
		<wp:is_sticky>0</wp:is_sticky>
		<wp:attachment_url><![CDATA[http://wp-prd.trademachines.com/it/wp-content/uploads/sites/9/2016/03/Ford.jpg]]></wp:attachment_url>
		<wp:postmeta>
			<wp:meta_key><![CDATA[_wp_attached_file]]></wp:meta_key>
			<wp:meta_value><![CDATA[2016/03/Ford.jpg]]></wp:meta_value>
		</wp:postmeta>
		<wp:postmeta>
			<wp:meta_key><![CDATA[_wp_attachment_metadata]]></wp:meta_key>
			<wp:meta_value><![CDATA[a:5:{s:5:"width";i:182;s:6:"height";i:182;s:4:"file";s:16:"2016/03/Ford.jpg";s:5:"sizes";a:1:{s:9:"thumbnail";a:4:{s:4:"file";s:16:"Ford-150x150.jpg";s:5:"width";i:150;s:6:"height";i:150;s:9:"mime-type";s:10:"image/jpeg";}}s:10:"image_meta";a:12:{s:8:"aperture";s:1:"0";s:6:"credit";s:0:"";s:6:"camera";s:0:"";s:7:"caption";s:0:"";s:17:"created_timestamp";s:1:"0";s:9:"copyright";s:0:"";s:12:"focal_length";s:1:"0";s:3:"iso";s:1:"0";s:13:"shutter_speed";s:1:"0";s:5:"title";s:0:"";s:11:"orientation";s:1:"0";s:8:"keywords";a:0:{}}}]]></wp:meta_value>
		</wp:postmeta>
	</item>
	<item>
		<title>Volvo</title>
		<link>http://wp-prd.trademachines.com/it/tm-content/homepage-seo-content-box/volvo/</link>
		<pubDate>Fri, 11 Aug 2017 15:40:20 +0000</pubDate>
		<dc:creator><![CDATA[dparravano]]></dc:creator>
		<guid isPermaLink="false">http://wp-prd.trademachines.com/it/wp-content/uploads/sites/9/2016/03/Volvo.jpg</guid>
		<description></description>
		<content:encoded><![CDATA[]]></content:encoded>
		<excerpt:encoded><![CDATA[]]></excerpt:encoded>
		<wp:post_id>4587</wp:post_id>
		<wp:post_date><![CDATA[2017-08-11 15:40:20]]></wp:post_date>
		<wp:post_date_gmt><![CDATA[2017-08-11 15:40:20]]></wp:post_date_gmt>
		<wp:comment_status><![CDATA[open]]></wp:comment_status>
		<wp:ping_status><![CDATA[closed]]></wp:ping_status>
		<wp:post_name><![CDATA[volvo]]></wp:post_name>
		<wp:status><![CDATA[inherit]]></wp:status>
		<wp:post_parent>1355</wp:post_parent>
		<wp:menu_order>0</wp:menu_order>
		<wp:post_type><![CDATA[attachment]]></wp:post_type>
		<wp:post_password><![CDATA[]]></wp:post_password>
		<wp:is_sticky>0</wp:is_sticky>
		<wp:attachment_url><![CDATA[http://wp-prd.trademachines.com/it/wp-content/uploads/sites/9/2016/03/Volvo.jpg]]></wp:attachment_url>
		<wp:postmeta>
			<wp:meta_key><![CDATA[_wp_attached_file]]></wp:meta_key>
			<wp:meta_value><![CDATA[2016/03/Volvo.jpg]]></wp:meta_value>
		</wp:postmeta>
		<wp:postmeta>
			<wp:meta_key><![CDATA[_wp_attachment_metadata]]></wp:meta_key>
			<wp:meta_value><![CDATA[a:5:{s:5:"width";i:182;s:6:"height";i:182;s:4:"file";s:17:"2016/03/Volvo.jpg";s:5:"sizes";a:1:{s:9:"thumbnail";a:4:{s:4:"file";s:17:"Volvo-150x150.jpg";s:5:"width";i:150;s:6:"height";i:150;s:9:"mime-type";s:10:"image/jpeg";}}s:10:"image_meta";a:12:{s:8:"aperture";s:1:"0";s:6:"credit";s:0:"";s:6:"camera";s:0:"";s:7:"caption";s:0:"";s:17:"created_timestamp";s:1:"0";s:9:"copyright";s:0:"";s:12:"focal_length";s:1:"0";s:3:"iso";s:1:"0";s:13:"shutter_speed";s:1:"0";s:5:"title";s:0:"";s:11:"orientation";s:1:"0";s:8:"keywords";a:0:{}}}]]></wp:meta_value>
		</wp:postmeta>
	</item>
	<item>
		<title>Dechow</title>
		<link>http://wp-prd.trademachines.com/it/tm-content/homepage-seo-content-box/dechow-3/</link>
		<pubDate>Fri, 11 Aug 2017 15:40:20 +0000</pubDate>
		<dc:creator><![CDATA[dparravano]]></dc:creator>
		<guid isPermaLink="false">http://wp-prd.trademachines.com/it/wp-content/uploads/sites/9/2016/03/Dechow.jpg</guid>
		<description></description>
		<content:encoded><![CDATA[]]></content:encoded>
		<excerpt:encoded><![CDATA[]]></excerpt:encoded>
		<wp:post_id>4588</wp:post_id>
		<wp:post_date><![CDATA[2017-08-11 15:40:20]]></wp:post_date>
		<wp:post_date_gmt><![CDATA[2017-08-11 15:40:20]]></wp:post_date_gmt>
		<wp:comment_status><![CDATA[open]]></wp:comment_status>
		<wp:ping_status><![CDATA[closed]]></wp:ping_status>
		<wp:post_name><![CDATA[dechow-3]]></wp:post_name>
		<wp:status><![CDATA[inherit]]></wp:status>
		<wp:post_parent>1355</wp:post_parent>
		<wp:menu_order>0</wp:menu_order>
		<wp:post_type><![CDATA[attachment]]></wp:post_type>
		<wp:post_password><![CDATA[]]></wp:post_password>
		<wp:is_sticky>0</wp:is_sticky>
		<wp:attachment_url><![CDATA[http://wp-prd.trademachines.com/it/wp-content/uploads/sites/9/2016/03/Dechow.jpg]]></wp:attachment_url>
		<wp:postmeta>
			<wp:meta_key><![CDATA[_wp_attached_file]]></wp:meta_key>
			<wp:meta_value><![CDATA[2016/03/Dechow.jpg]]></wp:meta_value>
		</wp:postmeta>
		<wp:postmeta>
			<wp:meta_key><![CDATA[_wp_attachment_metadata]]></wp:meta_key>
			<wp:meta_value><![CDATA[a:5:{s:5:"width";i:182;s:6:"height";i:182;s:4:"file";s:18:"2016/03/Dechow.jpg";s:5:"sizes";a:1:{s:9:"thumbnail";a:4:{s:4:"file";s:18:"Dechow-150x150.jpg";s:5:"width";i:150;s:6:"height";i:150;s:9:"mime-type";s:10:"image/jpeg";}}s:10:"image_meta";a:12:{s:8:"aperture";s:1:"0";s:6:"credit";s:0:"";s:6:"camera";s:0:"";s:7:"caption";s:0:"";s:17:"created_timestamp";s:1:"0";s:9:"copyright";s:0:"";s:12:"focal_length";s:1:"0";s:3:"iso";s:1:"0";s:13:"shutter_speed";s:1:"0";s:5:"title";s:0:"";s:11:"orientation";s:1:"0";s:8:"keywords";a:0:{}}}]]></wp:meta_value>
		</wp:postmeta>
	</item>
	<item>
		<title>Ritchie</title>
		<link>http://wp-prd.trademachines.com/it/tm-content/homepage-seo-content-box/ritchie/</link>
		<pubDate>Fri, 11 Aug 2017 15:40:21 +0000</pubDate>
		<dc:creator><![CDATA[dparravano]]></dc:creator>
		<guid isPermaLink="false">http://wp-prd.trademachines.com/it/wp-content/uploads/sites/9/2016/03/Ritchie.jpg</guid>
		<description></description>
		<content:encoded><![CDATA[]]></content:encoded>
		<excerpt:encoded><![CDATA[]]></excerpt:encoded>
		<wp:post_id>4589</wp:post_id>
		<wp:post_date><![CDATA[2017-08-11 15:40:21]]></wp:post_date>
		<wp:post_date_gmt><![CDATA[2017-08-11 15:40:21]]></wp:post_date_gmt>
		<wp:comment_status><![CDATA[open]]></wp:comment_status>
		<wp:ping_status><![CDATA[closed]]></wp:ping_status>
		<wp:post_name><![CDATA[ritchie]]></wp:post_name>
		<wp:status><![CDATA[inherit]]></wp:status>
		<wp:post_parent>1355</wp:post_parent>
		<wp:menu_order>0</wp:menu_order>
		<wp:post_type><![CDATA[attachment]]></wp:post_type>
		<wp:post_password><![CDATA[]]></wp:post_password>
		<wp:is_sticky>0</wp:is_sticky>
		<wp:attachment_url><![CDATA[http://wp-prd.trademachines.com/it/wp-content/uploads/sites/9/2016/03/Ritchie.jpg]]></wp:attachment_url>
		<wp:postmeta>
			<wp:meta_key><![CDATA[_wp_attached_file]]></wp:meta_key>
			<wp:meta_value><![CDATA[2016/03/Ritchie.jpg]]></wp:meta_value>
		</wp:postmeta>
		<wp:postmeta>
			<wp:meta_key><![CDATA[_wp_attachment_metadata]]></wp:meta_key>
			<wp:meta_value><![CDATA[a:5:{s:5:"width";i:182;s:6:"height";i:182;s:4:"file";s:19:"2016/03/Ritchie.jpg";s:5:"sizes";a:1:{s:9:"thumbnail";a:4:{s:4:"file";s:19:"Ritchie-150x150.jpg";s:5:"width";i:150;s:6:"height";i:150;s:9:"mime-type";s:10:"image/jpeg";}}s:10:"image_meta";a:12:{s:8:"aperture";s:1:"0";s:6:"credit";s:0:"";s:6:"camera";s:0:"";s:7:"caption";s:0:"";s:17:"created_timestamp";s:1:"0";s:9:"copyright";s:0:"";s:12:"focal_length";s:1:"0";s:3:"iso";s:1:"0";s:13:"shutter_speed";s:1:"0";s:5:"title";s:0:"";s:11:"orientation";s:1:"0";s:8:"keywords";a:0:{}}}]]></wp:meta_value>
		</wp:postmeta>
	</item>
	<item>
		<title>Surplex</title>
		<link>http://wp-prd.trademachines.com/it/tm-content/homepage-seo-content-box/surplex-3/</link>
		<pubDate>Fri, 11 Aug 2017 15:40:22 +0000</pubDate>
		<dc:creator><![CDATA[dparravano]]></dc:creator>
		<guid isPermaLink="false">http://wp-prd.trademachines.com/it/wp-content/uploads/sites/9/2016/03/Surplex.jpg</guid>
		<description></description>
		<content:encoded><![CDATA[]]></content:encoded>
		<excerpt:encoded><![CDATA[]]></excerpt:encoded>
		<wp:post_id>4590</wp:post_id>
		<wp:post_date><![CDATA[2017-08-11 15:40:22]]></wp:post_date>
		<wp:post_date_gmt><![CDATA[2017-08-11 15:40:22]]></wp:post_date_gmt>
		<wp:comment_status><![CDATA[open]]></wp:comment_status>
		<wp:ping_status><![CDATA[closed]]></wp:ping_status>
		<wp:post_name><![CDATA[surplex-3]]></wp:post_name>
		<wp:status><![CDATA[inherit]]></wp:status>
		<wp:post_parent>1355</wp:post_parent>
		<wp:menu_order>0</wp:menu_order>
		<wp:post_type><![CDATA[attachment]]></wp:post_type>
		<wp:post_password><![CDATA[]]></wp:post_password>
		<wp:is_sticky>0</wp:is_sticky>
		<wp:attachment_url><![CDATA[http://wp-prd.trademachines.com/it/wp-content/uploads/sites/9/2016/03/Surplex.jpg]]></wp:attachment_url>
		<wp:postmeta>
			<wp:meta_key><![CDATA[_wp_attached_file]]></wp:meta_key>
			<wp:meta_value><![CDATA[2016/03/Surplex.jpg]]></wp:meta_value>
		</wp:postmeta>
		<wp:postmeta>
			<wp:meta_key><![CDATA[_wp_attachment_metadata]]></wp:meta_key>
			<wp:meta_value><![CDATA[a:5:{s:5:"width";i:182;s:6:"height";i:182;s:4:"file";s:19:"2016/03/Surplex.jpg";s:5:"sizes";a:1:{s:9:"thumbnail";a:4:{s:4:"file";s:19:"Surplex-150x150.jpg";s:5:"width";i:150;s:6:"height";i:150;s:9:"mime-type";s:10:"image/jpeg";}}s:10:"image_meta";a:12:{s:8:"aperture";s:1:"0";s:6:"credit";s:0:"";s:6:"camera";s:0:"";s:7:"caption";s:0:"";s:17:"created_timestamp";s:1:"0";s:9:"copyright";s:0:"";s:12:"focal_length";s:1:"0";s:3:"iso";s:1:"0";s:13:"shutter_speed";s:1:"0";s:5:"title";s:0:"";s:11:"orientation";s:1:"0";s:8:"keywords";a:0:{}}}]]></wp:meta_value>
		</wp:postmeta>
	</item>
	<item>
		<title>KarnerDechow</title>
		<link>http://wp-prd.trademachines.com/it/tm-content/homepage-seo-content-box/karnerdechow-2/</link>
		<pubDate>Fri, 11 Aug 2017 15:40:22 +0000</pubDate>
		<dc:creator><![CDATA[dparravano]]></dc:creator>
		<guid isPermaLink="false">http://wp-prd.trademachines.com/it/wp-content/uploads/sites/9/2016/03/KarnerDechow.jpg</guid>
		<description></description>
		<content:encoded><![CDATA[]]></content:encoded>
		<excerpt:encoded><![CDATA[]]></excerpt:encoded>
		<wp:post_id>4591</wp:post_id>
		<wp:post_date><![CDATA[2017-08-11 15:40:22]]></wp:post_date>
		<wp:post_date_gmt><![CDATA[2017-08-11 15:40:22]]></wp:post_date_gmt>
		<wp:comment_status><![CDATA[open]]></wp:comment_status>
		<wp:ping_status><![CDATA[closed]]></wp:ping_status>
		<wp:post_name><![CDATA[karnerdechow-2]]></wp:post_name>
		<wp:status><![CDATA[inherit]]></wp:status>
		<wp:post_parent>1355</wp:post_parent>
		<wp:menu_order>0</wp:menu_order>
		<wp:post_type><![CDATA[attachment]]></wp:post_type>
		<wp:post_password><![CDATA[]]></wp:post_password>
		<wp:is_sticky>0</wp:is_sticky>
		<wp:attachment_url><![CDATA[http://wp-prd.trademachines.com/it/wp-content/uploads/sites/9/2016/03/KarnerDechow.jpg]]></wp:attachment_url>
		<wp:postmeta>
			<wp:meta_key><![CDATA[_wp_attached_file]]></wp:meta_key>
			<wp:meta_value><![CDATA[2016/03/KarnerDechow.jpg]]></wp:meta_value>
		</wp:postmeta>
		<wp:postmeta>
			<wp:meta_key><![CDATA[_wp_attachment_metadata]]></wp:meta_key>
			<wp:meta_value><![CDATA[a:5:{s:5:"width";i:182;s:6:"height";i:182;s:4:"file";s:24:"2016/03/KarnerDechow.jpg";s:5:"sizes";a:1:{s:9:"thumbnail";a:4:{s:4:"file";s:24:"KarnerDechow-150x150.jpg";s:5:"width";i:150;s:6:"height";i:150;s:9:"mime-type";s:10:"image/jpeg";}}s:10:"image_meta";a:12:{s:8:"aperture";s:1:"0";s:6:"credit";s:0:"";s:6:"camera";s:0:"";s:7:"caption";s:0:"";s:17:"created_timestamp";s:1:"0";s:9:"copyright";s:0:"";s:12:"focal_length";s:1:"0";s:3:"iso";s:1:"0";s:13:"shutter_speed";s:1:"0";s:5:"title";s:0:"";s:11:"orientation";s:1:"0";s:8:"keywords";a:0:{}}}]]></wp:meta_value>
		</wp:postmeta>
	</item>
	<item>
		<title>Troostwjik</title>
		<link>http://wp-prd.trademachines.com/it/tm-content/homepage-seo-content-box/troostwjik/</link>
		<pubDate>Fri, 11 Aug 2017 15:40:23 +0000</pubDate>
		<dc:creator><![CDATA[dparravano]]></dc:creator>
		<guid isPermaLink="false">http://wp-prd.trademachines.com/it/wp-content/uploads/sites/9/2016/03/Troostwjik.jpg</guid>
		<description></description>
		<content:encoded><![CDATA[]]></content:encoded>
		<excerpt:encoded><![CDATA[]]></excerpt:encoded>
		<wp:post_id>4592</wp:post_id>
		<wp:post_date><![CDATA[2017-08-11 15:40:23]]></wp:post_date>
		<wp:post_date_gmt><![CDATA[2017-08-11 15:40:23]]></wp:post_date_gmt>
		<wp:comment_status><![CDATA[open]]></wp:comment_status>
		<wp:ping_status><![CDATA[closed]]></wp:ping_status>
		<wp:post_name><![CDATA[troostwjik]]></wp:post_name>
		<wp:status><![CDATA[inherit]]></wp:status>
		<wp:post_parent>1355</wp:post_parent>
		<wp:menu_order>0</wp:menu_order>
		<wp:post_type><![CDATA[attachment]]></wp:post_type>
		<wp:post_password><![CDATA[]]></wp:post_password>
		<wp:is_sticky>0</wp:is_sticky>
		<wp:attachment_url><![CDATA[http://wp-prd.trademachines.com/it/wp-content/uploads/sites/9/2016/03/Troostwjik.jpg]]></wp:attachment_url>
		<wp:postmeta>
			<wp:meta_key><![CDATA[_wp_attached_file]]></wp:meta_key>
			<wp:meta_value><![CDATA[2016/03/Troostwjik.jpg]]></wp:meta_value>
		</wp:postmeta>
		<wp:postmeta>
			<wp:meta_key><![CDATA[_wp_attachment_metadata]]></wp:meta_key>
			<wp:meta_value><![CDATA[a:5:{s:5:"width";i:182;s:6:"height";i:182;s:4:"file";s:22:"2016/03/Troostwjik.jpg";s:5:"sizes";a:1:{s:9:"thumbnail";a:4:{s:4:"file";s:22:"Troostwjik-150x150.jpg";s:5:"width";i:150;s:6:"height";i:150;s:9:"mime-type";s:10:"image/jpeg";}}s:10:"image_meta";a:12:{s:8:"aperture";s:1:"0";s:6:"credit";s:0:"";s:6:"camera";s:0:"";s:7:"caption";s:0:"";s:17:"created_timestamp";s:1:"0";s:9:"copyright";s:0:"";s:12:"focal_length";s:1:"0";s:3:"iso";s:1:"0";s:13:"shutter_speed";s:1:"0";s:5:"title";s:0:"";s:11:"orientation";s:1:"0";s:8:"keywords";a:0:{}}}]]></wp:meta_value>
		</wp:postmeta>
	</item>
	<item>
		<title>bva</title>
		<link>http://wp-prd.trademachines.com/it/tm-content/homepage-seo-content-box/bva/</link>
		<pubDate>Thu, 24 Aug 2017 13:36:11 +0000</pubDate>
		<dc:creator><![CDATA[dparravano]]></dc:creator>
		<guid isPermaLink="false">http://wp-prd.trademachines.com/it/wp-content/uploads/sites/9/2016/03/bva.jpg</guid>
		<description></description>
		<content:encoded><![CDATA[]]></content:encoded>
		<excerpt:encoded><![CDATA[]]></excerpt:encoded>
		<wp:post_id>4634</wp:post_id>
		<wp:post_date><![CDATA[2017-08-24 13:36:11]]></wp:post_date>
		<wp:post_date_gmt><![CDATA[2017-08-24 13:36:11]]></wp:post_date_gmt>
		<wp:comment_status><![CDATA[open]]></wp:comment_status>
		<wp:ping_status><![CDATA[closed]]></wp:ping_status>
		<wp:post_name><![CDATA[bva]]></wp:post_name>
		<wp:status><![CDATA[inherit]]></wp:status>
		<wp:post_parent>1355</wp:post_parent>
		<wp:menu_order>0</wp:menu_order>
		<wp:post_type><![CDATA[attachment]]></wp:post_type>
		<wp:post_password><![CDATA[]]></wp:post_password>
		<wp:is_sticky>0</wp:is_sticky>
		<wp:attachment_url><![CDATA[http://wp-prd.trademachines.com/it/wp-content/uploads/sites/9/2016/03/bva.jpg]]></wp:attachment_url>
		<wp:postmeta>
			<wp:meta_key><![CDATA[_wp_attached_file]]></wp:meta_key>
			<wp:meta_value><![CDATA[2016/03/bva.jpg]]></wp:meta_value>
		</wp:postmeta>
		<wp:postmeta>
			<wp:meta_key><![CDATA[_wp_attachment_metadata]]></wp:meta_key>
			<wp:meta_value><![CDATA[a:5:{s:5:"width";i:182;s:6:"height";i:182;s:4:"file";s:15:"2016/03/bva.jpg";s:5:"sizes";a:1:{s:9:"thumbnail";a:4:{s:4:"file";s:15:"bva-150x150.jpg";s:5:"width";i:150;s:6:"height";i:150;s:9:"mime-type";s:10:"image/jpeg";}}s:10:"image_meta";a:12:{s:8:"aperture";s:1:"0";s:6:"credit";s:0:"";s:6:"camera";s:0:"";s:7:"caption";s:0:"";s:17:"created_timestamp";s:1:"0";s:9:"copyright";s:0:"";s:12:"focal_length";s:1:"0";s:3:"iso";s:1:"0";s:13:"shutter_speed";s:1:"0";s:5:"title";s:0:"";s:11:"orientation";s:1:"0";s:8:"keywords";a:0:{}}}]]></wp:meta_value>
		</wp:postmeta>
	</item>
	<item>
		<title>dmg-mori</title>
		<link>http://wp-prd.trademachines.com/it/tm-content/homepage-seo-content-box/dmg-mori-2/</link>
		<pubDate>Thu, 24 Aug 2017 13:36:13 +0000</pubDate>
		<dc:creator><![CDATA[dparravano]]></dc:creator>
		<guid isPermaLink="false">http://wp-prd.trademachines.com/it/wp-content/uploads/sites/9/2016/03/dmg-mori.jpg</guid>
		<description></description>
		<content:encoded><![CDATA[]]></content:encoded>
		<excerpt:encoded><![CDATA[]]></excerpt:encoded>
		<wp:post_id>4635</wp:post_id>
		<wp:post_date><![CDATA[2017-08-24 13:36:13]]></wp:post_date>
		<wp:post_date_gmt><![CDATA[2017-08-24 13:36:13]]></wp:post_date_gmt>
		<wp:comment_status><![CDATA[open]]></wp:comment_status>
		<wp:ping_status><![CDATA[closed]]></wp:ping_status>
		<wp:post_name><![CDATA[dmg-mori-2]]></wp:post_name>
		<wp:status><![CDATA[inherit]]></wp:status>
		<wp:post_parent>1355</wp:post_parent>
		<wp:menu_order>0</wp:menu_order>
		<wp:post_type><![CDATA[attachment]]></wp:post_type>
		<wp:post_password><![CDATA[]]></wp:post_password>
		<wp:is_sticky>0</wp:is_sticky>
		<wp:attachment_url><![CDATA[http://wp-prd.trademachines.com/it/wp-content/uploads/sites/9/2016/03/dmg-mori.jpg]]></wp:attachment_url>
		<wp:postmeta>
			<wp:meta_key><![CDATA[_wp_attached_file]]></wp:meta_key>
			<wp:meta_value><![CDATA[2016/03/dmg-mori.jpg]]></wp:meta_value>
		</wp:postmeta>
		<wp:postmeta>
			<wp:meta_key><![CDATA[_wp_attachment_metadata]]></wp:meta_key>
			<wp:meta_value><![CDATA[a:5:{s:5:"width";i:182;s:6:"height";i:182;s:4:"file";s:20:"2016/03/dmg-mori.jpg";s:5:"sizes";a:1:{s:9:"thumbnail";a:4:{s:4:"file";s:20:"dmg-mori-150x150.jpg";s:5:"width";i:150;s:6:"height";i:150;s:9:"mime-type";s:10:"image/jpeg";}}s:10:"image_meta";a:12:{s:8:"aperture";s:1:"0";s:6:"credit";s:0:"";s:6:"camera";s:0:"";s:7:"caption";s:0:"";s:17:"created_timestamp";s:1:"0";s:9:"copyright";s:0:"";s:12:"focal_length";s:1:"0";s:3:"iso";s:1:"0";s:13:"shutter_speed";s:1:"0";s:5:"title";s:0:"";s:11:"orientation";s:1:"0";s:8:"keywords";a:0:{}}}]]></wp:meta_value>
		</wp:postmeta>
	</item>
	<item>
		<title>escrapalia</title>
		<link>http://wp-prd.trademachines.com/it/tm-content/homepage-seo-content-box/escrapalia-2/</link>
		<pubDate>Thu, 24 Aug 2017 13:36:13 +0000</pubDate>
		<dc:creator><![CDATA[dparravano]]></dc:creator>
		<guid isPermaLink="false">http://wp-prd.trademachines.com/it/wp-content/uploads/sites/9/2016/03/escrapalia.jpg</guid>
		<description></description>
		<content:encoded><![CDATA[]]></content:encoded>
		<excerpt:encoded><![CDATA[]]></excerpt:encoded>
		<wp:post_id>4636</wp:post_id>
		<wp:post_date><![CDATA[2017-08-24 13:36:13]]></wp:post_date>
		<wp:post_date_gmt><![CDATA[2017-08-24 13:36:13]]></wp:post_date_gmt>
		<wp:comment_status><![CDATA[open]]></wp:comment_status>
		<wp:ping_status><![CDATA[closed]]></wp:ping_status>
		<wp:post_name><![CDATA[escrapalia-2]]></wp:post_name>
		<wp:status><![CDATA[inherit]]></wp:status>
		<wp:post_parent>1355</wp:post_parent>
		<wp:menu_order>0</wp:menu_order>
		<wp:post_type><![CDATA[attachment]]></wp:post_type>
		<wp:post_password><![CDATA[]]></wp:post_password>
		<wp:is_sticky>0</wp:is_sticky>
		<wp:attachment_url><![CDATA[http://wp-prd.trademachines.com/it/wp-content/uploads/sites/9/2016/03/escrapalia.jpg]]></wp:attachment_url>
		<wp:postmeta>
			<wp:meta_key><![CDATA[_wp_attached_file]]></wp:meta_key>
			<wp:meta_value><![CDATA[2016/03/escrapalia.jpg]]></wp:meta_value>
		</wp:postmeta>
		<wp:postmeta>
			<wp:meta_key><![CDATA[_wp_attachment_metadata]]></wp:meta_key>
			<wp:meta_value><![CDATA[a:5:{s:5:"width";i:182;s:6:"height";i:182;s:4:"file";s:22:"2016/03/escrapalia.jpg";s:5:"sizes";a:1:{s:9:"thumbnail";a:4:{s:4:"file";s:22:"escrapalia-150x150.jpg";s:5:"width";i:150;s:6:"height";i:150;s:9:"mime-type";s:10:"image/jpeg";}}s:10:"image_meta";a:12:{s:8:"aperture";s:1:"0";s:6:"credit";s:0:"";s:6:"camera";s:0:"";s:7:"caption";s:0:"";s:17:"created_timestamp";s:1:"0";s:9:"copyright";s:0:"";s:12:"focal_length";s:1:"0";s:3:"iso";s:1:"0";s:13:"shutter_speed";s:1:"0";s:5:"title";s:0:"";s:11:"orientation";s:1:"0";s:8:"keywords";a:0:{}}}]]></wp:meta_value>
		</wp:postmeta>
	</item>
	<item>
		<title>ex-factory</title>
		<link>http://wp-prd.trademachines.com/it/tm-content/homepage-seo-content-box/ex-factory-2/</link>
		<pubDate>Thu, 24 Aug 2017 13:36:14 +0000</pubDate>
		<dc:creator><![CDATA[dparravano]]></dc:creator>
		<guid isPermaLink="false">http://wp-prd.trademachines.com/it/wp-content/uploads/sites/9/2016/03/ex-factory.jpg</guid>
		<description></description>
		<content:encoded><![CDATA[]]></content:encoded>
		<excerpt:encoded><![CDATA[]]></excerpt:encoded>
		<wp:post_id>4637</wp:post_id>
		<wp:post_date><![CDATA[2017-08-24 13:36:14]]></wp:post_date>
		<wp:post_date_gmt><![CDATA[2017-08-24 13:36:14]]></wp:post_date_gmt>
		<wp:comment_status><![CDATA[open]]></wp:comment_status>
		<wp:ping_status><![CDATA[closed]]></wp:ping_status>
		<wp:post_name><![CDATA[ex-factory-2]]></wp:post_name>
		<wp:status><![CDATA[inherit]]></wp:status>
		<wp:post_parent>1355</wp:post_parent>
		<wp:menu_order>0</wp:menu_order>
		<wp:post_type><![CDATA[attachment]]></wp:post_type>
		<wp:post_password><![CDATA[]]></wp:post_password>
		<wp:is_sticky>0</wp:is_sticky>
		<wp:attachment_url><![CDATA[http://wp-prd.trademachines.com/it/wp-content/uploads/sites/9/2016/03/ex-factory.jpg]]></wp:attachment_url>
		<wp:postmeta>
			<wp:meta_key><![CDATA[_wp_attached_file]]></wp:meta_key>
			<wp:meta_value><![CDATA[2016/03/ex-factory.jpg]]></wp:meta_value>
		</wp:postmeta>
		<wp:postmeta>
			<wp:meta_key><![CDATA[_wp_attachment_metadata]]></wp:meta_key>
			<wp:meta_value><![CDATA[a:5:{s:5:"width";i:182;s:6:"height";i:182;s:4:"file";s:22:"2016/03/ex-factory.jpg";s:5:"sizes";a:1:{s:9:"thumbnail";a:4:{s:4:"file";s:22:"ex-factory-150x150.jpg";s:5:"width";i:150;s:6:"height";i:150;s:9:"mime-type";s:10:"image/jpeg";}}s:10:"image_meta";a:12:{s:8:"aperture";s:1:"0";s:6:"credit";s:0:"";s:6:"camera";s:0:"";s:7:"caption";s:0:"";s:17:"created_timestamp";s:1:"0";s:9:"copyright";s:0:"";s:12:"focal_length";s:1:"0";s:3:"iso";s:1:"0";s:13:"shutter_speed";s:1:"0";s:5:"title";s:0:"";s:11:"orientation";s:1:"0";s:8:"keywords";a:0:{}}}]]></wp:meta_value>
		</wp:postmeta>
	</item>
	<item>
		<title>fed-quip-company</title>
		<link>http://wp-prd.trademachines.com/it/tm-content/homepage-seo-content-box/fed-quip-company/</link>
		<pubDate>Thu, 24 Aug 2017 13:36:14 +0000</pubDate>
		<dc:creator><![CDATA[dparravano]]></dc:creator>
		<guid isPermaLink="false">http://wp-prd.trademachines.com/it/wp-content/uploads/sites/9/2016/03/fed-quip-company.jpg</guid>
		<description></description>
		<content:encoded><![CDATA[]]></content:encoded>
		<excerpt:encoded><![CDATA[]]></excerpt:encoded>
		<wp:post_id>4638</wp:post_id>
		<wp:post_date><![CDATA[2017-08-24 13:36:14]]></wp:post_date>
		<wp:post_date_gmt><![CDATA[2017-08-24 13:36:14]]></wp:post_date_gmt>
		<wp:comment_status><![CDATA[open]]></wp:comment_status>
		<wp:ping_status><![CDATA[closed]]></wp:ping_status>
		<wp:post_name><![CDATA[fed-quip-company]]></wp:post_name>
		<wp:status><![CDATA[inherit]]></wp:status>
		<wp:post_parent>1355</wp:post_parent>
		<wp:menu_order>0</wp:menu_order>
		<wp:post_type><![CDATA[attachment]]></wp:post_type>
		<wp:post_password><![CDATA[]]></wp:post_password>
		<wp:is_sticky>0</wp:is_sticky>
		<wp:attachment_url><![CDATA[http://wp-prd.trademachines.com/it/wp-content/uploads/sites/9/2016/03/fed-quip-company.jpg]]></wp:attachment_url>
		<wp:postmeta>
			<wp:meta_key><![CDATA[_wp_attached_file]]></wp:meta_key>
			<wp:meta_value><![CDATA[2016/03/fed-quip-company.jpg]]></wp:meta_value>
		</wp:postmeta>
		<wp:postmeta>
			<wp:meta_key><![CDATA[_wp_attachment_metadata]]></wp:meta_key>
			<wp:meta_value><![CDATA[a:5:{s:5:"width";i:182;s:6:"height";i:182;s:4:"file";s:28:"2016/03/fed-quip-company.jpg";s:5:"sizes";a:1:{s:9:"thumbnail";a:4:{s:4:"file";s:28:"fed-quip-company-150x150.jpg";s:5:"width";i:150;s:6:"height";i:150;s:9:"mime-type";s:10:"image/jpeg";}}s:10:"image_meta";a:12:{s:8:"aperture";s:1:"0";s:6:"credit";s:0:"";s:6:"camera";s:0:"";s:7:"caption";s:0:"";s:17:"created_timestamp";s:1:"0";s:9:"copyright";s:0:"";s:12:"focal_length";s:1:"0";s:3:"iso";s:1:"0";s:13:"shutter_speed";s:1:"0";s:5:"title";s:0:"";s:11:"orientation";s:1:"0";s:8:"keywords";a:0:{}}}]]></wp:meta_value>
		</wp:postmeta>
	</item>
	<item>
		<title>gehl</title>
		<link>http://wp-prd.trademachines.com/it/tm-content/homepage-seo-content-box/gehl/</link>
		<pubDate>Thu, 24 Aug 2017 13:36:15 +0000</pubDate>
		<dc:creator><![CDATA[dparravano]]></dc:creator>
		<guid isPermaLink="false">http://wp-prd.trademachines.com/it/wp-content/uploads/sites/9/2016/03/gehl.jpg</guid>
		<description></description>
		<content:encoded><![CDATA[]]></content:encoded>
		<excerpt:encoded><![CDATA[]]></excerpt:encoded>
		<wp:post_id>4639</wp:post_id>
		<wp:post_date><![CDATA[2017-08-24 13:36:15]]></wp:post_date>
		<wp:post_date_gmt><![CDATA[2017-08-24 13:36:15]]></wp:post_date_gmt>
		<wp:comment_status><![CDATA[open]]></wp:comment_status>
		<wp:ping_status><![CDATA[closed]]></wp:ping_status>
		<wp:post_name><![CDATA[gehl]]></wp:post_name>
		<wp:status><![CDATA[inherit]]></wp:status>
		<wp:post_parent>1355</wp:post_parent>
		<wp:menu_order>0</wp:menu_order>
		<wp:post_type><![CDATA[attachment]]></wp:post_type>
		<wp:post_password><![CDATA[]]></wp:post_password>
		<wp:is_sticky>0</wp:is_sticky>
		<wp:attachment_url><![CDATA[http://wp-prd.trademachines.com/it/wp-content/uploads/sites/9/2016/03/gehl.jpg]]></wp:attachment_url>
		<wp:postmeta>
			<wp:meta_key><![CDATA[_wp_attached_file]]></wp:meta_key>
			<wp:meta_value><![CDATA[2016/03/gehl.jpg]]></wp:meta_value>
		</wp:postmeta>
		<wp:postmeta>
			<wp:meta_key><![CDATA[_wp_attachment_metadata]]></wp:meta_key>
			<wp:meta_value><![CDATA[a:5:{s:5:"width";i:182;s:6:"height";i:182;s:4:"file";s:16:"2016/03/gehl.jpg";s:5:"sizes";a:1:{s:9:"thumbnail";a:4:{s:4:"file";s:16:"gehl-150x150.jpg";s:5:"width";i:150;s:6:"height";i:150;s:9:"mime-type";s:10:"image/jpeg";}}s:10:"image_meta";a:12:{s:8:"aperture";s:1:"0";s:6:"credit";s:0:"";s:6:"camera";s:0:"";s:7:"caption";s:0:"";s:17:"created_timestamp";s:1:"0";s:9:"copyright";s:0:"";s:12:"focal_length";s:1:"0";s:3:"iso";s:1:"0";s:13:"shutter_speed";s:1:"0";s:5:"title";s:0:"";s:11:"orientation";s:1:"0";s:8:"keywords";a:0:{}}}]]></wp:meta_value>
		</wp:postmeta>
	</item>
	<item>
		<title>hoechsmann</title>
		<link>http://wp-prd.trademachines.com/it/tm-content/homepage-seo-content-box/hoechsmann/</link>
		<pubDate>Thu, 24 Aug 2017 13:36:15 +0000</pubDate>
		<dc:creator><![CDATA[dparravano]]></dc:creator>
		<guid isPermaLink="false">http://wp-prd.trademachines.com/it/wp-content/uploads/sites/9/2016/03/hoechsmann.jpg</guid>
		<description></description>
		<content:encoded><![CDATA[]]></content:encoded>
		<excerpt:encoded><![CDATA[]]></excerpt:encoded>
		<wp:post_id>4640</wp:post_id>
		<wp:post_date><![CDATA[2017-08-24 13:36:15]]></wp:post_date>
		<wp:post_date_gmt><![CDATA[2017-08-24 13:36:15]]></wp:post_date_gmt>
		<wp:comment_status><![CDATA[open]]></wp:comment_status>
		<wp:ping_status><![CDATA[closed]]></wp:ping_status>
		<wp:post_name><![CDATA[hoechsmann]]></wp:post_name>
		<wp:status><![CDATA[inherit]]></wp:status>
		<wp:post_parent>1355</wp:post_parent>
		<wp:menu_order>0</wp:menu_order>
		<wp:post_type><![CDATA[attachment]]></wp:post_type>
		<wp:post_password><![CDATA[]]></wp:post_password>
		<wp:is_sticky>0</wp:is_sticky>
		<wp:attachment_url><![CDATA[http://wp-prd.trademachines.com/it/wp-content/uploads/sites/9/2016/03/hoechsmann.jpg]]></wp:attachment_url>
		<wp:postmeta>
			<wp:meta_key><![CDATA[_wp_attached_file]]></wp:meta_key>
			<wp:meta_value><![CDATA[2016/03/hoechsmann.jpg]]></wp:meta_value>
		</wp:postmeta>
		<wp:postmeta>
			<wp:meta_key><![CDATA[_wp_attachment_metadata]]></wp:meta_key>
			<wp:meta_value><![CDATA[a:5:{s:5:"width";i:182;s:6:"height";i:182;s:4:"file";s:22:"2016/03/hoechsmann.jpg";s:5:"sizes";a:1:{s:9:"thumbnail";a:4:{s:4:"file";s:22:"hoechsmann-150x150.jpg";s:5:"width";i:150;s:6:"height";i:150;s:9:"mime-type";s:10:"image/jpeg";}}s:10:"image_meta";a:12:{s:8:"aperture";s:1:"0";s:6:"credit";s:0:"";s:6:"camera";s:0:"";s:7:"caption";s:0:"";s:17:"created_timestamp";s:1:"0";s:9:"copyright";s:0:"";s:12:"focal_length";s:1:"0";s:3:"iso";s:1:"0";s:13:"shutter_speed";s:1:"0";s:5:"title";s:0:"";s:11:"orientation";s:1:"0";s:8:"keywords";a:0:{}}}]]></wp:meta_value>
		</wp:postmeta>
	</item>
	<item>
		<title>homag</title>
		<link>http://wp-prd.trademachines.com/it/tm-content/homepage-seo-content-box/homag/</link>
		<pubDate>Thu, 24 Aug 2017 13:36:15 +0000</pubDate>
		<dc:creator><![CDATA[dparravano]]></dc:creator>
		<guid isPermaLink="false">http://wp-prd.trademachines.com/it/wp-content/uploads/sites/9/2016/03/homag.jpg</guid>
		<description></description>
		<content:encoded><![CDATA[]]></content:encoded>
		<excerpt:encoded><![CDATA[]]></excerpt:encoded>
		<wp:post_id>4641</wp:post_id>
		<wp:post_date><![CDATA[2017-08-24 13:36:15]]></wp:post_date>
		<wp:post_date_gmt><![CDATA[2017-08-24 13:36:15]]></wp:post_date_gmt>
		<wp:comment_status><![CDATA[open]]></wp:comment_status>
		<wp:ping_status><![CDATA[closed]]></wp:ping_status>
		<wp:post_name><![CDATA[homag]]></wp:post_name>
		<wp:status><![CDATA[inherit]]></wp:status>
		<wp:post_parent>1355</wp:post_parent>
		<wp:menu_order>0</wp:menu_order>
		<wp:post_type><![CDATA[attachment]]></wp:post_type>
		<wp:post_password><![CDATA[]]></wp:post_password>
		<wp:is_sticky>0</wp:is_sticky>
		<wp:attachment_url><![CDATA[http://wp-prd.trademachines.com/it/wp-content/uploads/sites/9/2016/03/homag.jpg]]></wp:attachment_url>
		<wp:postmeta>
			<wp:meta_key><![CDATA[_wp_attached_file]]></wp:meta_key>
			<wp:meta_value><![CDATA[2016/03/homag.jpg]]></wp:meta_value>
		</wp:postmeta>
		<wp:postmeta>
			<wp:meta_key><![CDATA[_wp_attachment_metadata]]></wp:meta_key>
			<wp:meta_value><![CDATA[a:5:{s:5:"width";i:182;s:6:"height";i:182;s:4:"file";s:17:"2016/03/homag.jpg";s:5:"sizes";a:1:{s:9:"thumbnail";a:4:{s:4:"file";s:17:"homag-150x150.jpg";s:5:"width";i:150;s:6:"height";i:150;s:9:"mime-type";s:10:"image/jpeg";}}s:10:"image_meta";a:12:{s:8:"aperture";s:1:"0";s:6:"credit";s:0:"";s:6:"camera";s:0:"";s:7:"caption";s:0:"";s:17:"created_timestamp";s:1:"0";s:9:"copyright";s:0:"";s:12:"focal_length";s:1:"0";s:3:"iso";s:1:"0";s:13:"shutter_speed";s:1:"0";s:5:"title";s:0:"";s:11:"orientation";s:1:"0";s:8:"keywords";a:0:{}}}]]></wp:meta_value>
		</wp:postmeta>
	</item>
	<item>
		<title>ivg</title>
		<link>http://wp-prd.trademachines.com/it/tm-content/homepage-seo-content-box/ivg-2/</link>
		<pubDate>Thu, 24 Aug 2017 13:36:16 +0000</pubDate>
		<dc:creator><![CDATA[dparravano]]></dc:creator>
		<guid isPermaLink="false">http://wp-prd.trademachines.com/it/wp-content/uploads/sites/9/2016/03/ivg.jpg</guid>
		<description></description>
		<content:encoded><![CDATA[]]></content:encoded>
		<excerpt:encoded><![CDATA[]]></excerpt:encoded>
		<wp:post_id>4642</wp:post_id>
		<wp:post_date><![CDATA[2017-08-24 13:36:16]]></wp:post_date>
		<wp:post_date_gmt><![CDATA[2017-08-24 13:36:16]]></wp:post_date_gmt>
		<wp:comment_status><![CDATA[open]]></wp:comment_status>
		<wp:ping_status><![CDATA[closed]]></wp:ping_status>
		<wp:post_name><![CDATA[ivg-2]]></wp:post_name>
		<wp:status><![CDATA[inherit]]></wp:status>
		<wp:post_parent>1355</wp:post_parent>
		<wp:menu_order>0</wp:menu_order>
		<wp:post_type><![CDATA[attachment]]></wp:post_type>
		<wp:post_password><![CDATA[]]></wp:post_password>
		<wp:is_sticky>0</wp:is_sticky>
		<wp:attachment_url><![CDATA[http://wp-prd.trademachines.com/it/wp-content/uploads/sites/9/2016/03/ivg.jpg]]></wp:attachment_url>
		<wp:postmeta>
			<wp:meta_key><![CDATA[_wp_attached_file]]></wp:meta_key>
			<wp:meta_value><![CDATA[2016/03/ivg.jpg]]></wp:meta_value>
		</wp:postmeta>
		<wp:postmeta>
			<wp:meta_key><![CDATA[_wp_attachment_metadata]]></wp:meta_key>
			<wp:meta_value><![CDATA[a:5:{s:5:"width";i:182;s:6:"height";i:182;s:4:"file";s:15:"2016/03/ivg.jpg";s:5:"sizes";a:1:{s:9:"thumbnail";a:4:{s:4:"file";s:15:"ivg-150x150.jpg";s:5:"width";i:150;s:6:"height";i:150;s:9:"mime-type";s:10:"image/jpeg";}}s:10:"image_meta";a:12:{s:8:"aperture";s:1:"0";s:6:"credit";s:0:"";s:6:"camera";s:0:"";s:7:"caption";s:0:"";s:17:"created_timestamp";s:1:"0";s:9:"copyright";s:0:"";s:12:"focal_length";s:1:"0";s:3:"iso";s:1:"0";s:13:"shutter_speed";s:1:"0";s:5:"title";s:0:"";s:11:"orientation";s:1:"0";s:8:"keywords";a:0:{}}}]]></wp:meta_value>
		</wp:postmeta>
	</item>
	<item>
		<title>JCB</title>
		<link>http://wp-prd.trademachines.com/it/tm-content/homepage-seo-content-box/jcb/</link>
		<pubDate>Thu, 24 Aug 2017 13:36:16 +0000</pubDate>
		<dc:creator><![CDATA[dparravano]]></dc:creator>
		<guid isPermaLink="false">http://wp-prd.trademachines.com/it/wp-content/uploads/sites/9/2016/03/JCB.jpg</guid>
		<description></description>
		<content:encoded><![CDATA[]]></content:encoded>
		<excerpt:encoded><![CDATA[]]></excerpt:encoded>
		<wp:post_id>4643</wp:post_id>
		<wp:post_date><![CDATA[2017-08-24 13:36:16]]></wp:post_date>
		<wp:post_date_gmt><![CDATA[2017-08-24 13:36:16]]></wp:post_date_gmt>
		<wp:comment_status><![CDATA[open]]></wp:comment_status>
		<wp:ping_status><![CDATA[closed]]></wp:ping_status>
		<wp:post_name><![CDATA[jcb]]></wp:post_name>
		<wp:status><![CDATA[inherit]]></wp:status>
		<wp:post_parent>1355</wp:post_parent>
		<wp:menu_order>0</wp:menu_order>
		<wp:post_type><![CDATA[attachment]]></wp:post_type>
		<wp:post_password><![CDATA[]]></wp:post_password>
		<wp:is_sticky>0</wp:is_sticky>
		<wp:attachment_url><![CDATA[http://wp-prd.trademachines.com/it/wp-content/uploads/sites/9/2016/03/JCB.jpg]]></wp:attachment_url>
		<wp:postmeta>
			<wp:meta_key><![CDATA[_wp_attached_file]]></wp:meta_key>
			<wp:meta_value><![CDATA[2016/03/JCB.jpg]]></wp:meta_value>
		</wp:postmeta>
		<wp:postmeta>
			<wp:meta_key><![CDATA[_wp_attachment_metadata]]></wp:meta_key>
			<wp:meta_value><![CDATA[a:5:{s:5:"width";i:182;s:6:"height";i:182;s:4:"file";s:15:"2016/03/JCB.jpg";s:5:"sizes";a:1:{s:9:"thumbnail";a:4:{s:4:"file";s:15:"JCB-150x150.jpg";s:5:"width";i:150;s:6:"height";i:150;s:9:"mime-type";s:10:"image/jpeg";}}s:10:"image_meta";a:12:{s:8:"aperture";s:1:"0";s:6:"credit";s:0:"";s:6:"camera";s:0:"";s:7:"caption";s:0:"";s:17:"created_timestamp";s:1:"0";s:9:"copyright";s:0:"";s:12:"focal_length";s:1:"0";s:3:"iso";s:1:"0";s:13:"shutter_speed";s:1:"0";s:5:"title";s:0:"";s:11:"orientation";s:1:"0";s:8:"keywords";a:0:{}}}]]></wp:meta_value>
		</wp:postmeta>
	</item>
	<item>
		<title>komatsu</title>
		<link>http://wp-prd.trademachines.com/it/tm-content/homepage-seo-content-box/komatsu/</link>
		<pubDate>Thu, 24 Aug 2017 13:36:17 +0000</pubDate>
		<dc:creator><![CDATA[dparravano]]></dc:creator>
		<guid isPermaLink="false">http://wp-prd.trademachines.com/it/wp-content/uploads/sites/9/2016/03/komatsu.jpg</guid>
		<description></description>
		<content:encoded><![CDATA[]]></content:encoded>
		<excerpt:encoded><![CDATA[]]></excerpt:encoded>
		<wp:post_id>4644</wp:post_id>
		<wp:post_date><![CDATA[2017-08-24 13:36:17]]></wp:post_date>
		<wp:post_date_gmt><![CDATA[2017-08-24 13:36:17]]></wp:post_date_gmt>
		<wp:comment_status><![CDATA[open]]></wp:comment_status>
		<wp:ping_status><![CDATA[closed]]></wp:ping_status>
		<wp:post_name><![CDATA[komatsu]]></wp:post_name>
		<wp:status><![CDATA[inherit]]></wp:status>
		<wp:post_parent>1355</wp:post_parent>
		<wp:menu_order>0</wp:menu_order>
		<wp:post_type><![CDATA[attachment]]></wp:post_type>
		<wp:post_password><![CDATA[]]></wp:post_password>
		<wp:is_sticky>0</wp:is_sticky>
		<wp:attachment_url><![CDATA[http://wp-prd.trademachines.com/it/wp-content/uploads/sites/9/2016/03/komatsu.jpg]]></wp:attachment_url>
		<wp:postmeta>
			<wp:meta_key><![CDATA[_wp_attached_file]]></wp:meta_key>
			<wp:meta_value><![CDATA[2016/03/komatsu.jpg]]></wp:meta_value>
		</wp:postmeta>
		<wp:postmeta>
			<wp:meta_key><![CDATA[_wp_attachment_metadata]]></wp:meta_key>
			<wp:meta_value><![CDATA[a:5:{s:5:"width";i:182;s:6:"height";i:182;s:4:"file";s:19:"2016/03/komatsu.jpg";s:5:"sizes";a:1:{s:9:"thumbnail";a:4:{s:4:"file";s:19:"komatsu-150x150.jpg";s:5:"width";i:150;s:6:"height";i:150;s:9:"mime-type";s:10:"image/jpeg";}}s:10:"image_meta";a:12:{s:8:"aperture";s:1:"0";s:6:"credit";s:0:"";s:6:"camera";s:0:"";s:7:"caption";s:0:"";s:17:"created_timestamp";s:1:"0";s:9:"copyright";s:0:"";s:12:"focal_length";s:1:"0";s:3:"iso";s:1:"0";s:13:"shutter_speed";s:1:"0";s:5:"title";s:0:"";s:11:"orientation";s:1:"0";s:8:"keywords";a:0:{}}}]]></wp:meta_value>
		</wp:postmeta>
	</item>
	<item>
		<title>kramer</title>
		<link>http://wp-prd.trademachines.com/it/tm-content/homepage-seo-content-box/kramer/</link>
		<pubDate>Thu, 24 Aug 2017 13:36:17 +0000</pubDate>
		<dc:creator><![CDATA[dparravano]]></dc:creator>
		<guid isPermaLink="false">http://wp-prd.trademachines.com/it/wp-content/uploads/sites/9/2016/03/kramer.jpg</guid>
		<description></description>
		<content:encoded><![CDATA[]]></content:encoded>
		<excerpt:encoded><![CDATA[]]></excerpt:encoded>
		<wp:post_id>4645</wp:post_id>
		<wp:post_date><![CDATA[2017-08-24 13:36:17]]></wp:post_date>
		<wp:post_date_gmt><![CDATA[2017-08-24 13:36:17]]></wp:post_date_gmt>
		<wp:comment_status><![CDATA[open]]></wp:comment_status>
		<wp:ping_status><![CDATA[closed]]></wp:ping_status>
		<wp:post_name><![CDATA[kramer]]></wp:post_name>
		<wp:status><![CDATA[inherit]]></wp:status>
		<wp:post_parent>1355</wp:post_parent>
		<wp:menu_order>0</wp:menu_order>
		<wp:post_type><![CDATA[attachment]]></wp:post_type>
		<wp:post_password><![CDATA[]]></wp:post_password>
		<wp:is_sticky>0</wp:is_sticky>
		<wp:attachment_url><![CDATA[http://wp-prd.trademachines.com/it/wp-content/uploads/sites/9/2016/03/kramer.jpg]]></wp:attachment_url>
		<wp:postmeta>
			<wp:meta_key><![CDATA[_wp_attached_file]]></wp:meta_key>
			<wp:meta_value><![CDATA[2016/03/kramer.jpg]]></wp:meta_value>
		</wp:postmeta>
		<wp:postmeta>
			<wp:meta_key><![CDATA[_wp_attachment_metadata]]></wp:meta_key>
			<wp:meta_value><![CDATA[a:5:{s:5:"width";i:182;s:6:"height";i:182;s:4:"file";s:18:"2016/03/kramer.jpg";s:5:"sizes";a:1:{s:9:"thumbnail";a:4:{s:4:"file";s:18:"kramer-150x150.jpg";s:5:"width";i:150;s:6:"height";i:150;s:9:"mime-type";s:10:"image/jpeg";}}s:10:"image_meta";a:12:{s:8:"aperture";s:1:"0";s:6:"credit";s:0:"";s:6:"camera";s:0:"";s:7:"caption";s:0:"";s:17:"created_timestamp";s:1:"0";s:9:"copyright";s:0:"";s:12:"focal_length";s:1:"0";s:3:"iso";s:1:"0";s:13:"shutter_speed";s:1:"0";s:5:"title";s:0:"";s:11:"orientation";s:1:"0";s:8:"keywords";a:0:{}}}]]></wp:meta_value>
		</wp:postmeta>
	</item>
	<item>
		<title>kuhn</title>
		<link>http://wp-prd.trademachines.com/it/tm-content/homepage-seo-content-box/kuhn/</link>
		<pubDate>Thu, 24 Aug 2017 13:36:18 +0000</pubDate>
		<dc:creator><![CDATA[dparravano]]></dc:creator>
		<guid isPermaLink="false">http://wp-prd.trademachines.com/it/wp-content/uploads/sites/9/2016/03/kuhn.jpg</guid>
		<description></description>
		<content:encoded><![CDATA[]]></content:encoded>
		<excerpt:encoded><![CDATA[]]></excerpt:encoded>
		<wp:post_id>4646</wp:post_id>
		<wp:post_date><![CDATA[2017-08-24 13:36:18]]></wp:post_date>
		<wp:post_date_gmt><![CDATA[2017-08-24 13:36:18]]></wp:post_date_gmt>
		<wp:comment_status><![CDATA[open]]></wp:comment_status>
		<wp:ping_status><![CDATA[closed]]></wp:ping_status>
		<wp:post_name><![CDATA[kuhn]]></wp:post_name>
		<wp:status><![CDATA[inherit]]></wp:status>
		<wp:post_parent>1355</wp:post_parent>
		<wp:menu_order>0</wp:menu_order>
		<wp:post_type><![CDATA[attachment]]></wp:post_type>
		<wp:post_password><![CDATA[]]></wp:post_password>
		<wp:is_sticky>0</wp:is_sticky>
		<wp:attachment_url><![CDATA[http://wp-prd.trademachines.com/it/wp-content/uploads/sites/9/2016/03/kuhn.jpg]]></wp:attachment_url>
		<wp:postmeta>
			<wp:meta_key><![CDATA[_wp_attached_file]]></wp:meta_key>
			<wp:meta_value><![CDATA[2016/03/kuhn.jpg]]></wp:meta_value>
		</wp:postmeta>
		<wp:postmeta>
			<wp:meta_key><![CDATA[_wp_attachment_metadata]]></wp:meta_key>
			<wp:meta_value><![CDATA[a:5:{s:5:"width";i:182;s:6:"height";i:182;s:4:"file";s:16:"2016/03/kuhn.jpg";s:5:"sizes";a:1:{s:9:"thumbnail";a:4:{s:4:"file";s:16:"kuhn-150x150.jpg";s:5:"width";i:150;s:6:"height";i:150;s:9:"mime-type";s:10:"image/jpeg";}}s:10:"image_meta";a:12:{s:8:"aperture";s:1:"0";s:6:"credit";s:0:"";s:6:"camera";s:0:"";s:7:"caption";s:0:"";s:17:"created_timestamp";s:1:"0";s:9:"copyright";s:0:"";s:12:"focal_length";s:1:"0";s:3:"iso";s:1:"0";s:13:"shutter_speed";s:1:"0";s:5:"title";s:0:"";s:11:"orientation";s:1:"0";s:8:"keywords";a:0:{}}}]]></wp:meta_value>
		</wp:postmeta>
	</item>
	<item>
		<title>kuka</title>
		<link>http://wp-prd.trademachines.com/it/tm-content/homepage-seo-content-box/kuka/</link>
		<pubDate>Thu, 24 Aug 2017 13:36:18 +0000</pubDate>
		<dc:creator><![CDATA[dparravano]]></dc:creator>
		<guid isPermaLink="false">http://wp-prd.trademachines.com/it/wp-content/uploads/sites/9/2016/03/kuka.jpg</guid>
		<description></description>
		<content:encoded><![CDATA[]]></content:encoded>
		<excerpt:encoded><![CDATA[]]></excerpt:encoded>
		<wp:post_id>4647</wp:post_id>
		<wp:post_date><![CDATA[2017-08-24 13:36:18]]></wp:post_date>
		<wp:post_date_gmt><![CDATA[2017-08-24 13:36:18]]></wp:post_date_gmt>
		<wp:comment_status><![CDATA[open]]></wp:comment_status>
		<wp:ping_status><![CDATA[closed]]></wp:ping_status>
		<wp:post_name><![CDATA[kuka]]></wp:post_name>
		<wp:status><![CDATA[inherit]]></wp:status>
		<wp:post_parent>1355</wp:post_parent>
		<wp:menu_order>0</wp:menu_order>
		<wp:post_type><![CDATA[attachment]]></wp:post_type>
		<wp:post_password><![CDATA[]]></wp:post_password>
		<wp:is_sticky>0</wp:is_sticky>
		<wp:attachment_url><![CDATA[http://wp-prd.trademachines.com/it/wp-content/uploads/sites/9/2016/03/kuka.jpg]]></wp:attachment_url>
		<wp:postmeta>
			<wp:meta_key><![CDATA[_wp_attached_file]]></wp:meta_key>
			<wp:meta_value><![CDATA[2016/03/kuka.jpg]]></wp:meta_value>
		</wp:postmeta>
		<wp:postmeta>
			<wp:meta_key><![CDATA[_wp_attachment_metadata]]></wp:meta_key>
			<wp:meta_value><![CDATA[a:5:{s:5:"width";i:182;s:6:"height";i:182;s:4:"file";s:16:"2016/03/kuka.jpg";s:5:"sizes";a:1:{s:9:"thumbnail";a:4:{s:4:"file";s:16:"kuka-150x150.jpg";s:5:"width";i:150;s:6:"height";i:150;s:9:"mime-type";s:10:"image/jpeg";}}s:10:"image_meta";a:12:{s:8:"aperture";s:1:"0";s:6:"credit";s:0:"";s:6:"camera";s:0:"";s:7:"caption";s:0:"";s:17:"created_timestamp";s:1:"0";s:9:"copyright";s:0:"";s:12:"focal_length";s:1:"0";s:3:"iso";s:1:"0";s:13:"shutter_speed";s:1:"0";s:5:"title";s:0:"";s:11:"orientation";s:1:"0";s:8:"keywords";a:0:{}}}]]></wp:meta_value>
		</wp:postmeta>
	</item>
	<item>
		<title>linde</title>
		<link>http://wp-prd.trademachines.com/it/tm-content/homepage-seo-content-box/linde/</link>
		<pubDate>Thu, 24 Aug 2017 13:36:18 +0000</pubDate>
		<dc:creator><![CDATA[dparravano]]></dc:creator>
		<guid isPermaLink="false">http://wp-prd.trademachines.com/it/wp-content/uploads/sites/9/2016/03/linde.jpg</guid>
		<description></description>
		<content:encoded><![CDATA[]]></content:encoded>
		<excerpt:encoded><![CDATA[]]></excerpt:encoded>
		<wp:post_id>4648</wp:post_id>
		<wp:post_date><![CDATA[2017-08-24 13:36:18]]></wp:post_date>
		<wp:post_date_gmt><![CDATA[2017-08-24 13:36:18]]></wp:post_date_gmt>
		<wp:comment_status><![CDATA[open]]></wp:comment_status>
		<wp:ping_status><![CDATA[closed]]></wp:ping_status>
		<wp:post_name><![CDATA[linde]]></wp:post_name>
		<wp:status><![CDATA[inherit]]></wp:status>
		<wp:post_parent>1355</wp:post_parent>
		<wp:menu_order>0</wp:menu_order>
		<wp:post_type><![CDATA[attachment]]></wp:post_type>
		<wp:post_password><![CDATA[]]></wp:post_password>
		<wp:is_sticky>0</wp:is_sticky>
		<wp:attachment_url><![CDATA[http://wp-prd.trademachines.com/it/wp-content/uploads/sites/9/2016/03/linde.jpg]]></wp:attachment_url>
		<wp:postmeta>
			<wp:meta_key><![CDATA[_wp_attached_file]]></wp:meta_key>
			<wp:meta_value><![CDATA[2016/03/linde.jpg]]></wp:meta_value>
		</wp:postmeta>
		<wp:postmeta>
			<wp:meta_key><![CDATA[_wp_attachment_metadata]]></wp:meta_key>
			<wp:meta_value><![CDATA[a:5:{s:5:"width";i:182;s:6:"height";i:182;s:4:"file";s:17:"2016/03/linde.jpg";s:5:"sizes";a:1:{s:9:"thumbnail";a:4:{s:4:"file";s:17:"linde-150x150.jpg";s:5:"width";i:150;s:6:"height";i:150;s:9:"mime-type";s:10:"image/jpeg";}}s:10:"image_meta";a:12:{s:8:"aperture";s:1:"0";s:6:"credit";s:0:"";s:6:"camera";s:0:"";s:7:"caption";s:0:"";s:17:"created_timestamp";s:1:"0";s:9:"copyright";s:0:"";s:12:"focal_length";s:1:"0";s:3:"iso";s:1:"0";s:13:"shutter_speed";s:1:"0";s:5:"title";s:0:"";s:11:"orientation";s:1:"0";s:8:"keywords";a:0:{}}}]]></wp:meta_value>
		</wp:postmeta>
	</item>
	<item>
		<title>liquidity-service</title>
		<link>http://wp-prd.trademachines.com/it/tm-content/homepage-seo-content-box/liquidity-service/</link>
		<pubDate>Thu, 24 Aug 2017 13:36:19 +0000</pubDate>
		<dc:creator><![CDATA[dparravano]]></dc:creator>
		<guid isPermaLink="false">http://wp-prd.trademachines.com/it/wp-content/uploads/sites/9/2016/03/liquidity-service.jpg</guid>
		<description></description>
		<content:encoded><![CDATA[]]></content:encoded>
		<excerpt:encoded><![CDATA[]]></excerpt:encoded>
		<wp:post_id>4649</wp:post_id>
		<wp:post_date><![CDATA[2017-08-24 13:36:19]]></wp:post_date>
		<wp:post_date_gmt><![CDATA[2017-08-24 13:36:19]]></wp:post_date_gmt>
		<wp:comment_status><![CDATA[open]]></wp:comment_status>
		<wp:ping_status><![CDATA[closed]]></wp:ping_status>
		<wp:post_name><![CDATA[liquidity-service]]></wp:post_name>
		<wp:status><![CDATA[inherit]]></wp:status>
		<wp:post_parent>1355</wp:post_parent>
		<wp:menu_order>0</wp:menu_order>
		<wp:post_type><![CDATA[attachment]]></wp:post_type>
		<wp:post_password><![CDATA[]]></wp:post_password>
		<wp:is_sticky>0</wp:is_sticky>
		<wp:attachment_url><![CDATA[http://wp-prd.trademachines.com/it/wp-content/uploads/sites/9/2016/03/liquidity-service.jpg]]></wp:attachment_url>
		<wp:postmeta>
			<wp:meta_key><![CDATA[_wp_attached_file]]></wp:meta_key>
			<wp:meta_value><![CDATA[2016/03/liquidity-service.jpg]]></wp:meta_value>
		</wp:postmeta>
		<wp:postmeta>
			<wp:meta_key><![CDATA[_wp_attachment_metadata]]></wp:meta_key>
			<wp:meta_value><![CDATA[a:5:{s:5:"width";i:182;s:6:"height";i:182;s:4:"file";s:29:"2016/03/liquidity-service.jpg";s:5:"sizes";a:1:{s:9:"thumbnail";a:4:{s:4:"file";s:29:"liquidity-service-150x150.jpg";s:5:"width";i:150;s:6:"height";i:150;s:9:"mime-type";s:10:"image/jpeg";}}s:10:"image_meta";a:12:{s:8:"aperture";s:1:"0";s:6:"credit";s:0:"";s:6:"camera";s:0:"";s:7:"caption";s:0:"";s:17:"created_timestamp";s:1:"0";s:9:"copyright";s:0:"";s:12:"focal_length";s:1:"0";s:3:"iso";s:1:"0";s:13:"shutter_speed";s:1:"0";s:5:"title";s:0:"";s:11:"orientation";s:1:"0";s:8:"keywords";a:0:{}}}]]></wp:meta_value>
		</wp:postmeta>
	</item>
	<item>
		<title>mazak</title>
		<link>http://wp-prd.trademachines.com/it/tm-content/homepage-seo-content-box/mazak/</link>
		<pubDate>Thu, 24 Aug 2017 13:36:19 +0000</pubDate>
		<dc:creator><![CDATA[dparravano]]></dc:creator>
		<guid isPermaLink="false">http://wp-prd.trademachines.com/it/wp-content/uploads/sites/9/2016/03/mazak.jpg</guid>
		<description></description>
		<content:encoded><![CDATA[]]></content:encoded>
		<excerpt:encoded><![CDATA[]]></excerpt:encoded>
		<wp:post_id>4650</wp:post_id>
		<wp:post_date><![CDATA[2017-08-24 13:36:19]]></wp:post_date>
		<wp:post_date_gmt><![CDATA[2017-08-24 13:36:19]]></wp:post_date_gmt>
		<wp:comment_status><![CDATA[open]]></wp:comment_status>
		<wp:ping_status><![CDATA[closed]]></wp:ping_status>
		<wp:post_name><![CDATA[mazak]]></wp:post_name>
		<wp:status><![CDATA[inherit]]></wp:status>
		<wp:post_parent>1355</wp:post_parent>
		<wp:menu_order>0</wp:menu_order>
		<wp:post_type><![CDATA[attachment]]></wp:post_type>
		<wp:post_password><![CDATA[]]></wp:post_password>
		<wp:is_sticky>0</wp:is_sticky>
		<wp:attachment_url><![CDATA[http://wp-prd.trademachines.com/it/wp-content/uploads/sites/9/2016/03/mazak.jpg]]></wp:attachment_url>
		<wp:postmeta>
			<wp:meta_key><![CDATA[_wp_attached_file]]></wp:meta_key>
			<wp:meta_value><![CDATA[2016/03/mazak.jpg]]></wp:meta_value>
		</wp:postmeta>
		<wp:postmeta>
			<wp:meta_key><![CDATA[_wp_attachment_metadata]]></wp:meta_key>
			<wp:meta_value><![CDATA[a:5:{s:5:"width";i:182;s:6:"height";i:182;s:4:"file";s:17:"2016/03/mazak.jpg";s:5:"sizes";a:1:{s:9:"thumbnail";a:4:{s:4:"file";s:17:"mazak-150x150.jpg";s:5:"width";i:150;s:6:"height";i:150;s:9:"mime-type";s:10:"image/jpeg";}}s:10:"image_meta";a:12:{s:8:"aperture";s:1:"0";s:6:"credit";s:0:"";s:6:"camera";s:0:"";s:7:"caption";s:0:"";s:17:"created_timestamp";s:1:"0";s:9:"copyright";s:0:"";s:12:"focal_length";s:1:"0";s:3:"iso";s:1:"0";s:13:"shutter_speed";s:1:"0";s:5:"title";s:0:"";s:11:"orientation";s:1:"0";s:8:"keywords";a:0:{}}}]]></wp:meta_value>
		</wp:postmeta>
	</item>
	<item>
		<title>perfection</title>
		<link>http://wp-prd.trademachines.com/it/tm-content/homepage-seo-content-box/perfection/</link>
		<pubDate>Thu, 24 Aug 2017 13:36:20 +0000</pubDate>
		<dc:creator><![CDATA[dparravano]]></dc:creator>
		<guid isPermaLink="false">http://wp-prd.trademachines.com/it/wp-content/uploads/sites/9/2016/03/perfection.jpg</guid>
		<description></description>
		<content:encoded><![CDATA[]]></content:encoded>
		<excerpt:encoded><![CDATA[]]></excerpt:encoded>
		<wp:post_id>4651</wp:post_id>
		<wp:post_date><![CDATA[2017-08-24 13:36:20]]></wp:post_date>
		<wp:post_date_gmt><![CDATA[2017-08-24 13:36:20]]></wp:post_date_gmt>
		<wp:comment_status><![CDATA[open]]></wp:comment_status>
		<wp:ping_status><![CDATA[closed]]></wp:ping_status>
		<wp:post_name><![CDATA[perfection]]></wp:post_name>
		<wp:status><![CDATA[inherit]]></wp:status>
		<wp:post_parent>1355</wp:post_parent>
		<wp:menu_order>0</wp:menu_order>
		<wp:post_type><![CDATA[attachment]]></wp:post_type>
		<wp:post_password><![CDATA[]]></wp:post_password>
		<wp:is_sticky>0</wp:is_sticky>
		<wp:attachment_url><![CDATA[http://wp-prd.trademachines.com/it/wp-content/uploads/sites/9/2016/03/perfection.jpg]]></wp:attachment_url>
		<wp:postmeta>
			<wp:meta_key><![CDATA[_wp_attached_file]]></wp:meta_key>
			<wp:meta_value><![CDATA[2016/03/perfection.jpg]]></wp:meta_value>
		</wp:postmeta>
		<wp:postmeta>
			<wp:meta_key><![CDATA[_wp_attachment_metadata]]></wp:meta_key>
			<wp:meta_value><![CDATA[a:5:{s:5:"width";i:182;s:6:"height";i:182;s:4:"file";s:22:"2016/03/perfection.jpg";s:5:"sizes";a:1:{s:9:"thumbnail";a:4:{s:4:"file";s:22:"perfection-150x150.jpg";s:5:"width";i:150;s:6:"height";i:150;s:9:"mime-type";s:10:"image/jpeg";}}s:10:"image_meta";a:12:{s:8:"aperture";s:1:"0";s:6:"credit";s:0:"";s:6:"camera";s:0:"";s:7:"caption";s:0:"";s:17:"created_timestamp";s:1:"0";s:9:"copyright";s:0:"";s:12:"focal_length";s:1:"0";s:3:"iso";s:1:"0";s:13:"shutter_speed";s:1:"0";s:5:"title";s:0:"";s:11:"orientation";s:1:"0";s:8:"keywords";a:0:{}}}]]></wp:meta_value>
		</wp:postmeta>
	</item>
	<item>
		<title>perlick</title>
		<link>http://wp-prd.trademachines.com/it/tm-content/homepage-seo-content-box/perlick-2/</link>
		<pubDate>Thu, 24 Aug 2017 13:36:20 +0000</pubDate>
		<dc:creator><![CDATA[dparravano]]></dc:creator>
		<guid isPermaLink="false">http://wp-prd.trademachines.com/it/wp-content/uploads/sites/9/2016/03/perlick.jpg</guid>
		<description></description>
		<content:encoded><![CDATA[]]></content:encoded>
		<excerpt:encoded><![CDATA[]]></excerpt:encoded>
		<wp:post_id>4652</wp:post_id>
		<wp:post_date><![CDATA[2017-08-24 13:36:20]]></wp:post_date>
		<wp:post_date_gmt><![CDATA[2017-08-24 13:36:20]]></wp:post_date_gmt>
		<wp:comment_status><![CDATA[open]]></wp:comment_status>
		<wp:ping_status><![CDATA[closed]]></wp:ping_status>
		<wp:post_name><![CDATA[perlick-2]]></wp:post_name>
		<wp:status><![CDATA[inherit]]></wp:status>
		<wp:post_parent>1355</wp:post_parent>
		<wp:menu_order>0</wp:menu_order>
		<wp:post_type><![CDATA[attachment]]></wp:post_type>
		<wp:post_password><![CDATA[]]></wp:post_password>
		<wp:is_sticky>0</wp:is_sticky>
		<wp:attachment_url><![CDATA[http://wp-prd.trademachines.com/it/wp-content/uploads/sites/9/2016/03/perlick.jpg]]></wp:attachment_url>
		<wp:postmeta>
			<wp:meta_key><![CDATA[_wp_attached_file]]></wp:meta_key>
			<wp:meta_value><![CDATA[2016/03/perlick.jpg]]></wp:meta_value>
		</wp:postmeta>
		<wp:postmeta>
			<wp:meta_key><![CDATA[_wp_attachment_metadata]]></wp:meta_key>
			<wp:meta_value><![CDATA[a:5:{s:5:"width";i:182;s:6:"height";i:182;s:4:"file";s:19:"2016/03/perlick.jpg";s:5:"sizes";a:1:{s:9:"thumbnail";a:4:{s:4:"file";s:19:"perlick-150x150.jpg";s:5:"width";i:150;s:6:"height";i:150;s:9:"mime-type";s:10:"image/jpeg";}}s:10:"image_meta";a:12:{s:8:"aperture";s:1:"0";s:6:"credit";s:0:"";s:6:"camera";s:0:"";s:7:"caption";s:0:"";s:17:"created_timestamp";s:1:"0";s:9:"copyright";s:0:"";s:12:"focal_length";s:1:"0";s:3:"iso";s:1:"0";s:13:"shutter_speed";s:1:"0";s:5:"title";s:0:"";s:11:"orientation";s:1:"0";s:8:"keywords";a:0:{}}}]]></wp:meta_value>
		</wp:postmeta>
	</item>
	<item>
		<title>proventura</title>
		<link>http://wp-prd.trademachines.com/it/tm-content/homepage-seo-content-box/proventura-2/</link>
		<pubDate>Thu, 24 Aug 2017 13:36:21 +0000</pubDate>
		<dc:creator><![CDATA[dparravano]]></dc:creator>
		<guid isPermaLink="false">http://wp-prd.trademachines.com/it/wp-content/uploads/sites/9/2016/03/proventura.jpg</guid>
		<description></description>
		<content:encoded><![CDATA[]]></content:encoded>
		<excerpt:encoded><![CDATA[]]></excerpt:encoded>
		<wp:post_id>4653</wp:post_id>
		<wp:post_date><![CDATA[2017-08-24 13:36:21]]></wp:post_date>
		<wp:post_date_gmt><![CDATA[2017-08-24 13:36:21]]></wp:post_date_gmt>
		<wp:comment_status><![CDATA[open]]></wp:comment_status>
		<wp:ping_status><![CDATA[closed]]></wp:ping_status>
		<wp:post_name><![CDATA[proventura-2]]></wp:post_name>
		<wp:status><![CDATA[inherit]]></wp:status>
		<wp:post_parent>1355</wp:post_parent>
		<wp:menu_order>0</wp:menu_order>
		<wp:post_type><![CDATA[attachment]]></wp:post_type>
		<wp:post_password><![CDATA[]]></wp:post_password>
		<wp:is_sticky>0</wp:is_sticky>
		<wp:attachment_url><![CDATA[http://wp-prd.trademachines.com/it/wp-content/uploads/sites/9/2016/03/proventura.jpg]]></wp:attachment_url>
		<wp:postmeta>
			<wp:meta_key><![CDATA[_wp_attached_file]]></wp:meta_key>
			<wp:meta_value><![CDATA[2016/03/proventura.jpg]]></wp:meta_value>
		</wp:postmeta>
		<wp:postmeta>
			<wp:meta_key><![CDATA[_wp_attachment_metadata]]></wp:meta_key>
			<wp:meta_value><![CDATA[a:5:{s:5:"width";i:182;s:6:"height";i:182;s:4:"file";s:22:"2016/03/proventura.jpg";s:5:"sizes";a:1:{s:9:"thumbnail";a:4:{s:4:"file";s:22:"proventura-150x150.jpg";s:5:"width";i:150;s:6:"height";i:150;s:9:"mime-type";s:10:"image/jpeg";}}s:10:"image_meta";a:12:{s:8:"aperture";s:1:"0";s:6:"credit";s:0:"";s:6:"camera";s:0:"";s:7:"caption";s:0:"";s:17:"created_timestamp";s:1:"0";s:9:"copyright";s:0:"";s:12:"focal_length";s:1:"0";s:3:"iso";s:1:"0";s:13:"shutter_speed";s:1:"0";s:5:"title";s:0:"";s:11:"orientation";s:1:"0";s:8:"keywords";a:0:{}}}]]></wp:meta_value>
		</wp:postmeta>
	</item>
	<item>
		<title>renault</title>
		<link>http://wp-prd.trademachines.com/it/tm-content/homepage-seo-content-box/renault/</link>
		<pubDate>Thu, 24 Aug 2017 13:36:21 +0000</pubDate>
		<dc:creator><![CDATA[dparravano]]></dc:creator>
		<guid isPermaLink="false">http://wp-prd.trademachines.com/it/wp-content/uploads/sites/9/2016/03/renault.jpg</guid>
		<description></description>
		<content:encoded><![CDATA[]]></content:encoded>
		<excerpt:encoded><![CDATA[]]></excerpt:encoded>
		<wp:post_id>4654</wp:post_id>
		<wp:post_date><![CDATA[2017-08-24 13:36:21]]></wp:post_date>
		<wp:post_date_gmt><![CDATA[2017-08-24 13:36:21]]></wp:post_date_gmt>
		<wp:comment_status><![CDATA[open]]></wp:comment_status>
		<wp:ping_status><![CDATA[closed]]></wp:ping_status>
		<wp:post_name><![CDATA[renault]]></wp:post_name>
		<wp:status><![CDATA[inherit]]></wp:status>
		<wp:post_parent>1355</wp:post_parent>
		<wp:menu_order>0</wp:menu_order>
		<wp:post_type><![CDATA[attachment]]></wp:post_type>
		<wp:post_password><![CDATA[]]></wp:post_password>
		<wp:is_sticky>0</wp:is_sticky>
		<wp:attachment_url><![CDATA[http://wp-prd.trademachines.com/it/wp-content/uploads/sites/9/2016/03/renault.jpg]]></wp:attachment_url>
		<wp:postmeta>
			<wp:meta_key><![CDATA[_wp_attached_file]]></wp:meta_key>
			<wp:meta_value><![CDATA[2016/03/renault.jpg]]></wp:meta_value>
		</wp:postmeta>
		<wp:postmeta>
			<wp:meta_key><![CDATA[_wp_attachment_metadata]]></wp:meta_key>
			<wp:meta_value><![CDATA[a:5:{s:5:"width";i:182;s:6:"height";i:182;s:4:"file";s:19:"2016/03/renault.jpg";s:5:"sizes";a:1:{s:9:"thumbnail";a:4:{s:4:"file";s:19:"renault-150x150.jpg";s:5:"width";i:150;s:6:"height";i:150;s:9:"mime-type";s:10:"image/jpeg";}}s:10:"image_meta";a:12:{s:8:"aperture";s:1:"0";s:6:"credit";s:0:"";s:6:"camera";s:0:"";s:7:"caption";s:0:"";s:17:"created_timestamp";s:1:"0";s:9:"copyright";s:0:"";s:12:"focal_length";s:1:"0";s:3:"iso";s:1:"0";s:13:"shutter_speed";s:1:"0";s:5:"title";s:0:"";s:11:"orientation";s:1:"0";s:8:"keywords";a:0:{}}}]]></wp:meta_value>
		</wp:postmeta>
	</item>
	<item>
		<title>rwz</title>
		<link>http://wp-prd.trademachines.com/it/tm-content/homepage-seo-content-box/rwz/</link>
		<pubDate>Thu, 24 Aug 2017 13:36:21 +0000</pubDate>
		<dc:creator><![CDATA[dparravano]]></dc:creator>
		<guid isPermaLink="false">http://wp-prd.trademachines.com/it/wp-content/uploads/sites/9/2016/03/rwz.jpg</guid>
		<description></description>
		<content:encoded><![CDATA[]]></content:encoded>
		<excerpt:encoded><![CDATA[]]></excerpt:encoded>
		<wp:post_id>4655</wp:post_id>
		<wp:post_date><![CDATA[2017-08-24 13:36:21]]></wp:post_date>
		<wp:post_date_gmt><![CDATA[2017-08-24 13:36:21]]></wp:post_date_gmt>
		<wp:comment_status><![CDATA[open]]></wp:comment_status>
		<wp:ping_status><![CDATA[closed]]></wp:ping_status>
		<wp:post_name><![CDATA[rwz]]></wp:post_name>
		<wp:status><![CDATA[inherit]]></wp:status>
		<wp:post_parent>1355</wp:post_parent>
		<wp:menu_order>0</wp:menu_order>
		<wp:post_type><![CDATA[attachment]]></wp:post_type>
		<wp:post_password><![CDATA[]]></wp:post_password>
		<wp:is_sticky>0</wp:is_sticky>
		<wp:attachment_url><![CDATA[http://wp-prd.trademachines.com/it/wp-content/uploads/sites/9/2016/03/rwz.jpg]]></wp:attachment_url>
		<wp:postmeta>
			<wp:meta_key><![CDATA[_wp_attached_file]]></wp:meta_key>
			<wp:meta_value><![CDATA[2016/03/rwz.jpg]]></wp:meta_value>
		</wp:postmeta>
		<wp:postmeta>
			<wp:meta_key><![CDATA[_wp_attachment_metadata]]></wp:meta_key>
			<wp:meta_value><![CDATA[a:5:{s:5:"width";i:182;s:6:"height";i:182;s:4:"file";s:15:"2016/03/rwz.jpg";s:5:"sizes";a:1:{s:9:"thumbnail";a:4:{s:4:"file";s:15:"rwz-150x150.jpg";s:5:"width";i:150;s:6:"height";i:150;s:9:"mime-type";s:10:"image/jpeg";}}s:10:"image_meta";a:12:{s:8:"aperture";s:1:"0";s:6:"credit";s:0:"";s:6:"camera";s:0:"";s:7:"caption";s:0:"";s:17:"created_timestamp";s:1:"0";s:9:"copyright";s:0:"";s:12:"focal_length";s:1:"0";s:3:"iso";s:1:"0";s:13:"shutter_speed";s:1:"0";s:5:"title";s:0:"";s:11:"orientation";s:1:"0";s:8:"keywords";a:0:{}}}]]></wp:meta_value>
		</wp:postmeta>
	</item>
	<item>
		<title>still</title>
		<link>http://wp-prd.trademachines.com/it/tm-content/homepage-seo-content-box/still/</link>
		<pubDate>Thu, 24 Aug 2017 13:36:22 +0000</pubDate>
		<dc:creator><![CDATA[dparravano]]></dc:creator>
		<guid isPermaLink="false">http://wp-prd.trademachines.com/it/wp-content/uploads/sites/9/2016/03/still.jpg</guid>
		<description></description>
		<content:encoded><![CDATA[]]></content:encoded>
		<excerpt:encoded><![CDATA[]]></excerpt:encoded>
		<wp:post_id>4656</wp:post_id>
		<wp:post_date><![CDATA[2017-08-24 13:36:22]]></wp:post_date>
		<wp:post_date_gmt><![CDATA[2017-08-24 13:36:22]]></wp:post_date_gmt>
		<wp:comment_status><![CDATA[open]]></wp:comment_status>
		<wp:ping_status><![CDATA[closed]]></wp:ping_status>
		<wp:post_name><![CDATA[still]]></wp:post_name>
		<wp:status><![CDATA[inherit]]></wp:status>
		<wp:post_parent>1355</wp:post_parent>
		<wp:menu_order>0</wp:menu_order>
		<wp:post_type><![CDATA[attachment]]></wp:post_type>
		<wp:post_password><![CDATA[]]></wp:post_password>
		<wp:is_sticky>0</wp:is_sticky>
		<wp:attachment_url><![CDATA[http://wp-prd.trademachines.com/it/wp-content/uploads/sites/9/2016/03/still.jpg]]></wp:attachment_url>
		<wp:postmeta>
			<wp:meta_key><![CDATA[_wp_attached_file]]></wp:meta_key>
			<wp:meta_value><![CDATA[2016/03/still.jpg]]></wp:meta_value>
		</wp:postmeta>
		<wp:postmeta>
			<wp:meta_key><![CDATA[_wp_attachment_metadata]]></wp:meta_key>
			<wp:meta_value><![CDATA[a:5:{s:5:"width";i:182;s:6:"height";i:182;s:4:"file";s:17:"2016/03/still.jpg";s:5:"sizes";a:1:{s:9:"thumbnail";a:4:{s:4:"file";s:17:"still-150x150.jpg";s:5:"width";i:150;s:6:"height";i:150;s:9:"mime-type";s:10:"image/jpeg";}}s:10:"image_meta";a:12:{s:8:"aperture";s:1:"0";s:6:"credit";s:0:"";s:6:"camera";s:0:"";s:7:"caption";s:0:"";s:17:"created_timestamp";s:1:"0";s:9:"copyright";s:0:"";s:12:"focal_length";s:1:"0";s:3:"iso";s:1:"0";s:13:"shutter_speed";s:1:"0";s:5:"title";s:0:"";s:11:"orientation";s:1:"0";s:8:"keywords";a:0:{}}}]]></wp:meta_value>
		</wp:postmeta>
	</item>
	<item>
		<title>zeppelin_cat</title>
		<link>http://wp-prd.trademachines.com/it/tm-content/homepage-seo-content-box/zeppelin_cat/</link>
		<pubDate>Thu, 24 Aug 2017 13:36:22 +0000</pubDate>
		<dc:creator><![CDATA[dparravano]]></dc:creator>
		<guid isPermaLink="false">http://wp-prd.trademachines.com/it/wp-content/uploads/sites/9/2016/03/zeppelin_cat.jpg</guid>
		<description></description>
		<content:encoded><![CDATA[]]></content:encoded>
		<excerpt:encoded><![CDATA[]]></excerpt:encoded>
		<wp:post_id>4657</wp:post_id>
		<wp:post_date><![CDATA[2017-08-24 13:36:22]]></wp:post_date>
		<wp:post_date_gmt><![CDATA[2017-08-24 13:36:22]]></wp:post_date_gmt>
		<wp:comment_status><![CDATA[open]]></wp:comment_status>
		<wp:ping_status><![CDATA[closed]]></wp:ping_status>
		<wp:post_name><![CDATA[zeppelin_cat]]></wp:post_name>
		<wp:status><![CDATA[inherit]]></wp:status>
		<wp:post_parent>1355</wp:post_parent>
		<wp:menu_order>0</wp:menu_order>
		<wp:post_type><![CDATA[attachment]]></wp:post_type>
		<wp:post_password><![CDATA[]]></wp:post_password>
		<wp:is_sticky>0</wp:is_sticky>
		<wp:attachment_url><![CDATA[http://wp-prd.trademachines.com/it/wp-content/uploads/sites/9/2016/03/zeppelin_cat.jpg]]></wp:attachment_url>
		<wp:postmeta>
			<wp:meta_key><![CDATA[_wp_attached_file]]></wp:meta_key>
			<wp:meta_value><![CDATA[2016/03/zeppelin_cat.jpg]]></wp:meta_value>
		</wp:postmeta>
		<wp:postmeta>
			<wp:meta_key><![CDATA[_wp_attachment_metadata]]></wp:meta_key>
			<wp:meta_value><![CDATA[a:5:{s:5:"width";i:182;s:6:"height";i:182;s:4:"file";s:24:"2016/03/zeppelin_cat.jpg";s:5:"sizes";a:1:{s:9:"thumbnail";a:4:{s:4:"file";s:24:"zeppelin_cat-150x150.jpg";s:5:"width";i:150;s:6:"height";i:150;s:9:"mime-type";s:10:"image/jpeg";}}s:10:"image_meta";a:12:{s:8:"aperture";s:1:"0";s:6:"credit";s:0:"";s:6:"camera";s:0:"";s:7:"caption";s:0:"";s:17:"created_timestamp";s:1:"0";s:9:"copyright";s:0:"";s:12:"focal_length";s:1:"0";s:3:"iso";s:1:"0";s:13:"shutter_speed";s:1:"0";s:5:"title";s:0:"";s:11:"orientation";s:1:"0";s:8:"keywords";a:0:{}}}]]></wp:meta_value>
		</wp:postmeta>
	</item>
	<item>
		<title>Auto-Räder</title>
		<link>http://wp-prd.trademachines.com/it/tm-category/autovetture/auto-rader/</link>
		<pubDate>Wed, 30 May 2018 08:34:35 +0000</pubDate>
		<dc:creator><![CDATA[mradermacher]]></dc:creator>
		<guid isPermaLink="false">http://wp-prd.trademachines.com/it/wp-content/uploads/sites/9/2016/03/Auto-Räder.jpg</guid>
		<description></description>
		<content:encoded><![CDATA[]]></content:encoded>
		<excerpt:encoded><![CDATA[]]></excerpt:encoded>
		<wp:post_id>5550</wp:post_id>
		<wp:post_date><![CDATA[2018-05-30 08:34:35]]></wp:post_date>
		<wp:post_date_gmt><![CDATA[2018-05-30 08:34:35]]></wp:post_date_gmt>
		<wp:comment_status><![CDATA[open]]></wp:comment_status>
		<wp:ping_status><![CDATA[closed]]></wp:ping_status>
		<wp:post_name><![CDATA[auto-rader]]></wp:post_name>
		<wp:status><![CDATA[inherit]]></wp:status>
		<wp:post_parent>508</wp:post_parent>
		<wp:menu_order>0</wp:menu_order>
		<wp:post_type><![CDATA[attachment]]></wp:post_type>
		<wp:post_password><![CDATA[]]></wp:post_password>
		<wp:is_sticky>0</wp:is_sticky>
		<wp:attachment_url><![CDATA[http://wp-prd.trademachines.com/it/wp-content/uploads/sites/9/2016/03/Auto-Räder.jpg]]></wp:attachment_url>
		<wp:postmeta>
			<wp:meta_key><![CDATA[_wp_attached_file]]></wp:meta_key>
			<wp:meta_value><![CDATA[2016/03/Auto-Räder.jpg]]></wp:meta_value>
		</wp:postmeta>
		<wp:postmeta>
			<wp:meta_key><![CDATA[_wp_attachment_metadata]]></wp:meta_key>
			<wp:meta_value><![CDATA[a:5:{s:5:"width";i:1275;s:6:"height";i:254;s:4:"file";s:23:"2016/03/Auto-Räder.jpg";s:5:"sizes";a:5:{s:9:"thumbnail";a:4:{s:4:"file";s:23:"Auto-Räder-150x150.jpg";s:5:"width";i:150;s:6:"height";i:150;s:9:"mime-type";s:10:"image/jpeg";}s:6:"medium";a:4:{s:4:"file";s:22:"Auto-Räder-300x60.jpg";s:5:"width";i:300;s:6:"height";i:60;s:9:"mime-type";s:10:"image/jpeg";}s:12:"medium_large";a:4:{s:4:"file";s:23:"Auto-Räder-768x153.jpg";s:5:"width";i:768;s:6:"height";i:153;s:9:"mime-type";s:10:"image/jpeg";}s:5:"large";a:4:{s:4:"file";s:24:"Auto-Räder-1024x204.jpg";s:5:"width";i:1024;s:6:"height";i:204;s:9:"mime-type";s:10:"image/jpeg";}s:14:"post-thumbnail";a:4:{s:4:"file";s:23:"Auto-Räder-825x254.jpg";s:5:"width";i:825;s:6:"height";i:254;s:9:"mime-type";s:10:"image/jpeg";}}s:10:"image_meta";a:12:{s:8:"aperture";s:1:"0";s:6:"credit";s:0:"";s:6:"camera";s:0:"";s:7:"caption";s:0:"";s:17:"created_timestamp";s:1:"0";s:9:"copyright";s:0:"";s:12:"focal_length";s:1:"0";s:3:"iso";s:1:"0";s:13:"shutter_speed";s:1:"0";s:5:"title";s:0:"";s:11:"orientation";s:1:"0";s:8:"keywords";a:0:{}}}]]></wp:meta_value>
		</wp:postmeta>
	</item>
	<item>
		<title>logo_aurena_StartPage_kleiner</title>
		<link>http://wp-prd.trademachines.com/it/logo_aurena_startpage_kleiner/</link>
		<pubDate>Sun, 31 Jan 2021 16:18:50 +0000</pubDate>
		<dc:creator><![CDATA[jkemper]]></dc:creator>
		<guid isPermaLink="false">http://wp-prd.trademachines.com/it/wp-content/uploads/sites/9/2021/01/logo_aurena_StartPage_kleiner.jpg</guid>
		<description></description>
		<content:encoded><![CDATA[]]></content:encoded>
		<excerpt:encoded><![CDATA[]]></excerpt:encoded>
		<wp:post_id>8410</wp:post_id>
		<wp:post_date><![CDATA[2021-01-31 16:18:50]]></wp:post_date>
		<wp:post_date_gmt><![CDATA[2021-01-31 16:18:50]]></wp:post_date_gmt>
		<wp:comment_status><![CDATA[open]]></wp:comment_status>
		<wp:ping_status><![CDATA[closed]]></wp:ping_status>
		<wp:post_name><![CDATA[logo_aurena_startpage_kleiner]]></wp:post_name>
		<wp:status><![CDATA[inherit]]></wp:status>
		<wp:post_parent>0</wp:post_parent>
		<wp:menu_order>0</wp:menu_order>
		<wp:post_type><![CDATA[attachment]]></wp:post_type>
		<wp:post_password><![CDATA[]]></wp:post_password>
		<wp:is_sticky>0</wp:is_sticky>
		<wp:attachment_url><![CDATA[http://wp-prd.trademachines.com/it/wp-content/uploads/sites/9/2021/01/logo_aurena_StartPage_kleiner.jpg]]></wp:attachment_url>
		<wp:postmeta>
			<wp:meta_key><![CDATA[_wp_attached_file]]></wp:meta_key>
			<wp:meta_value><![CDATA[2021/01/logo_aurena_StartPage_kleiner.jpg]]></wp:meta_value>
		</wp:postmeta>
		<wp:postmeta>
			<wp:meta_key><![CDATA[_wp_attachment_metadata]]></wp:meta_key>
			<wp:meta_value><![CDATA[a:5:{s:5:"width";i:247;s:6:"height";i:221;s:4:"file";s:41:"2021/01/logo_aurena_StartPage_kleiner.jpg";s:5:"sizes";a:1:{s:9:"thumbnail";a:4:{s:4:"file";s:41:"logo_aurena_StartPage_kleiner-150x150.jpg";s:5:"width";i:150;s:6:"height";i:150;s:9:"mime-type";s:10:"image/jpeg";}}s:10:"image_meta";a:12:{s:8:"aperture";s:1:"0";s:6:"credit";s:0:"";s:6:"camera";s:0:"";s:7:"caption";s:0:"";s:17:"created_timestamp";s:1:"0";s:9:"copyright";s:0:"";s:12:"focal_length";s:1:"0";s:3:"iso";s:1:"0";s:13:"shutter_speed";s:1:"0";s:5:"title";s:0:"";s:11:"orientation";s:1:"1";s:8:"keywords";a:0:{}}}]]></wp:meta_value>
		</wp:postmeta>
	</item>
</channel>
</rss>
