[{"id":"7999_it","content":""},{"id":"7899_it","content":""},{"id":"7998_it","content":""},{"id":"7986_it","content":""},{"id":"7889_it","content":""},{"id":"7891_it","content":""},{"id":"7890_it","content":""},{"id":"7965_it","content":""},{"id":"7895_it","content":""},{"id":"8542_it","content":""},{"id":"8534_it","content":""},{"id":"8507_it","content":""},{"id":"8524_it","content":""},{"id":"8462_it","content":""},{"id":"8509_it","content":""},{"id":"8463_it","content":""},{"id":"8474_it","content":""},{"id":"8487_it","content":""},{"id":"7618_it","content":""},{"id":"7597_it","content":""},{"id":"7587_it","content":""},{"id":"7594_it","content":""},{"id":"7593_it","content":""},{"id":"7632_it","content":""},{"id":"7627_it","content":""},{"id":"7598_it","content":""},{"id":"7615_it","content":""},{"id":"7633_it","content":""},{"id":"7652_it","content":""},{"id":"7651_it","content":""},{"id":"7803_it","content":""},{"id":"7727_it","content":""},{"id":"7655_it","content":""},{"id":"7791_it","content":""},{"id":"7850_it","content":""},{"id":"7866_it","content":""},{"id":"8456_it","content":""},{"id":"8417_it","content":""},{"id":"8415_it","content":""},{"id":"8338_it","content":""},{"id":"8340_it","content":""},{"id":"8351_it","content":""},{"id":"8458_it","content":""},{"id":"8376_it","content":""},{"id":"8378_it","content":""},{"id":"7021_it","content":""},{"id":"7382_it","content":""},{"id":"7323_it","content":""},{"id":"7261_it","content":""},{"id":"7386_it","content":""},{"id":"7260_it","content":""},{"id":"7364_it","content":""},{"id":"7372_it","content":""},{"id":"7390_it","content":""},{"id":"7301_it","content":""},{"id":"7027_it","content":""},{"id":"7047_it","content":""},{"id":"7031_it","content":""},{"id":"7049_it","content":""},{"id":"7058_it","content":""},{"id":"7056_it","content":""},{"id":"7035_it","content":""},{"id":"7039_it","content":""},{"id":"7037_it","content":""},{"id":"7067_it","content":""},{"id":"7097_it","content":""},{"id":"7082_it","content":""},{"id":"7091_it","content":""},{"id":"7069_it","content":""},{"id":"7084_it","content":""},{"id":"7087_it","content":""},{"id":"7075_it","content":""},{"id":"7071_it","content":""},{"id":"7073_it","content":""},{"id":"7104_it","content":""},{"id":"7141_it","content":""},{"id":"7144_it","content":""},{"id":"7132_it","content":""},{"id":"7116_it","content":""},{"id":"7120_it","content":""},{"id":"7099_it","content":""},{"id":"7101_it","content":""},{"id":"7118_it","content":""},{"id":"7253_it","content":""},{"id":"7251_it","content":""},{"id":"7225_it","content":""},{"id":"7249_it","content":""},{"id":"7223_it","content":""},{"id":"7239_it","content":""},{"id":"7217_it","content":""},{"id":"7213_it","content":""},{"id":"7215_it","content":""},{"id":"7175_it","content":""},{"id":"7161_it","content":""},{"id":"7211_it","content":""},{"id":"7177_it","content":""},{"id":"7209_it","content":""},{"id":"7191_it","content":""},{"id":"7167_it","content":""},{"id":"7173_it","content":""},{"id":"7148_it","content":""},{"id":"7460_it","content":""},{"id":"7544_it","content":""},{"id":"7392_it","content":""},{"id":"7449_it","content":""},{"id":"7394_it","content":""},{"id":"8068_it","content":""},{"id":"8017_it","content":""},{"id":"8058_it","content":""},{"id":"8027_it","content":""},{"id":"8005_it","content":""},{"id":"8020_it","content":""},{"id":"8064_it","content":""},{"id":"8053_it","content":""},{"id":"8007_it","content":""},{"id":"7574_it","content":""},{"id":"7573_it","content":""},{"id":"7585_it","content":""},{"id":"7572_it","content":""},{"id":"7580_it","content":""},{"id":"8572_it","content":""},{"id":"8580_it","content":""},{"id":"8563_it","content":""},{"id":"8555_it","content":""},{"id":"8598_it","content":""},{"id":"8766_it","content":""},{"id":"8606_it","content":""},{"id":"8744_it","content":""},{"id":"8764_it","content":""},{"id":"8761_it","content":""},{"id":"8756_it","content":""},{"id":"8758_it","content":""},{"id":"8771_it","content":""},{"id":"8773_it","content":""},{"id":"8746_it","content":""},{"id":"8889_it","content":""},{"id":"8904_it","content":""},{"id":"8894_it","content":""},{"id":"8892_it","content":""},{"id":"8876_it","content":""},{"id":"8874_it","content":""},{"id":"8900_it","content":""},{"id":"8896_it","content":""},{"id":"8902_it","content":""},{"id":"8954_it","content":""},{"id":"8960_it","content":""},{"id":"8968_it","content":""},{"id":"8958_it","content":""},{"id":"8956_it","content":""},{"id":"8972_it","content":""},{"id":"8962_it","content":""},{"id":"8970_it","content":""},{"id":"8966_it","content":""},{"id":"8648_it","content":""},{"id":"8832_it","content":""},{"id":"8834_it","content":""},{"id":"8830_it","content":""},{"id":"8814_it","content":""},{"id":"8828_it","content":""},{"id":"8824_it","content":""},{"id":"8816_it","content":""},{"id":"8820_it","content":""},{"id":"8818_it","content":""},{"id":"8910_it","content":""},{"id":"8922_it","content":""},{"id":"8920_it","content":""},{"id":"8912_it","content":""},{"id":"8916_it","content":""},{"id":"8918_it","content":""},{"id":"8914_it","content":""},{"id":"8908_it","content":""},{"id":"8906_it","content":""},{"id":"8998_it","content":""},{"id":"9000_it","content":""},{"id":"9002_it","content":""},{"id":"8996_it","content":""},{"id":"8994_it","content":""},{"id":"8602_it","content":""},{"id":"8784_it","content":""},{"id":"8810_it","content":""},{"id":"8795_it","content":""},{"id":"8789_it","content":""},{"id":"8779_it","content":""},{"id":"8793_it","content":""},{"id":"8808_it","content":""},{"id":"8781_it","content":""},{"id":"8798_it","content":""},{"id":"8842_it","content":""},{"id":"8847_it","content":""},{"id":"8846_it","content":""},{"id":"8836_it","content":""},{"id":"8838_it","content":""},{"id":"8844_it","content":""},{"id":"8852_it","content":""},{"id":"8850_it","content":""},{"id":"8840_it","content":""},{"id":"8938_it","content":""},{"id":"8928_it","content":""},{"id":"8944_it","content":""},{"id":"8926_it","content":""},{"id":"8942_it","content":""},{"id":"8940_it","content":""},{"id":"8930_it","content":""},{"id":"8952_it","content":""},{"id":"8936_it","content":""},{"id":"8738_it","content":""},{"id":"8643_it","content":""},{"id":"8615_it","content":""},{"id":"8613_it","content":""},{"id":"8641_it","content":""},{"id":"8582_it","content":""},{"id":"8609_it","content":""},{"id":"8617_it","content":""},{"id":"8600_it","content":""},{"id":"8568_it","content":""},{"id":"8559_it","content":""},{"id":"8708_it","content":""},{"id":"8645_it","content":""},{"id":"8722_it","content":""},{"id":"8658_it","content":""},{"id":"8737_it","content":""},{"id":"8725_it","content":""},{"id":"8717_it","content":""},{"id":"8679_it","content":""},{"id":"8862_it","content":""},{"id":"8864_it","content":""},{"id":"8860_it","content":""},{"id":"8856_it","content":""},{"id":"8866_it","content":""},{"id":"8870_it","content":""},{"id":"8872_it","content":""},{"id":"8853_it","content":""},{"id":"8858_it","content":""},{"id":"8988_it","content":""},{"id":"8985_it","content":""},{"id":"8978_it","content":""},{"id":"8992_it","content":""},{"id":"8990_it","content":""},{"id":"8976_it","content":""},{"id":"8974_it","content":""},{"id":"8980_it","content":""},{"id":"8981_it","content":""},{"id":"1463_it","content":""},{"id":"1497_it","content":""},{"id":"1441_it","content":""},{"id":"1480_it","content":""},{"id":"1504_it","content":""},{"id":"1479_it","content":""},{"id":"1585_it","content":""},{"id":"1583_it","content":""},{"id":"1498_it","content":""},{"id":"1655_it","content":""},{"id":"1652_it","content":""},{"id":"1654_it","content":""},{"id":"1647_it","content":""},{"id":"1586_it","content":""},{"id":"1646_it","content":""},{"id":"1658_it","content":""},{"id":"1589_it","content":""},{"id":"1766_it","content":""},{"id":"1813_it","content":""},{"id":"1720_it","content":""},{"id":"1789_it","content":""},{"id":"1812_it","content":""},{"id":"1784_it","content":""},{"id":"1806_it","content":""},{"id":"1807_it","content":""},{"id":"1772_it","content":""},{"id":"1851_it","content":""},{"id":"1855_it","content":""},{"id":"1852_it","content":""},{"id":"1840_it","content":""},{"id":"1859_it","content":""},{"id":"1830_it","content":""},{"id":"1847_it","content":""},{"id":"1824_it","content":""},{"id":"1850_it","content":""},{"id":"1920_it","content":""},{"id":"1923_it","content":""},{"id":"1924_it","content":""},{"id":"1896_it","content":""},{"id":"1934_it","content":""},{"id":"1927_it","content":""},{"id":"1925_it","content":""},{"id":"1931_it","content":""},{"id":"1901_it","content":""},{"id":"1988_it","content":""},{"id":"1983_it","content":""},{"id":"1986_it","content":""},{"id":"1987_it","content":""},{"id":"1982_it","content":""},{"id":"1976_it","content":""},{"id":"1426_it","content":""},{"id":"1380_it","content":""},{"id":"1415_it","content":""},{"id":"1377_it","content":""},{"id":"1700_it","content":""},{"id":"1667_it","content":""},{"id":"1679_it","content":""},{"id":"1683_it","content":""},{"id":"1708_it","content":""},{"id":"1669_it","content":""},{"id":"1662_it","content":""},{"id":"1663_it","content":""},{"id":"1717_it","content":""},{"id":"1875_it","content":""},{"id":"1882_it","content":""},{"id":"1866_it","content":""},{"id":"1881_it","content":""},{"id":"1887_it","content":""},{"id":"1894_it","content":""},{"id":"1871_it","content":""},{"id":"1883_it","content":""},{"id":"1892_it","content":""},{"id":"1953_it","content":""},{"id":"1948_it","content":""},{"id":"1949_it","content":""},{"id":"1935_it","content":""},{"id":"1941_it","content":""},{"id":"1966_it","content":""},{"id":"1969_it","content":""},{"id":"1950_it","content":""},{"id":"1937_it","content":""},{"id":"6497_it","content":""},{"id":"6657_it","content":""},{"id":"6717_it","content":""},{"id":"6727_it","content":""},{"id":"6728_it","content":""},{"id":"6708_it","content":""},{"id":"6692_it","content":""},{"id":"6669_it","content":""},{"id":"6691_it","content":""},{"id":"6725_it","content":""},{"id":"6743_it","content":""},{"id":"6759_it","content":""},{"id":"6733_it","content":""},{"id":"6747_it","content":""},{"id":"6745_it","content":""},{"id":"6737_it","content":""},{"id":"6760_it","content":""},{"id":"6735_it","content":""},{"id":"6739_it","content":""},{"id":"6896_it","content":""},{"id":"6765_it","content":""},{"id":"6882_it","content":""},{"id":"6838_it","content":""},{"id":"6826_it","content":""},{"id":"6761_it","content":""},{"id":"6789_it","content":""},{"id":"6874_it","content":""},{"id":"6878_it","content":""},{"id":"6918_it","content":""},{"id":"6974_it","content":""},{"id":"6916_it","content":""},{"id":"6935_it","content":""},{"id":"6964_it","content":""},{"id":"6926_it","content":""},{"id":"6945_it","content":""},{"id":"6903_it","content":""},{"id":"6072_it","content":""},{"id":"6080_it","content":""},{"id":"6086_it","content":""},{"id":"6131_it","content":""},{"id":"6068_it","content":""},{"id":"6319_it","content":""},{"id":"6320_it","content":""},{"id":"6322_it","content":""},{"id":"6275_it","content":""},{"id":"6315_it","content":""},{"id":"6297_it","content":""},{"id":"6281_it","content":""},{"id":"6317_it","content":""},{"id":"6313_it","content":""},{"id":"6339_it","content":""},{"id":"6327_it","content":""},{"id":"6343_it","content":""},{"id":"6329_it","content":""},{"id":"6334_it","content":""},{"id":"6325_it","content":""},{"id":"6341_it","content":""},{"id":"6331_it","content":""},{"id":"6336_it","content":""},{"id":"6393_it","content":""},{"id":"6364_it","content":""},{"id":"6346_it","content":""},{"id":"6392_it","content":""},{"id":"6361_it","content":""},{"id":"6388_it","content":""},{"id":"6357_it","content":""},{"id":"6371_it","content":""},{"id":"6349_it","content":""},{"id":"6456_it","content":""},{"id":"6459_it","content":""},{"id":"6453_it","content":""},{"id":"6457_it","content":""},{"id":"6458_it","content":""},{"id":"6461_it","content":""},{"id":"6460_it","content":""},{"id":"6455_it","content":""},{"id":"6454_it","content":""},{"id":"6054_it","content":""},{"id":"6052_it","content":""},{"id":"6058_it","content":""},{"id":"6040_it","content":""},{"id":"6032_it","content":""},{"id":"6189_it","content":""},{"id":"6146_it","content":""},{"id":"6183_it","content":""},{"id":"6157_it","content":""},{"id":"6165_it","content":""},{"id":"6181_it","content":""},{"id":"6195_it","content":""},{"id":"6134_it","content":""},{"id":"6185_it","content":""},{"id":"6206_it","content":""},{"id":"6259_it","content":""},{"id":"6197_it","content":""},{"id":"6241_it","content":""},{"id":"6230_it","content":""},{"id":"6248_it","content":""},{"id":"6232_it","content":""},{"id":"6245_it","content":""},{"id":"6243_it","content":""},{"id":"6441_it","content":""},{"id":"6417_it","content":""},{"id":"6437_it","content":""},{"id":"6438_it","content":""},{"id":"6439_it","content":""},{"id":"6432_it","content":""},{"id":"6443_it","content":""},{"id":"6442_it","content":""},{"id":"6440_it","content":""},{"id":"6445_it","content":""},{"id":"6449_it","content":""},{"id":"6450_it","content":""},{"id":"6444_it","content":""},{"id":"6451_it","content":""},{"id":"6452_it","content":""},{"id":"6448_it","content":""},{"id":"6446_it","content":""},{"id":"6447_it","content":""},{"id":"6632_it","content":""},{"id":"6639_it","content":""},{"id":"6595_it","content":""},{"id":"6601_it","content":""},{"id":"6489_it","content":""},{"id":"6493_it","content":""},{"id":"6647_it","content":""},{"id":"6468_it","content":""},{"id":"2143_it","content":""},{"id":"2326_it","content":""},{"id":"2300_it","content":""},{"id":"2288_it","content":""},{"id":"2284_it","content":""},{"id":"2274_it","content":""},{"id":"2299_it","content":""},{"id":"2344_it","content":""},{"id":"2279_it","content":""},{"id":"2563_it","content":""},{"id":"2599_it","content":""},{"id":"2550_it","content":""},{"id":"2582_it","content":""},{"id":"2566_it","content":""},{"id":"2571_it","content":""},{"id":"2610_it","content":""},{"id":"2559_it","content":""},{"id":"2583_it","content":""},{"id":"2678_it","content":""},{"id":"2769_it","content":""},{"id":"2747_it","content":""},{"id":"2758_it","content":""},{"id":"2718_it","content":""},{"id":"2736_it","content":""},{"id":"2737_it","content":""},{"id":"2723_it","content":""},{"id":"2719_it","content":""},{"id":"2496_it","content":""},{"id":"2494_it","content":""},{"id":"2498_it","content":""},{"id":"2487_it","content":""},{"id":"2533_it","content":""},{"id":"2530_it","content":""},{"id":"2497_it","content":""},{"id":"2493_it","content":""},{"id":"2470_it","content":""},{"id":"2016_it","content":"<h2>About PS Onlineauktioner AB</h2>\n<p>The Swedish auction house <strong>PS Onlineauktioner </strong>has its headquarters in Svenljunga and presents itself as a modern company with a <strong>broad range of services</strong>. Clients from various industries can readily turn to the auction house at numerous branches all over Sweden and expect efficient liquidations that usually take around three weeks.</p>\n<h2>Sound experience with appraisals and liquidations</h2>\n<p>For the past 50 years, <strong>PS Online Auktioner</strong> has dealt with <strong>professional liquidations of used machines, plants, business and office equipment as well as vehicles</strong> for bankruptcy trustees, escrow agents, banks, leasing companies, public authorities and companies. The foundation of any successful liquidation are appraisals in conformity with the markets. The appraisals are either prepared in advance by the clients or by competent and certified experts of the auction house <strong>PS AB</strong>. Appraisals are prepared according to different criteria, depending on the kind of liquidation required. The creation of inventories within the framework of an insolvency can be one kind of liquidation and appraisals of machines and plants from various industries, such as forestry, secondary industry, agriculture and many other industries can be another kind of liquidation. <strong>Pettersson &amp; Son</strong> develops direct contact with the clients at the location of the client and also works with numerous appraisers from the Swedish chamber of commerce. In this regard, it is of particular importance to the auction house to personally ensure excellent service to all clients, which in turn contributes to a long list of respectable references, such as Gallerix or ESAB.</p>\n<h2>Online since 2006</h2>\n<p>Apart from traditional auctions, <strong>PS Onlineauktioner AB</strong> also runs an <strong>online platform</strong>&nbsp;<strong>on psonlineauktioner.se</strong> since 2006. The purpose is to provide even more efficient liquidations of used machines and plants. Online auctions always take place on Thursdays and can be used by commercial as well as private buyers. Well defined and transparent terms and conditions allow potential users to quickly know their way around and after a registration on the platform they receive access to all current offers. With a special liaison for financing and leasing, <strong>PSOnlineauktioner</strong> tops off its range of services and provides <strong>national and international support in transport and logistics</strong>.</p>\n<h5>Similar Auction Houses</h5>\n<div class=\"panel panel-default panel-body\">\n<div class=\"row\">\n<div class=\"col-xs-6 col-sm-3\"><a href=\"//trademachines.com/seller/retrade\">RETRADE</a></div>\n<div class=\"col-xs-6 col-sm-3\"><a href=\"//trademachines.com/seller/bis-auktion\">BIS AUKTION</a></div>\n<div class=\"col-xs-6 col-sm-3\"><a href=\"//trademachines.com/seller/es-group\">ES GROUP</a></div>\n<div class=\"col-xs-6 col-sm-3\"><a href=\"//trademachines.com/seller/kvd-auctions\">KVARNDAMMEN</a></div>\n</div>\n</div>\n"},{"id":"2015_it","content":""},{"id":"2037_it","content":""},{"id":"2061_it","content":""},{"id":"2072_it","content":""},{"id":"2432_it","content":""},{"id":"2431_it","content":""},{"id":"2425_it","content":""},{"id":"2465_it","content":""},{"id":"2437_it","content":""},{"id":"2463_it","content":""},{"id":"2469_it","content":""},{"id":"2441_it","content":""},{"id":"2448_it","content":""},{"id":"2650_it","content":""},{"id":"2619_it","content":""},{"id":"2632_it","content":""},{"id":"2625_it","content":""},{"id":"2658_it","content":""},{"id":"2662_it","content":""},{"id":"2676_it","content":""},{"id":"2643_it","content":""},{"id":"2667_it","content":""},{"id":"2087_it","content":""},{"id":"2088_it","content":""},{"id":"2118_it","content":""},{"id":"2142_it","content":""},{"id":"2127_it","content":""},{"id":"2108_it","content":""},{"id":"2090_it","content":""},{"id":"2124_it","content":""},{"id":"2105_it","content":""},{"id":"2356_it","content":""},{"id":"2397_it","content":""},{"id":"2377_it","content":""},{"id":"2378_it","content":""},{"id":"2369_it","content":""},{"id":"2421_it","content":""},{"id":"2414_it","content":""},{"id":"2403_it","content":""},{"id":"2388_it","content":""},{"id":"2805_it","content":""},{"id":"2868_it","content":""},{"id":"2841_it","content":""},{"id":"2864_it","content":""},{"id":"2887_it","content":""},{"id":"2867_it","content":""},{"id":"2809_it","content":""},{"id":"2849_it","content":""},{"id":"4163_it","content":""},{"id":"4176_it","content":""},{"id":"4203_it","content":""},{"id":"4216_it","content":""},{"id":"4211_it","content":""},{"id":"4180_it","content":""},{"id":"4193_it","content":""},{"id":"4189_it","content":""},{"id":"4235_it","content":""},{"id":"4750_it","content":""},{"id":"4703_it","content":""},{"id":"4730_it","content":""},{"id":"4772_it","content":""},{"id":"4746_it","content":""},{"id":"4768_it","content":""},{"id":"4777_it","content":""},{"id":"4705_it","content":""},{"id":"4727_it","content":""},{"id":"5235_it","content":""},{"id":"5204_it","content":""},{"id":"5260_it","content":""},{"id":"5201_it","content":""},{"id":"5230_it","content":""},{"id":"5237_it","content":""},{"id":"5220_it","content":""},{"id":"5262_it","content":""},{"id":"5244_it","content":""},{"id":"5458_it","content":""},{"id":"5486_it","content":""},{"id":"5462_it","content":""},{"id":"5519_it","content":""},{"id":"5518_it","content":""},{"id":"5507_it","content":""},{"id":"5510_it","content":""},{"id":"5480_it","content":""},{"id":"5505_it","content":""},{"id":"5993_it","content":""},{"id":"5984_it","content":""},{"id":"5294_it","content":""},{"id":"5298_it","content":""},{"id":"5296_it","content":""},{"id":"5304_it","content":""},{"id":"5283_it","content":""},{"id":"5288_it","content":""},{"id":"5290_it","content":""},{"id":"5292_it","content":""},{"id":"5334_it","content":""},{"id":"5614_it","content":""},{"id":"5612_it","content":""},{"id":"5610_it","content":""},{"id":"5611_it","content":""},{"id":"5608_it","content":""},{"id":"5523_it","content":""},{"id":"5577_it","content":""},{"id":"5591_it","content":""},{"id":"5595_it","content":""},{"id":"3362_it","content":""},{"id":"3375_it","content":""},{"id":"3430_it","content":""},{"id":"3371_it","content":""},{"id":"3406_it","content":""},{"id":"3373_it","content":""},{"id":"3446_it","content":""},{"id":"3405_it","content":""},{"id":"3847_it","content":""},{"id":"4031_it","content":""},{"id":"4110_it","content":""},{"id":"4076_it","content":""},{"id":"4101_it","content":""},{"id":"4079_it","content":""},{"id":"4029_it","content":""},{"id":"4081_it","content":""},{"id":"4129_it","content":""},{"id":"4121_it","content":""},{"id":"4256_it","content":""},{"id":"4346_it","content":""},{"id":"4297_it","content":""},{"id":"4254_it","content":""},{"id":"4241_it","content":""},{"id":"4242_it","content":""},{"id":"4323_it","content":""},{"id":"4313_it","content":""},{"id":"4328_it","content":""},{"id":"4550_it","content":""},{"id":"4618_it","content":""},{"id":"4555_it","content":""},{"id":"4617_it","content":""},{"id":"4665_it","content":""},{"id":"4621_it","content":""},{"id":"4557_it","content":""},{"id":"4565_it","content":""},{"id":"4623_it","content":""},{"id":"5073_it","content":""},{"id":"3230_it","content":""},{"id":"3348_it","content":""},{"id":"4787_it","content":""},{"id":"4872_it","content":""},{"id":"4794_it","content":""},{"id":"4863_it","content":""},{"id":"4844_it","content":""},{"id":"4920_it","content":""},{"id":"4906_it","content":""},{"id":"4806_it","content":""},{"id":"4922_it","content":""},{"id":"5424_it","content":""},{"id":"5354_it","content":""},{"id":"5432_it","content":""},{"id":"5400_it","content":""},{"id":"5352_it","content":""},{"id":"5431_it","content":""},{"id":"5359_it","content":""},{"id":"5385_it","content":""},{"id":"5337_it","content":""},{"id":"5826_it","content":""},{"id":"5825_it","content":""},{"id":"5824_it","content":""},{"id":"5835_it","content":""},{"id":"5841_it","content":""},{"id":"5848_it","content":""},{"id":"5936_it","content":""},{"id":"5963_it","content":""},{"id":"5938_it","content":""},{"id":"4956_it","content":""},{"id":"4951_it","content":""},{"id":"4932_it","content":""},{"id":"4946_it","content":""},{"id":"4925_it","content":""},{"id":"5093_it","content":""},{"id":"5117_it","content":""},{"id":"5101_it","content":""},{"id":"5089_it","content":""},{"id":"5173_it","content":""},{"id":"5076_it","content":""},{"id":"5125_it","content":""},{"id":"5081_it","content":""},{"id":"5179_it","content":""},{"id":"5822_it","content":""},{"id":"5817_it","content":""},{"id":"5717_it","content":""},{"id":"5716_it","content":""},{"id":"5654_it","content":""},{"id":"5710_it","content":""},{"id":"5736_it","content":""},{"id":"5624_it","content":""},{"id":"5672_it","content":""},{"id":"3941_it","content":""},{"id":"3972_it","content":""},{"id":"3986_it","content":""},{"id":"3910_it","content":""},{"id":"3924_it","content":""},{"id":"3966_it","content":""},{"id":"3921_it","content":""},{"id":"3905_it","content":""},{"id":"3867_it","content":""},{"id":"4453_it","content":""},{"id":"4459_it","content":""},{"id":"4485_it","content":""},{"id":"4476_it","content":""},{"id":"4523_it","content":""},{"id":"4440_it","content":""},{"id":"4532_it","content":""},{"id":"4509_it","content":""},{"id":"4355_it","content":""}]