[{"id":"14107_fr","content":""},{"id":"14168_fr","content":""},{"id":"14167_fr","content":""},{"id":"14065_fr","content":""},{"id":"14162_fr","content":""},{"id":"14202_fr","content":""},{"id":"14077_fr","content":""},{"id":"14125_fr","content":""},{"id":"14067_fr","content":""},{"id":"14854_fr","content":""},{"id":"14856_fr","content":""},{"id":"14810_fr","content":""},{"id":"14849_fr","content":""},{"id":"14853_fr","content":""},{"id":"14831_fr","content":""},{"id":"14816_fr","content":""},{"id":"14851_fr","content":""},{"id":"14847_fr","content":""},{"id":"14873_fr","content":""},{"id":"14861_fr","content":""},{"id":"14877_fr","content":""},{"id":"14863_fr","content":""},{"id":"14868_fr","content":""},{"id":"14859_fr","content":""},{"id":"14875_fr","content":""},{"id":"14865_fr","content":""},{"id":"14870_fr","content":""},{"id":"14978_fr","content":""},{"id":"14982_fr","content":""},{"id":"14983_fr","content":""},{"id":"14977_fr","content":""},{"id":"14984_fr","content":""},{"id":"14985_fr","content":""},{"id":"14981_fr","content":""},{"id":"14979_fr","content":""},{"id":"14980_fr","content":""},{"id":"12573_fr","content":""},{"id":"12625_fr","content":""},{"id":"12660_fr","content":""},{"id":"12629_fr","content":""},{"id":"12642_fr","content":""},{"id":"12638_fr","content":""},{"id":"12652_fr","content":""},{"id":"12613_fr","content":""},{"id":"12580_fr","content":""},{"id":"12906_fr","content":""},{"id":"12932_fr","content":""},{"id":"12923_fr","content":""},{"id":"12795_fr","content":""},{"id":"12887_fr","content":""},{"id":"12900_fr","content":""},{"id":"12956_fr","content":""},{"id":"12777_fr","content":""},{"id":"12804_fr","content":""},{"id":"13301_fr","content":""},{"id":"13211_fr","content":""},{"id":"13217_fr","content":""},{"id":"13231_fr","content":""},{"id":"13311_fr","content":""},{"id":"13282_fr","content":""},{"id":"13349_fr","content":""},{"id":"13224_fr","content":""},{"id":"13243_fr","content":""},{"id":"13480_fr","content":""},{"id":"13526_fr","content":""},{"id":"13467_fr","content":""},{"id":"13497_fr","content":""},{"id":"13484_fr","content":""},{"id":"13548_fr","content":""},{"id":"13472_fr","content":""},{"id":"13464_fr","content":""},{"id":"13690_fr","content":""},{"id":"13705_fr","content":""},{"id":"13674_fr","content":""},{"id":"13671_fr","content":""},{"id":"13700_fr","content":""},{"id":"13707_fr","content":""},{"id":"13628_fr","content":""},{"id":"13634_fr","content":""},{"id":"13714_fr","content":""},{"id":"13868_fr","content":""},{"id":"13822_fr","content":""},{"id":"13820_fr","content":""},{"id":"13772_fr","content":""},{"id":"13892_fr","content":""},{"id":"13827_fr","content":""},{"id":"13853_fr","content":""},{"id":"13805_fr","content":""},{"id":"13802_fr","content":""},{"id":"13999_fr","content":""},{"id":"13994_fr","content":""},{"id":"14063_fr","content":""},{"id":"14064_fr","content":""},{"id":"14061_fr","content":""},{"id":"13995_fr","content":""},{"id":"14028_fr","content":""},{"id":"14041_fr","content":""},{"id":"14048_fr","content":""},{"id":"14302_fr","content":""},{"id":"14289_fr","content":""},{"id":"14293_fr","content":""},{"id":"14284_fr","content":""},{"id":"14292_fr","content":""},{"id":"14291_fr","content":""},{"id":"14308_fr","content":""},{"id":"14315_fr","content":""},{"id":"14403_fr","content":""},{"id":"14716_fr","content":""},{"id":"14730_fr","content":""},{"id":"14724_fr","content":""},{"id":"14718_fr","content":""},{"id":"14691_fr","content":""},{"id":"14700_fr","content":""},{"id":"14656_fr","content":""},{"id":"14684_fr","content":""},{"id":"14720_fr","content":""},{"id":"14974_fr","content":""},{"id":"14946_fr","content":""},{"id":"14970_fr","content":""},{"id":"14971_fr","content":""},{"id":"14972_fr","content":""},{"id":"14958_fr","content":""},{"id":"14976_fr","content":""},{"id":"14975_fr","content":""},{"id":"14973_fr","content":""},{"id":"14989_fr","content":""},{"id":"14992_fr","content":""},{"id":"14986_fr","content":""},{"id":"14990_fr","content":""},{"id":"14991_fr","content":""},{"id":"14994_fr","content":""},{"id":"14993_fr","content":""},{"id":"14988_fr","content":""},{"id":"14987_fr","content":""},{"id":"14597_fr","content":""},{"id":"14603_fr","content":""},{"id":"14588_fr","content":""},{"id":"14653_fr","content":""},{"id":"14584_fr","content":""},{"id":"13185_fr","content":""},{"id":"13142_fr","content":""},{"id":"13169_fr","content":""},{"id":"13189_fr","content":""},{"id":"13139_fr","content":""},{"id":"13111_fr","content":""},{"id":"13207_fr","content":""},{"id":"13072_fr","content":""},{"id":"13166_fr","content":""},{"id":"14557_fr","content":""},{"id":"14575_fr","content":""},{"id":"14571_fr","content":""},{"id":"14569_fr","content":""},{"id":"14458_fr","content":""},{"id":"14429_fr","content":""},{"id":"14531_fr","content":""},{"id":"14489_fr","content":""},{"id":"14405_fr","content":""},{"id":"14765_fr","content":""},{"id":"14783_fr","content":""},{"id":"14776_fr","content":""},{"id":"14794_fr","content":""},{"id":"14732_fr","content":""},{"id":"14741_fr","content":""},{"id":"14767_fr","content":""},{"id":"14780_fr","content":""},{"id":"14778_fr","content":""},{"id":"14895_fr","content":""},{"id":"14898_fr","content":""},{"id":"14891_fr","content":""},{"id":"14922_fr","content":""},{"id":"14880_fr","content":""},{"id":"14918_fr","content":""},{"id":"14923_fr","content":""},{"id":"14905_fr","content":""},{"id":"14883_fr","content":""},{"id":"12384_fr","content":""},{"id":"12421_fr","content":""},{"id":"12382_fr","content":""},{"id":"12400_fr","content":""},{"id":"12371_fr","content":""},{"id":"12366_fr","content":""},{"id":"12313_fr","content":""},{"id":"12552_fr","content":""},{"id":"12532_fr","content":""},{"id":"12527_fr","content":""},{"id":"12561_fr","content":""},{"id":"12426_fr","content":""},{"id":"12530_fr","content":""},{"id":"12481_fr","content":""},{"id":"12439_fr","content":""},{"id":"12483_fr","content":""},{"id":"12684_fr","content":""},{"id":"12762_fr","content":""},{"id":"12746_fr","content":""},{"id":"12703_fr","content":""},{"id":"12665_fr","content":""},{"id":"12690_fr","content":""},{"id":"12691_fr","content":""},{"id":"12772_fr","content":""},{"id":"12705_fr","content":""},{"id":"13026_fr","content":""},{"id":"13024_fr","content":""},{"id":"13065_fr","content":""},{"id":"12971_fr","content":""},{"id":"13064_fr","content":""},{"id":"13019_fr","content":""},{"id":"13070_fr","content":""},{"id":"12979_fr","content":""},{"id":"13034_fr","content":""},{"id":"13400_fr","content":""},{"id":"13395_fr","content":""},{"id":"13363_fr","content":""},{"id":"13375_fr","content":""},{"id":"13390_fr","content":""},{"id":"13368_fr","content":""},{"id":"13365_fr","content":""},{"id":"13760_fr","content":""},{"id":"13764_fr","content":""},{"id":"13762_fr","content":""},{"id":"13766_fr","content":""},{"id":"13728_fr","content":""},{"id":"13751_fr","content":""},{"id":"13756_fr","content":""},{"id":"13758_fr","content":""},{"id":"13730_fr","content":""},{"id":"13955_fr","content":""},{"id":"13930_fr","content":""},{"id":"13900_fr","content":""},{"id":"13926_fr","content":""},{"id":"13983_fr","content":""},{"id":"13899_fr","content":""},{"id":"13986_fr","content":""},{"id":"13949_fr","content":""},{"id":"13981_fr","content":""},{"id":"9606_fr","content":""},{"id":"9550_fr","content":""},{"id":"9584_fr","content":""},{"id":"9559_fr","content":""},{"id":"9600_fr","content":""},{"id":"9604_fr","content":""},{"id":"9592_fr","content":""},{"id":"9575_fr","content":""},{"id":"9599_fr","content":""},{"id":"10115_fr","content":""},{"id":"10101_fr","content":""},{"id":"10137_fr","content":""},{"id":"10103_fr","content":""},{"id":"10096_fr","content":""},{"id":"10139_fr","content":""},{"id":"10132_fr","content":""},{"id":"10133_fr","content":""},{"id":"10124_fr","content":""},{"id":"10340_fr","content":""},{"id":"10367_fr","content":""},{"id":"10339_fr","content":""},{"id":"10333_fr","content":""},{"id":"10334_fr","content":""},{"id":"10357_fr","content":""},{"id":"10374_fr","content":""},{"id":"10351_fr","content":""},{"id":"10377_fr","content":""},{"id":"10403_fr","content":""},{"id":"10378_fr","content":""},{"id":"10382_fr","content":""},{"id":"10379_fr","content":""},{"id":"10410_fr","content":""},{"id":"10393_fr","content":""},{"id":"10409_fr","content":""},{"id":"10386_fr","content":""},{"id":"10399_fr","content":""},{"id":"10448_fr","content":""},{"id":"10451_fr","content":""},{"id":"10452_fr","content":""},{"id":"10424_fr","content":""},{"id":"10415_fr","content":""},{"id":"10422_fr","content":""},{"id":"10411_fr","content":""},{"id":"10420_fr","content":""},{"id":"10429_fr","content":""},{"id":"10476_fr","content":""},{"id":"10477_fr","content":""},{"id":"10463_fr","content":""},{"id":"10469_fr","content":""},{"id":"10462_fr","content":""},{"id":"10455_fr","content":""},{"id":"10453_fr","content":""},{"id":"10459_fr","content":""},{"id":"10465_fr","content":""},{"id":"10482_fr","content":""},{"id":"10513_fr","content":"<p><a href=\"/assets/media/content/sites/3/2020/08/BHV_Seller-Profile_Trademachines.jpg\"><img class=\"alignnone size-full wp-image-26156\" data-src=\"/assets/media/content/sites/3/2020/08/BHV_Seller-Profile_Trademachines.jpg\" alt=\"\" width=\"1200\" height=\"300\" /></a></p>\r\n<table class=\" alignright\" style=\"height: 100%;background-color: #e6e6e8\" width=\"250\">\r\n<tbody>\r\n<tr>\r\n<td>\r\n<table class=\" aligncenter\" style=\"height: 180px\" width=\"240\">\r\n<tbody>\r\n<tr>\r\n<td>     </td>\r\n<td><strong>BHV GmbH Versteigerungen :</strong></p>\r\n<ul>Date de création : 1990</li>\r\n<li>Siège social : Schleiden/Eifel</li>\r\n<li>Industries : Métal, Construction etc...</li>\r\n<li>Site internet :<a href=\"https://www.bhv-versteigerungen.de\" rel=\"nofollow\">www.bhv-versteigerungen.de</a></li>\r\n</ul>\r\n</td>\r\n</tr>\r\n</tbody>\r\n</table>\r\n</td>\r\n</tr>\r\n</tbody>\r\n</table>\r\n<h2>BHV GmbH Versteigerungen </h2>\r\n<p>Avec près de 30 ans d'expérience dans l'évaluation, la sécurisation, le démontage, le transport et la vente, y compris les ventes aux enchères, BHV GmbH Versteigerungen est un partenaire commercial fiable et digne de confiance. Des avis d'experts, des ventes aux enchères en temps réel et des solutions commerciales sur mesure lui ont permis de sécuriser avec succès plusieurs milliers de transactions et de s'aligner sur les prix du marché dans un grand nombre de secteurs. Des administrateurs de renom, des clients privés, des entreprises, des sociétés de leasing et des banques ont fait confiance à notre société. Nous sommes fiers de notre flexibilité, de notre fiabilité et de notre rapidité d'exécution.</p>\r\n\r\n\r\n"},{"id":"10510_fr","content":""},{"id":"10574_fr","content":""},{"id":"10514_fr","content":""},{"id":"10495_fr","content":""},{"id":"10509_fr","content":""},{"id":"10498_fr","content":""},{"id":"10478_fr","content":""},{"id":"10597_fr","content":""},{"id":"10600_fr","content":""},{"id":"10598_fr","content":""},{"id":"10635_fr","content":""},{"id":"10585_fr","content":""},{"id":"10618_fr","content":""},{"id":"10632_fr","content":""},{"id":"10592_fr","content":""},{"id":"10910_fr","content":""},{"id":"10881_fr","content":""},{"id":"10909_fr","content":""},{"id":"10931_fr","content":""},{"id":"10924_fr","content":""},{"id":"10934_fr","content":""},{"id":"10930_fr","content":""},{"id":"10885_fr","content":""},{"id":"10933_fr","content":""},{"id":"11106_fr","content":""},{"id":"11058_fr","content":""},{"id":"11091_fr","content":""},{"id":"11073_fr","content":""},{"id":"11047_fr","content":""},{"id":"11031_fr","content":""},{"id":"11080_fr","content":""},{"id":"11098_fr","content":""},{"id":"11067_fr","content":""},{"id":"11311_fr","content":""},{"id":"11253_fr","content":""},{"id":"11202_fr","content":""},{"id":"11308_fr","content":""},{"id":"11249_fr","content":""},{"id":"11191_fr","content":""},{"id":"11285_fr","content":""},{"id":"11213_fr","content":""},{"id":"11293_fr","content":""},{"id":"9548_fr","content":"<h2>About PS Onlineauktioner AB</h2>\r\n<p>The Swedish auction house <strong>PS Onlineauktioner </strong>has its headquarters in Svenljunga and presents itself as a modern company with a <strong>broad range of services</strong>. Clients from various industries can readily turn to the auction house at numerous branches all over Sweden and expect efficient liquidations that usually take around three weeks.</p>\r\n<h2>Sound experience with appraisals and liquidations</h2>\r\n<p>For the past 50 years, <strong>PS Online Auktioner</strong> has dealt with <strong>professional liquidations of used machines, plants, business and office equipment as well as vehicles</strong> for bankruptcy trustees, escrow agents, banks, leasing companies, public authorities and companies. The foundation of any successful liquidation are appraisals in conformity with the markets. The appraisals are either prepared in advance by the clients or by competent and certified experts of the auction house <strong>PS AB</strong>. Appraisals are prepared according to different criteria, depending on the kind of liquidation required. The creation of inventories within the framework of an insolvency can be one kind of liquidation and appraisals of machines and plants from various industries, such as forestry, secondary industry, agriculture and many other industries can be another kind of liquidation. <strong>Pettersson &amp; Son</strong> develops direct contact with the clients at the location of the client and also works with numerous appraisers from the Swedish chamber of commerce. In this regard, it is of particular importance to the auction house to personally ensure excellent service to all clients, which in turn contributes to a long list of respectable references, such as Gallerix or ESAB.</p>\r\n<h2>Online since 2006</h2>\r\n<p>Apart from traditional auctions, <strong>PS Onlineauktioner AB</strong> also runs an <strong>online platform</strong> <strong>on psonlineauktioner.se</strong> since 2006. The purpose is to provide even more efficient liquidations of used machines and plants. Online auctions always take place on Thursdays and can be used by commercial as well as private buyers. Well defined and transparent terms and conditions allow potential users to quickly know their way around and after a registration on the platform they receive access to all current offers. With a special liaison for financing and leasing, <strong>PSOnlineauktioner</strong> tops off its range of services and provides <strong>national and international support in transport and logistics</strong>.</p>\r\n<h5>Similar Auction Houses</h5>\r\n<div class=\"panel panel-default panel-body\">\r\n<div class=\"row\">\r\n<div class=\"col-xs-6 col-sm-3\"><a href=\"//trademachines.com/seller/retrade\">RETRADE</a></div>\r\n<div class=\"col-xs-6 col-sm-3\"><a href=\"//trademachines.com/seller/bis-auktion\">BIS AUKTION</a></div>\r\n<div class=\"col-xs-6 col-sm-3\"><a href=\"//trademachines.com/seller/es-group\">ES GROUP</a></div>\r\n<div class=\"col-xs-6 col-sm-3\"><a href=\"//trademachines.com/seller/kvd-auctions\">KVARNDAMMEN</a></div>\r\n</div>\r\n</div>"},{"id":"9545_fr","content":""},{"id":"9547_fr","content":""},{"id":"9872_fr","content":""},{"id":"9610_fr","content":""},{"id":"9825_fr","content":""},{"id":"9722_fr","content":""},{"id":"9624_fr","content":""},{"id":"9608_fr","content":""},{"id":"9719_fr","content":""},{"id":"9960_fr","content":""},{"id":"9628_fr","content":""},{"id":"10074_fr","content":""},{"id":"10019_fr","content":""},{"id":"10084_fr","content":""},{"id":"10042_fr","content":""},{"id":"9961_fr","content":""},{"id":"10095_fr","content":""},{"id":"10088_fr","content":""},{"id":"10072_fr","content":""},{"id":"10020_fr","content":""},{"id":"10168_fr","content":""},{"id":"10225_fr","content":""},{"id":"10282_fr","content":""},{"id":"10162_fr","content":""},{"id":"10271_fr","content":""},{"id":"10233_fr","content":""},{"id":"10319_fr","content":""},{"id":"10259_fr","content":""},{"id":"10295_fr","content":""},{"id":"10759_fr","content":""},{"id":"10760_fr","content":""},{"id":"10732_fr","content":""},{"id":"10719_fr","content":""},{"id":"10691_fr","content":""},{"id":"10688_fr","content":""},{"id":"10687_fr","content":""},{"id":"10706_fr","content":""},{"id":"10776_fr","content":""},{"id":"10817_fr","content":""},{"id":"10844_fr","content":""},{"id":"10789_fr","content":""},{"id":"10826_fr","content":""},{"id":"10861_fr","content":""},{"id":"10825_fr","content":""},{"id":"10850_fr","content":""},{"id":"10836_fr","content":""},{"id":"10800_fr","content":""},{"id":"11013_fr","content":""},{"id":"11006_fr","content":""},{"id":"11030_fr","content":""},{"id":"10980_fr","content":""},{"id":"11019_fr","content":""},{"id":"10978_fr","content":""},{"id":"10997_fr","content":""},{"id":"11010_fr","content":""},{"id":"10935_fr","content":""},{"id":"11167_fr","content":""},{"id":"11181_fr","content":""},{"id":"11124_fr","content":""},{"id":"11162_fr","content":""},{"id":"11180_fr","content":""},{"id":"11110_fr","content":""},{"id":"11126_fr","content":""},{"id":"11115_fr","content":""},{"id":"11163_fr","content":""},{"id":"11330_fr","content":""},{"id":"11312_fr","content":""},{"id":"11852_fr","content":""},{"id":"11817_fr","content":""},{"id":"11851_fr","content":""},{"id":"11794_fr","content":""},{"id":"11679_fr","content":""},{"id":"11819_fr","content":""},{"id":"11876_fr","content":""},{"id":"11808_fr","content":""},{"id":"11821_fr","content":""},{"id":"11892_fr","content":""},{"id":"15036_fr","content":""},{"id":"15093_fr","content":""},{"id":"15054_fr","content":""},{"id":"15109_fr","content":""},{"id":"15060_fr","content":""},{"id":"15040_fr","content":""},{"id":"15099_fr","content":""},{"id":"15121_fr","content":""},{"id":"15044_fr","content":""},{"id":"15010_fr","content":""},{"id":"15128_fr","content":""},{"id":"15385_fr","content":""},{"id":"15428_fr","content":""},{"id":"15426_fr","content":""},{"id":"15354_fr","content":""},{"id":"15295_fr","content":""},{"id":"15396_fr","content":""},{"id":"15285_fr","content":""},{"id":"15345_fr","content":""},{"id":"15349_fr","content":""},{"id":"15567_fr","content":""},{"id":"15569_fr","content":""},{"id":"15578_fr","content":""},{"id":"15576_fr","content":""},{"id":"15559_fr","content":""},{"id":"15557_fr","content":""},{"id":"15589_fr","content":""},{"id":"15587_fr","content":""},{"id":"15591_fr","content":""},{"id":"15617_fr","content":""},{"id":"15602_fr","content":""},{"id":"15611_fr","content":""},{"id":"15604_fr","content":""},{"id":"15607_fr","content":""},{"id":"15619_fr","content":""},{"id":"15621_fr","content":""},{"id":"15595_fr","content":""},{"id":"15593_fr","content":""},{"id":"15696_fr","content":""},{"id":"15732_fr","content":""},{"id":"15698_fr","content":""},{"id":"15730_fr","content":""},{"id":"15712_fr","content":""},{"id":"15734_fr","content":""},{"id":"15689_fr","content":""},{"id":"15736_fr","content":""},{"id":"15695_fr","content":""},{"id":"15915_fr","content":""},{"id":"15911_fr","content":""},{"id":"15846_fr","content":""},{"id":"15889_fr","content":""},{"id":"15907_fr","content":""},{"id":"15917_fr","content":""},{"id":"15897_fr","content":""},{"id":"15824_fr","content":""},{"id":"15919_fr","content":""},{"id":"15086_fr","content":""},{"id":"15155_fr","content":""},{"id":"15165_fr","content":""},{"id":"15167_fr","content":""},{"id":"15145_fr","content":""},{"id":"15129_fr","content":""},{"id":"15193_fr","content":""},{"id":"15197_fr","content":""},{"id":"15195_fr","content":""},{"id":"15163_fr","content":""},{"id":"15203_fr","content":""},{"id":"15225_fr","content":""},{"id":"15220_fr","content":""},{"id":"15222_fr","content":""},{"id":"15212_fr","content":""},{"id":"15208_fr","content":""},{"id":"15221_fr","content":""},{"id":"15247_fr","content":""},{"id":"15199_fr","content":""},{"id":"15541_fr","content":""},{"id":"15493_fr","content":""},{"id":"15551_fr","content":""},{"id":"15443_fr","content":""},{"id":"15481_fr","content":""},{"id":"15436_fr","content":""},{"id":"15462_fr","content":""},{"id":"15547_fr","content":""},{"id":"15555_fr","content":""},{"id":"15669_fr","content":""},{"id":"15683_fr","content":""},{"id":"15624_fr","content":""},{"id":"15662_fr","content":""},{"id":"15665_fr","content":""},{"id":"15653_fr","content":""},{"id":"15636_fr","content":""},{"id":"15640_fr","content":""},{"id":"15638_fr","content":""},{"id":"15783_fr","content":""},{"id":"15773_fr","content":""},{"id":"15747_fr","content":""},{"id":"15771_fr","content":""},{"id":"15782_fr","content":""},{"id":"15745_fr","content":""},{"id":"15761_fr","content":""},{"id":"15739_fr","content":""},{"id":"15775_fr","content":""},{"id":"15985_fr","content":""},{"id":"16069_fr","content":""},{"id":"15974_fr","content":""},{"id":"16130_fr","content":""},{"id":"16114_fr","content":"<p><a href=\"/assets/media/content/sites/3/2020/08/Fimotec-Seller-Profile-.jpg\"><img class=\"alignnone size-full wp-image-26156\" data-src=\"/assets/media/content/sites/3/2020/08/Fimotec-Seller-Profile-.jpg\" alt=\"\" width=\"1200\" height=\"300\" /></a></p>\r\n<table class=\" alignright\" style=\"height: 100%;background-color: #e6e6e8\" width=\"250\">\r\n<tbody>\r\n<tr>\r\n<td>\r\n<table class=\" aligncenter\" style=\"height: 180px\" width=\"240\">\r\n<tbody>\r\n<tr>\r\n<td>     </td>\r\n<td><strong>Fimotec Machines outils :</strong></p>\r\n<ul>\r\n<li>Date de création : 2000</li>\r\n<li>Siège : Haguenau (FR)</li>\r\n<li>Industries : Machines-outils</li>\r\n<li>Site internet :<a href=\"https://www.fimotec.fr\" rel=\"nofollow\">www.fimotec.fr</a></li>\r\n</ul>\r\n</td>\r\n</tr>\r\n</tbody>\r\n</table>\r\n</td>\r\n</tr>\r\n</tbody>\r\n</table>\r\n<h2>Fimotec Machines outils </h2>\r\n<p>Riche d’une expérience de plus de deux décennies dans le domaine des machines-outils, l’équipe de FIMOTEC est à votre disposition pour toute recherche spécifique de machines-outils d’occasion.Le service après-vente est assuré pour toutes nos machines.Nus avons un hall d’exposition avec plus de 200 machines visibles en permanence, essais possibles sur rendez-vous\r\n<br>\r\nNous sommes spécialisés dans les grandes marques européennes et japonaises telles que : AWEA, CINNCINNATI, CHIRON, DAEWOO, ELB, DMG, ERNAULT,<a href=\"//trademachines.fr/fabricant/gildemeister\">GILDEMEISTER</a>, HITACHI, TOS, TOYODA, MAZAK, OKK…</p>\r\n"},{"id":"16115_fr","content":""},{"id":"16128_fr","content":""},{"id":"16136_fr","content":""},{"id":"16116_fr","content":""},{"id":"16123_fr","content":""},{"id":"16175_fr","content":""},{"id":"16194_fr","content":""},{"id":"16137_fr","content":""},{"id":"16158_fr","content":""},{"id":"16176_fr","content":""},{"id":"16161_fr","content":""},{"id":"16170_fr","content":""},{"id":"16141_fr","content":""},{"id":"16140_fr","content":""},{"id":"16198_fr","content":""},{"id":"16270_fr","content":""},{"id":"16346_fr","content":""},{"id":"16195_fr","content":""},{"id":"16334_fr","content":""},{"id":"16432_fr","content":""},{"id":"16393_fr","content":""},{"id":"16433_fr","content":""},{"id":"16409_fr","content":""},{"id":"16438_fr","content":""},{"id":"16553_fr","content":""},{"id":"16442_fr","content":""},{"id":"16546_fr","content":""},{"id":"16534_fr","content":""},{"id":"16434_fr","content":""},{"id":"16557_fr","content":""},{"id":"16547_fr","content":""},{"id":"16513_fr","content":""},{"id":"16570_fr","content":""},{"id":"16889_fr","content":""},{"id":"16577_fr","content":""},{"id":"16887_fr","content":""},{"id":"16567_fr","content":""},{"id":"16607_fr","content":""},{"id":"16613_fr","content":""},{"id":"16617_fr","content":""},{"id":"16602_fr","content":""},{"id":"16968_fr","content":""},{"id":"16970_fr","content":""},{"id":"16900_fr","content":""},{"id":"16927_fr","content":""},{"id":"16929_fr","content":""},{"id":"7884_fr","content":""},{"id":"7226_fr","content":""},{"id":"17138_fr","content":""},{"id":"17124_fr","content":""},{"id":"17187_fr","content":""},{"id":"17155_fr","content":""},{"id":"17122_fr","content":""},{"id":"17148_fr","content":""},{"id":"17174_fr","content":""},{"id":"17182_fr","content":""},{"id":"17178_fr","content":""},{"id":"17417_fr","content":""},{"id":"17435_fr","content":""},{"id":"17427_fr","content":""},{"id":"17414_fr","content":""},{"id":"17408_fr","content":""},{"id":"17412_fr","content":""},{"id":"17429_fr","content":""},{"id":"17433_fr","content":""},{"id":"17437_fr","content":""},{"id":"17469_fr","content":""},{"id":"17471_fr","content":""},{"id":"17461_fr","content":""},{"id":"17463_fr","content":""},{"id":"17472_fr","content":""},{"id":"17465_fr","content":""},{"id":"17475_fr","content":""},{"id":"17466_fr","content":""},{"id":"17477_fr","content":""},{"id":"17596_fr","content":""},{"id":"17600_fr","content":""},{"id":"17594_fr","content":""},{"id":"17584_fr","content":""},{"id":"17598_fr","content":""},{"id":"17592_fr","content":""},{"id":"17588_fr","content":""},{"id":"17582_fr","content":""},{"id":"17590_fr","content":""},{"id":"17622_fr","content":""},{"id":"17624_fr","content":""},{"id":"17377_fr","content":""},{"id":"17398_fr","content":""},{"id":"17390_fr","content":""},{"id":"17380_fr","content":""},{"id":"17403_fr","content":""},{"id":"17392_fr","content":""},{"id":"17383_fr","content":""},{"id":"17400_fr","content":""},{"id":"17385_fr","content":""},{"id":"17489_fr","content":""},{"id":"17491_fr","content":""},{"id":"17495_fr","content":""},{"id":"17483_fr","content":""},{"id":"17485_fr","content":""},{"id":"17493_fr","content":""},{"id":"17481_fr","content":""},{"id":"17508_fr","content":""},{"id":"17479_fr","content":""},{"id":"17616_fr","content":""},{"id":"17603_fr","content":""},{"id":"17614_fr","content":""},{"id":"17620_fr","content":""},{"id":"17612_fr","content":""},{"id":"17610_fr","content":""},{"id":"17607_fr","content":""},{"id":"17618_fr","content":""},{"id":"17602_fr","content":""},{"id":"17232_fr","content":""},{"id":"17217_fr","content":""},{"id":"17219_fr","content":""},{"id":"17199_fr","content":""},{"id":"17225_fr","content":""},{"id":"17201_fr","content":""},{"id":"17221_fr","content":""},{"id":"17228_fr","content":""},{"id":"17191_fr","content":""},{"id":"17365_fr","content":""},{"id":"17341_fr","content":""},{"id":"17375_fr","content":""},{"id":"17356_fr","content":""},{"id":"17344_fr","content":""},{"id":"17336_fr","content":""},{"id":"17363_fr","content":""},{"id":"17357_fr","content":""},{"id":"17457_fr","content":""},{"id":"17439_fr","content":""},{"id":"17443_fr","content":""},{"id":"17455_fr","content":""},{"id":"17453_fr","content":""},{"id":"17451_fr","content":""},{"id":"17447_fr","content":""},{"id":"17459_fr","content":""},{"id":"17449_fr","content":""},{"id":"17556_fr","content":""},{"id":"17578_fr","content":""},{"id":"17574_fr","content":""},{"id":"17561_fr","content":""},{"id":"17558_fr","content":""},{"id":"17563_fr","content":""},{"id":"17580_fr","content":""},{"id":"17566_fr","content":""},{"id":"17576_fr","content":""},{"id":"17537_fr","content":""},{"id":"17539_fr","content":""},{"id":"17533_fr","content":""},{"id":"17531_fr","content":""},{"id":"17535_fr","content":""},{"id":"17549_fr","content":""},{"id":"17541_fr","content":""},{"id":"17547_fr","content":""},{"id":"17545_fr","content":""},{"id":"17102_fr","content":""},{"id":"17066_fr","content":""},{"id":"17072_fr","content":""},{"id":"17064_fr","content":""},{"id":"17071_fr","content":""},{"id":"17083_fr","content":""},{"id":"17262_fr","content":""},{"id":"17298_fr","content":""},{"id":"17264_fr","content":""},{"id":"17260_fr","content":""},{"id":"17236_fr","content":""},{"id":"17234_fr","content":""},{"id":"17327_fr","content":""},{"id":"17277_fr","content":""},{"id":"17267_fr","content":""},{"id":"17527_fr","content":""},{"id":"17521_fr","content":""},{"id":"17519_fr","content":""},{"id":"17529_fr","content":""},{"id":"17511_fr","content":""},{"id":"17523_fr","content":""},{"id":"17515_fr","content":""},{"id":"17525_fr","content":""},{"id":"17513_fr","content":""}]