[{"id":"4092_pl","content":""},{"id":"4096_pl","content":""},{"id":"4095_pl","content":""},{"id":"4099_pl","content":""},{"id":"4097_pl","content":""},{"id":"4094_pl","content":""},{"id":"4093_pl","content":""},{"id":"4098_pl","content":""},{"id":"4091_pl","content":""},{"id":"4243_pl","content":""},{"id":"4261_pl","content":""},{"id":"4188_pl","content":""},{"id":"4196_pl","content":""},{"id":"4237_pl","content":""},{"id":"4235_pl","content":""},{"id":"4253_pl","content":""},{"id":"4255_pl","content":""},{"id":"4191_pl","content":""},{"id":"4358_pl","content":""},{"id":"4373_pl","content":""},{"id":"4374_pl","content":""},{"id":"4342_pl","content":""},{"id":"4379_pl","content":""},{"id":"4383_pl","content":""},{"id":"4381_pl","content":""},{"id":"4385_pl","content":""},{"id":"4371_pl","content":""},{"id":"4431_pl","content":""},{"id":"4389_pl","content":""},{"id":"4416_pl","content":""},{"id":"4407_pl","content":""},{"id":"4434_pl","content":""},{"id":"4409_pl","content":""},{"id":"4394_pl","content":""},{"id":"4392_pl","content":""},{"id":"4408_pl","content":""},{"id":"4695_pl","content":""},{"id":"4744_pl","content":""},{"id":"4683_pl","content":""},{"id":"4719_pl","content":""},{"id":"4753_pl","content":""},{"id":"4704_pl","content":""},{"id":"4729_pl","content":""},{"id":"4627_pl","content":""},{"id":"4711_pl","content":""},{"id":"4899_pl","content":""},{"id":"4928_pl","content":""},{"id":"4816_pl","content":""},{"id":"4891_pl","content":""},{"id":"4910_pl","content":""},{"id":"4906_pl","content":""},{"id":"4916_pl","content":""},{"id":"4920_pl","content":""},{"id":"4918_pl","content":""},{"id":"5039_pl","content":""},{"id":"5055_pl","content":""},{"id":"5031_pl","content":""},{"id":"5034_pl","content":""},{"id":"5035_pl","content":""},{"id":"5020_pl","content":""},{"id":"5001_pl","content":""},{"id":"5005_pl","content":""},{"id":"5003_pl","content":""},{"id":"5119_pl","content":""},{"id":"5116_pl","content":""},{"id":"5122_pl","content":""},{"id":"5159_pl","content":""},{"id":"5129_pl","content":""},{"id":"5157_pl","content":""},{"id":"5126_pl","content":""},{"id":"5147_pl","content":""},{"id":"5161_pl","content":""},{"id":"4025_pl","content":""},{"id":"4040_pl","content":""},{"id":"4088_pl","content":""},{"id":"4089_pl","content":""},{"id":"4090_pl","content":""},{"id":"4084_pl","content":""},{"id":"4100_pl","content":""},{"id":"4107_pl","content":""},{"id":"4101_pl","content":""},{"id":"4102_pl","content":""},{"id":"4103_pl","content":""},{"id":"4104_pl","content":""},{"id":"4108_pl","content":""},{"id":"4106_pl","content":""},{"id":"4105_pl","content":""},{"id":"4169_pl","content":""},{"id":"4110_pl","content":""},{"id":"4109_pl","content":""},{"id":"4112_pl","content":""},{"id":"4157_pl","content":""},{"id":"4111_pl","content":""},{"id":"4165_pl","content":""},{"id":"4120_pl","content":""},{"id":"4184_pl","content":""},{"id":"4263_pl","content":""},{"id":"4273_pl","content":""},{"id":"4283_pl","content":""},{"id":"4294_pl","content":""},{"id":"4316_pl","content":""},{"id":"4313_pl","content":""},{"id":"4301_pl","content":""},{"id":"4312_pl","content":""},{"id":"4297_pl","content":""},{"id":"4612_pl","content":""},{"id":"4454_pl","content":""},{"id":"4523_pl","content":""},{"id":"4610_pl","content":""},{"id":"4586_pl","content":""},{"id":"4509_pl","content":""},{"id":"4479_pl","content":""},{"id":"4568_pl","content":""},{"id":"4572_pl","content":""},{"id":"4930_pl","content":""},{"id":"4939_pl","content":""},{"id":"4959_pl","content":""},{"id":"4937_pl","content":""},{"id":"4951_pl","content":""},{"id":"4957_pl","content":""},{"id":"4949_pl","content":""},{"id":"4953_pl","content":""},{"id":"4955_pl","content":""},{"id":"4981_pl","content":""},{"id":"4988_pl","content":""},{"id":"4978_pl","content":""},{"id":"4965_pl","content":""},{"id":"4974_pl","content":""},{"id":"4967_pl","content":""},{"id":"4970_pl","content":""},{"id":"4983_pl","content":""},{"id":"4985_pl","content":""},{"id":"5068_pl","content":""},{"id":"5094_pl","content":""},{"id":"5109_pl","content":""},{"id":"5070_pl","content":""},{"id":"5107_pl","content":""},{"id":"5086_pl","content":""},{"id":"5112_pl","content":""},{"id":"5061_pl","content":""},{"id":"5114_pl","content":""},{"id":"5169_pl","content":""},{"id":"5321_pl","content":""},{"id":"5269_pl","content":""},{"id":"5284_pl","content":""},{"id":"5239_pl","content":""},{"id":"5168_pl","content":""},{"id":"5217_pl","content":""},{"id":"5488_pl","content":""},{"id":"5503_pl","content":""},{"id":"5489_pl","content":""},{"id":"5428_pl","content":""},{"id":"5412_pl","content":""},{"id":"5449_pl","content":""},{"id":"5434_pl","content":""},{"id":"5462_pl","content":""},{"id":"5429_pl","content":""},{"id":"5452_pl","content":""},{"id":"5893_pl","content":""},{"id":"5898_pl","content":""},{"id":"5766_pl","content":""},{"id":"5890_pl","content":""},{"id":"5819_pl","content":""},{"id":"5894_pl","content":""},{"id":"5783_pl","content":""},{"id":"5810_pl","content":""},{"id":"5804_pl","content":""},{"id":"5396_pl","content":""},{"id":"5386_pl","content":""},{"id":"5395_pl","content":""},{"id":"5411_pl","content":""},{"id":"5380_pl","content":""},{"id":"5362_pl","content":""},{"id":"5334_pl","content":""},{"id":"5183_pl","content":""},{"id":"5410_pl","content":""},{"id":"5275_pl","content":""},{"id":"5665_pl","content":""},{"id":"5594_pl","content":""},{"id":"5598_pl","content":""},{"id":"5655_pl","content":""},{"id":"5589_pl","content":""},{"id":"5505_pl","content":""},{"id":"5654_pl","content":""},{"id":"5508_pl","content":""},{"id":"5571_pl","content":""},{"id":"5976_pl","content":""},{"id":"5921_pl","content":""},{"id":"5914_pl","content":""},{"id":"8267_pl","content":""},{"id":"8254_pl","content":""},{"id":"8251_pl","content":""},{"id":"8265_pl","content":""},{"id":"8263_pl","content":""},{"id":"8249_pl","content":""},{"id":"8261_pl","content":""},{"id":"8258_pl","content":""},{"id":"8253_pl","content":""},{"id":"6193_pl","content":""},{"id":"6147_pl","content":""},{"id":"6143_pl","content":""},{"id":"6077_pl","content":""},{"id":"6163_pl","content":""},{"id":"6269_pl","content":""},{"id":"6177_pl","content":""},{"id":"6825_pl","content":""},{"id":"6296_pl","content":""},{"id":"6293_pl","content":""},{"id":"6295_pl","content":""},{"id":"6862_pl","content":""},{"id":"6870_pl","content":""},{"id":"6863_pl","content":""},{"id":"6877_pl","content":""},{"id":"6875_pl","content":""},{"id":"6864_pl","content":""},{"id":"6883_pl","content":""},{"id":"6912_pl","content":""},{"id":"6888_pl","content":""},{"id":"6884_pl","content":""},{"id":"6918_pl","content":""},{"id":"6903_pl","content":""},{"id":"6917_pl","content":""},{"id":"6887_pl","content":""},{"id":"6900_pl","content":""},{"id":"7075_pl","content":""},{"id":"7150_pl","content":""},{"id":"7173_pl","content":""},{"id":"7134_pl","content":""},{"id":"6935_pl","content":""},{"id":"7087_pl","content":""},{"id":"6936_pl","content":""},{"id":"7011_pl","content":""},{"id":"6939_pl","content":""},{"id":"7248_pl","content":""},{"id":"7174_pl","content":""},{"id":"7175_pl","content":""},{"id":"7183_pl","content":""},{"id":"7281_pl","content":""},{"id":"7269_pl","content":""},{"id":"7288_pl","content":""},{"id":"7282_pl","content":""},{"id":"7179_pl","content":""},{"id":"7618_pl","content":""},{"id":"7290_pl","content":""},{"id":"7332_pl","content":""},{"id":"7343_pl","content":""},{"id":"7310_pl","content":""},{"id":"7300_pl","content":""},{"id":"7337_pl","content":""},{"id":"7303_pl","content":""},{"id":"7347_pl","content":""},{"id":"7688_pl","content":""},{"id":"7725_pl","content":""},{"id":"7631_pl","content":""},{"id":"7656_pl","content":""},{"id":"7723_pl","content":""},{"id":"7686_pl","content":""},{"id":"7729_pl","content":""},{"id":"7620_pl","content":""},{"id":"7658_pl","content":""},{"id":"7789_pl","content":""},{"id":"7753_pl","content":""},{"id":"7775_pl","content":""},{"id":"7730_pl","content":""},{"id":"7807_pl","content":""},{"id":"7773_pl","content":""},{"id":"7799_pl","content":""},{"id":"7830_pl","content":""},{"id":"7741_pl","content":""},{"id":"7873_pl","content":""},{"id":"7875_pl","content":""},{"id":"7843_pl","content":""},{"id":"7855_pl","content":""},{"id":"7857_pl","content":""},{"id":"7877_pl","content":""},{"id":"7838_pl","content":""},{"id":"7847_pl","content":""},{"id":"7834_pl","content":""},{"id":"7918_pl","content":""},{"id":"7888_pl","content":""},{"id":"7920_pl","content":""},{"id":"7916_pl","content":""},{"id":"7892_pl","content":""},{"id":"7890_pl","content":""},{"id":"7923_pl","content":""},{"id":"7881_pl","content":""},{"id":"7884_pl","content":""},{"id":"7954_pl","content":""},{"id":"7992_pl","content":""},{"id":"7997_pl","content":""},{"id":"7983_pl","content":""},{"id":"7933_pl","content":""},{"id":"8012_pl","content":""},{"id":"8000_pl","content":""},{"id":"8019_pl","content":""},{"id":"8013_pl","content":""},{"id":"8021_pl","content":""},{"id":"8033_pl","content":""},{"id":"8054_pl","content":""},{"id":"8031_pl","content":""},{"id":"8046_pl","content":""},{"id":"8036_pl","content":""},{"id":"8048_pl","content":""},{"id":"8039_pl","content":""},{"id":"8041_pl","content":""},{"id":"8073_pl","content":""},{"id":"8083_pl","content":""},{"id":"8070_pl","content":""},{"id":"8064_pl","content":""},{"id":"8068_pl","content":""},{"id":"8085_pl","content":""},{"id":"8059_pl","content":""},{"id":"8089_pl","content":""},{"id":"8056_pl","content":""},{"id":"8091_pl","content":""},{"id":"8095_pl","content":""},{"id":"8099_pl","content":""},{"id":"8111_pl","content":""},{"id":"8109_pl","content":""},{"id":"8107_pl","content":""},{"id":"8103_pl","content":""},{"id":"8093_pl","content":""},{"id":"8105_pl","content":""},{"id":"8125_pl","content":""},{"id":"8113_pl","content":""},{"id":"8127_pl","content":""},{"id":"8117_pl","content":""},{"id":"8119_pl","content":""},{"id":"8128_pl","content":""},{"id":"8121_pl","content":""},{"id":"8115_pl","content":""},{"id":"8122_pl","content":""},{"id":"8145_pl","content":""},{"id":"8147_pl","content":""},{"id":"8139_pl","content":""},{"id":"8141_pl","content":""},{"id":"8149_pl","content":""},{"id":"8131_pl","content":""},{"id":"8137_pl","content":""},{"id":"8135_pl","content":""},{"id":"8133_pl","content":""},{"id":"8177_pl","content":""},{"id":"8151_pl","content":""},{"id":"8175_pl","content":""},{"id":"8167_pl","content":""},{"id":"8179_pl","content":""},{"id":"8171_pl","content":""},{"id":"8164_pl","content":""},{"id":"8181_pl","content":""},{"id":"8169_pl","content":""},{"id":"8183_pl","content":""},{"id":"8193_pl","content":""},{"id":"8195_pl","content":""},{"id":"8189_pl","content":""},{"id":"8187_pl","content":""},{"id":"8191_pl","content":""},{"id":"8185_pl","content":""},{"id":"8197_pl","content":""},{"id":"8201_pl","content":""},{"id":"8209_pl","content":""},{"id":"8205_pl","content":""},{"id":"8225_pl","content":""},{"id":"8213_pl","content":""},{"id":"8211_pl","content":""},{"id":"8203_pl","content":""},{"id":"8215_pl","content":""},{"id":"8217_pl","content":""},{"id":"8227_pl","content":""},{"id":"8247_pl","content":""},{"id":"8229_pl","content":""},{"id":"8245_pl","content":""},{"id":"8235_pl","content":""},{"id":"8243_pl","content":""},{"id":"8239_pl","content":""},{"id":"8231_pl","content":""},{"id":"8233_pl","content":""},{"id":"8241_pl","content":""},{"id":"8273_pl","content":""},{"id":"8275_pl","content":""},{"id":"8271_pl","content":""},{"id":"8269_pl","content":""},{"id":"49_pl","content":""},{"id":"19_pl","content":""},{"id":"18_pl","content":""},{"id":"26_pl","content":""},{"id":"28_pl","content":""},{"id":"17_pl","content":""},{"id":"24_pl","content":""},{"id":"21_pl","content":""},{"id":"20_pl","content":""},{"id":"27_pl","content":""},{"id":"40_pl","content":""},{"id":"41_pl","content":""},{"id":"37_pl","content":""},{"id":"39_pl","content":""},{"id":"29_pl","content":""},{"id":"38_pl","content":""},{"id":"42_pl","content":""},{"id":"35_pl","content":""},{"id":"30_pl","content":""},{"id":"75_pl","content":""},{"id":"43_pl","content":""},{"id":"86_pl","content":""},{"id":"79_pl","content":""},{"id":"45_pl","content":""},{"id":"48_pl","content":""},{"id":"85_pl","content":""},{"id":"82_pl","content":""},{"id":"106_pl","content":""},{"id":"87_pl","content":""},{"id":"94_pl","content":""},{"id":"111_pl","content":""},{"id":"89_pl","content":""},{"id":"122_pl","content":""},{"id":"95_pl","content":""},{"id":"93_pl","content":""},{"id":"130_pl","content":""},{"id":"16_pl","content":""},{"id":"6_pl","content":""},{"id":"4_pl","content":""},{"id":"11_pl","content":""},{"id":"9_pl","content":""},{"id":"7_pl","content":""},{"id":"134_pl","content":""},{"id":"136_pl","content":""},{"id":"141_pl","content":""},{"id":"149_pl","content":""},{"id":"2988_pl","content":""},{"id":"2987_pl","content":""},{"id":"3001_pl","content":""},{"id":"2984_pl","content":""},{"id":"2976_pl","content":""},{"id":"3002_pl","content":""},{"id":"3000_pl","content":""},{"id":"2996_pl","content":""},{"id":"3004_pl","content":""},{"id":"3096_pl","content":""},{"id":"3073_pl","content":""},{"id":"3066_pl","content":""},{"id":"3065_pl","content":""},{"id":"3083_pl","content":""},{"id":"3092_pl","content":""},{"id":"3069_pl","content":""},{"id":"3079_pl","content":""},{"id":"3086_pl","content":""},{"id":"3101_pl","content":""},{"id":"3137_pl","content":""},{"id":"3133_pl","content":""},{"id":"3140_pl","content":""},{"id":"3141_pl","content":""},{"id":"3119_pl","content":""},{"id":"3113_pl","content":""},{"id":"3144_pl","content":""},{"id":"3098_pl","content":""},{"id":"3043_pl","content":""},{"id":"3015_pl","content":""},{"id":"3009_pl","content":""},{"id":"3008_pl","content":""},{"id":"3041_pl","content":""},{"id":"3040_pl","content":""},{"id":"3006_pl","content":""},{"id":"3011_pl","content":""},{"id":"3007_pl","content":""},{"id":"3055_pl","content":""},{"id":"3053_pl","content":""},{"id":"3045_pl","content":""},{"id":"3062_pl","content":""},{"id":"3052_pl","content":""},{"id":"3057_pl","content":""},{"id":"3051_pl","content":""},{"id":"3064_pl","content":""},{"id":"3044_pl","content":""},{"id":"3168_pl","content":""},{"id":"3190_pl","content":""},{"id":"3166_pl","content":""},{"id":"3152_pl","content":""},{"id":"3188_pl","content":""},{"id":"3205_pl","content":""},{"id":"3202_pl","content":""},{"id":"3233_pl","content":""},{"id":"3240_pl","content":""},{"id":"3229_pl","content":""},{"id":"3248_pl","content":""},{"id":"3232_pl","content":""},{"id":"3246_pl","content":""},{"id":"3238_pl","content":""},{"id":"3247_pl","content":""},{"id":"3698_pl","content":""},{"id":"3724_pl","content":""},{"id":"3702_pl","content":""},{"id":"3718_pl","content":""},{"id":"3737_pl","content":""},{"id":"3747_pl","content":""},{"id":"3697_pl","content":""},{"id":"3726_pl","content":""},{"id":"3727_pl","content":""},{"id":"3873_pl","content":""},{"id":"3890_pl","content":""},{"id":"3898_pl","content":""},{"id":"3882_pl","content":""},{"id":"3879_pl","content":""},{"id":"3901_pl","content":""},{"id":"3877_pl","content":""},{"id":"3893_pl","content":""},{"id":"3886_pl","content":""},{"id":"3221_pl","content":""},{"id":"3211_pl","content":""},{"id":"3161_pl","content":""},{"id":"3201_pl","content":""},{"id":"3199_pl","content":""},{"id":"3182_pl","content":""},{"id":"3222_pl","content":""},{"id":"3209_pl","content":""},{"id":"3164_pl","content":""},{"id":"3153_pl","content":""},{"id":"3466_pl","content":""},{"id":"3505_pl","content":""},{"id":"3376_pl","content":""},{"id":"3522_pl","content":""},{"id":"3372_pl","content":""},{"id":"3487_pl","content":""},{"id":"3429_pl","content":""},{"id":"3365_pl","content":""},{"id":"3455_pl","content":""},{"id":"3833_pl","content":""},{"id":"3817_pl","content":""},{"id":"3844_pl","content":""},{"id":"3812_pl","content":""},{"id":"3808_pl","content":""},{"id":"3849_pl","content":""},{"id":"3762_pl","content":""},{"id":"3851_pl","content":""},{"id":"3846_pl","content":""},{"id":"3265_pl","content":""},{"id":"3245_pl","content":""},{"id":"3226_pl","content":""},{"id":"3256_pl","content":""},{"id":"3307_pl","content":""},{"id":"3293_pl","content":""},{"id":"3280_pl","content":""},{"id":"3290_pl","content":""},{"id":"3250_pl","content":""},{"id":"3252_pl","content":""},{"id":"3667_pl","content":""},{"id":"3682_pl","content":""},{"id":"3695_pl","content":""},{"id":"3684_pl","content":""},{"id":"3641_pl","content":""},{"id":"3685_pl","content":""},{"id":"3671_pl","content":""},{"id":"3692_pl","content":""},{"id":"3690_pl","content":""},{"id":"3854_pl","content":""},{"id":"3861_pl","content":""},{"id":"3856_pl","content":""},{"id":"3863_pl","content":""},{"id":"3868_pl","content":""},{"id":"3853_pl","content":""},{"id":"3859_pl","content":""},{"id":"3865_pl","content":""},{"id":"3870_pl","content":""},{"id":"3999_pl","content":""},{"id":"3988_pl","content":""},{"id":"3310_pl","content":""},{"id":"3343_pl","content":""},{"id":"3317_pl","content":""},{"id":"3319_pl","content":""},{"id":"3329_pl","content":""},{"id":"3351_pl","content":""},{"id":"3324_pl","content":""},{"id":"3328_pl","content":""},{"id":"3352_pl","content":""},{"id":"3346_pl","content":""},{"id":"3540_pl","content":""},{"id":"3543_pl","content":""},{"id":"3560_pl","content":""},{"id":"3630_pl","content":""},{"id":"3529_pl","content":""},{"id":"3553_pl","content":""},{"id":"3603_pl","content":""},{"id":"3585_pl","content":""},{"id":"3525_pl","content":""},{"id":"3918_pl","content":""},{"id":"3916_pl","content":""},{"id":"3921_pl","content":""},{"id":"3949_pl","content":""},{"id":"3907_pl","content":""},{"id":"3941_pl","content":""},{"id":"3912_pl","content":""},{"id":"3929_pl","content":""},{"id":"3950_pl","content":""}]