[{"id":"4021_nl","content":""},{"id":"4036_nl","content":""},{"id":"4080_nl","content":""},{"id":"4096_nl","content":""},{"id":"4097_nl","content":""},{"id":"4098_nl","content":""},{"id":"4099_nl","content":""},{"id":"4095_nl","content":""},{"id":"4093_nl","content":""},{"id":"4100_nl","content":""},{"id":"4094_nl","content":""},{"id":"4101_nl","content":""},{"id":"4239_nl","content":""},{"id":"4165_nl","content":""},{"id":"4184_nl","content":""},{"id":"4192_nl","content":""},{"id":"4233_nl","content":""},{"id":"4231_nl","content":""},{"id":"4161_nl","content":""},{"id":"4187_nl","content":""},{"id":"4180_nl","content":""},{"id":"4345_nl","content":""},{"id":"4360_nl","content":""},{"id":"4361_nl","content":""},{"id":"4307_nl","content":""},{"id":"4329_nl","content":""},{"id":"4304_nl","content":""},{"id":"4292_nl","content":""},{"id":"4303_nl","content":""},{"id":"4358_nl","content":""},{"id":"4413_nl","content":""},{"id":"4436_nl","content":""},{"id":"4471_nl","content":""},{"id":"4398_nl","content":""},{"id":"4464_nl","content":""},{"id":"4416_nl","content":""},{"id":"4449_nl","content":""},{"id":"4391_nl","content":""},{"id":"4496_nl","content":""},{"id":"4707_nl","content":""},{"id":"4653_nl","content":""},{"id":"4699_nl","content":""},{"id":"4609_nl","content":""},{"id":"4718_nl","content":""},{"id":"4584_nl","content":""},{"id":"4618_nl","content":""},{"id":"4594_nl","content":""},{"id":"4714_nl","content":""},{"id":"4789_nl","content":""},{"id":"4796_nl","content":""},{"id":"4839_nl","content":""},{"id":"4828_nl","content":""},{"id":"4809_nl","content":""},{"id":"4813_nl","content":""},{"id":"4791_nl","content":""},{"id":"4793_nl","content":""},{"id":"4811_nl","content":""},{"id":"4927_nl","content":""},{"id":"4924_nl","content":""},{"id":"4930_nl","content":""},{"id":"4917_nl","content":""},{"id":"4937_nl","content":""},{"id":"4934_nl","content":""},{"id":"4915_nl","content":""},{"id":"4920_nl","content":""},{"id":"4922_nl","content":""},{"id":"5128_nl","content":""},{"id":"5076_nl","content":""},{"id":"5091_nl","content":""},{"id":"5197_nl","content":""},{"id":"5206_nl","content":""},{"id":"5191_nl","content":""},{"id":"5169_nl","content":""},{"id":"5141_nl","content":""},{"id":"5082_nl","content":""},{"id":"5299_nl","content":""},{"id":"5314_nl","content":""},{"id":"5300_nl","content":""},{"id":"5405_nl","content":""},{"id":"5400_nl","content":""},{"id":"5316_nl","content":""},{"id":"5273_nl","content":""},{"id":"5319_nl","content":""},{"id":"5382_nl","content":""},{"id":"5958_nl","content":""},{"id":"5974_nl","content":""},{"id":"5988_nl","content":""},{"id":"4088_nl","content":""},{"id":"4092_nl","content":""},{"id":"4091_nl","content":""},{"id":"4084_nl","content":""},{"id":"4085_nl","content":""},{"id":"4086_nl","content":""},{"id":"4090_nl","content":""},{"id":"4089_nl","content":""},{"id":"4087_nl","content":""},{"id":"4103_nl","content":""},{"id":"4106_nl","content":""},{"id":"4104_nl","content":""},{"id":"4105_nl","content":""},{"id":"4108_nl","content":""},{"id":"4153_nl","content":""},{"id":"4107_nl","content":""},{"id":"4102_nl","content":""},{"id":"4116_nl","content":""},{"id":"4258_nl","content":""},{"id":"4274_nl","content":""},{"id":"4285_nl","content":""},{"id":"4249_nl","content":""},{"id":"4251_nl","content":""},{"id":"4256_nl","content":""},{"id":"4268_nl","content":""},{"id":"4288_nl","content":""},{"id":"4376_nl","content":""},{"id":"4389_nl","content":""},{"id":"4366_nl","content":""},{"id":"4381_nl","content":""},{"id":"4379_nl","content":""},{"id":"4370_nl","content":""},{"id":"4368_nl","content":""},{"id":"4372_nl","content":""},{"id":"4390_nl","content":""},{"id":"4529_nl","content":""},{"id":"4563_nl","content":""},{"id":"4561_nl","content":""},{"id":"4527_nl","content":""},{"id":"4572_nl","content":""},{"id":"4508_nl","content":""},{"id":"4540_nl","content":""},{"id":"4576_nl","content":""},{"id":"4500_nl","content":""},{"id":"4736_nl","content":""},{"id":"4738_nl","content":""},{"id":"4747_nl","content":""},{"id":"4745_nl","content":""},{"id":"4724_nl","content":""},{"id":"4728_nl","content":""},{"id":"4726_nl","content":""},{"id":"4759_nl","content":""},{"id":"4757_nl","content":""},{"id":"4767_nl","content":""},{"id":"4786_nl","content":""},{"id":"4773_nl","content":""},{"id":"4782_nl","content":""},{"id":"4775_nl","content":""},{"id":"4778_nl","content":""},{"id":"4765_nl","content":""},{"id":"4761_nl","content":""},{"id":"4763_nl","content":""},{"id":"4847_nl","content":""},{"id":"4876_nl","content":""},{"id":"4863_nl","content":""},{"id":"4902_nl","content":""},{"id":"4878_nl","content":""},{"id":"4894_nl","content":""},{"id":"4869_nl","content":""},{"id":"4842_nl","content":""},{"id":"4843_nl","content":""},{"id":"4977_nl","content":""},{"id":"5046_nl","content":""},{"id":"4967_nl","content":""},{"id":"4965_nl","content":""},{"id":"4976_nl","content":""},{"id":"5024_nl","content":""},{"id":"4955_nl","content":""},{"id":"4969_nl","content":""},{"id":"4991_nl","content":""},{"id":"5239_nl","content":""},{"id":"5223_nl","content":""},{"id":"5207_nl","content":""},{"id":"5260_nl","content":""},{"id":"5245_nl","content":""},{"id":"5222_nl","content":""},{"id":"5240_nl","content":""},{"id":"5263_nl","content":""},{"id":"5221_nl","content":""},{"id":"5476_nl","content":""},{"id":"5409_nl","content":""},{"id":"5466_nl","content":""},{"id":"5577_nl","content":""},{"id":"5465_nl","content":""},{"id":"5630_nl","content":""},{"id":"5594_nl","content":""},{"id":"5621_nl","content":""},{"id":"5615_nl","content":""},{"id":"5888_nl","content":""},{"id":"5704_nl","content":""},{"id":"5954_nl","content":""},{"id":"5709_nl","content":""},{"id":"5701_nl","content":""},{"id":"5787_nl","content":""},{"id":"5732_nl","content":""},{"id":"5705_nl","content":""},{"id":"5725_nl","content":""},{"id":"8085_nl","content":""},{"id":"8072_nl","content":""},{"id":"8069_nl","content":""},{"id":"8083_nl","content":""},{"id":"8081_nl","content":""},{"id":"8079_nl","content":""},{"id":"8076_nl","content":""},{"id":"8087_nl","content":""},{"id":"8071_nl","content":""},{"id":"6743_nl","content":""},{"id":"6719_nl","content":""},{"id":"6766_nl","content":""},{"id":"6749_nl","content":""},{"id":"6767_nl","content":""},{"id":"6734_nl","content":""},{"id":"6748_nl","content":""},{"id":"6718_nl","content":""},{"id":"6731_nl","content":""},{"id":"7452_nl","content":""},{"id":"7166_nl","content":""},{"id":"7465_nl","content":""},{"id":"7177_nl","content":""},{"id":"7141_nl","content":""},{"id":"7454_nl","content":""},{"id":"7171_nl","content":""},{"id":"7134_nl","content":""},{"id":"7181_nl","content":""},{"id":"7691_nl","content":""},{"id":"7693_nl","content":""},{"id":"7661_nl","content":""},{"id":"7673_nl","content":""},{"id":"7699_nl","content":""},{"id":"7675_nl","content":""},{"id":"7695_nl","content":""},{"id":"7702_nl","content":""},{"id":"7665_nl","content":""},{"id":"7772_nl","content":""},{"id":"7810_nl","content":""},{"id":"7839_nl","content":""},{"id":"7815_nl","content":""},{"id":"7801_nl","content":""},{"id":"7830_nl","content":""},{"id":"7818_nl","content":""},{"id":"7837_nl","content":""},{"id":"7831_nl","content":""},{"id":"7963_nl","content":""},{"id":"7965_nl","content":""},{"id":"7969_nl","content":""},{"id":"7957_nl","content":""},{"id":"7959_nl","content":""},{"id":"7967_nl","content":""},{"id":"7955_nl","content":""},{"id":"7953_nl","content":""},{"id":"7951_nl","content":""},{"id":"8065_nl","content":""},{"id":"8063_nl","content":""},{"id":"8053_nl","content":""},{"id":"8067_nl","content":""},{"id":"8061_nl","content":""},{"id":"8057_nl","content":""},{"id":"8049_nl","content":""},{"id":"8051_nl","content":""},{"id":"8059_nl","content":""},{"id":"6693_nl","content":""},{"id":"6714_nl","content":""},{"id":"6701_nl","content":""},{"id":"6694_nl","content":""},{"id":"6708_nl","content":""},{"id":"6715_nl","content":""},{"id":"6706_nl","content":""},{"id":"6695_nl","content":""},{"id":"7079_nl","content":""},{"id":"7121_nl","content":""},{"id":"7014_nl","content":""},{"id":"7112_nl","content":""},{"id":"7100_nl","content":""},{"id":"7131_nl","content":""},{"id":"7119_nl","content":""},{"id":"7113_nl","content":""},{"id":"7010_nl","content":""},{"id":"7623_nl","content":""},{"id":"7587_nl","content":""},{"id":"7609_nl","content":""},{"id":"7640_nl","content":""},{"id":"7607_nl","content":""},{"id":"7633_nl","content":""},{"id":"7648_nl","content":""},{"id":"7656_nl","content":""},{"id":"7652_nl","content":""},{"id":"7851_nl","content":""},{"id":"7872_nl","content":""},{"id":"7849_nl","content":""},{"id":"7864_nl","content":""},{"id":"7854_nl","content":""},{"id":"7866_nl","content":""},{"id":"7857_nl","content":""},{"id":"7874_nl","content":""},{"id":"7859_nl","content":""},{"id":"7931_nl","content":""},{"id":"7913_nl","content":""},{"id":"7917_nl","content":""},{"id":"7929_nl","content":""},{"id":"7927_nl","content":""},{"id":"7925_nl","content":""},{"id":"7921_nl","content":""},{"id":"7911_nl","content":""},{"id":"7923_nl","content":""},{"id":"8001_nl","content":""},{"id":"7995_nl","content":""},{"id":"7993_nl","content":""},{"id":"7985_nl","content":""},{"id":"7997_nl","content":""},{"id":"7989_nl","content":""},{"id":"7982_nl","content":""},{"id":"7999_nl","content":""},{"id":"7987_nl","content":""},{"id":"8093_nl","content":""},{"id":"8091_nl","content":""},{"id":"8089_nl","content":""},{"id":"6636_nl","content":""},{"id":"6109_nl","content":""},{"id":"7891_nl","content":""},{"id":"7909_nl","content":""},{"id":"7901_nl","content":""},{"id":"7888_nl","content":""},{"id":"7882_nl","content":""},{"id":"7886_nl","content":""},{"id":"7903_nl","content":""},{"id":"7877_nl","content":""},{"id":"7907_nl","content":""},{"id":"8011_nl","content":""},{"id":"8013_nl","content":""},{"id":"8007_nl","content":""},{"id":"8005_nl","content":""},{"id":"8009_nl","content":""},{"id":"8003_nl","content":""},{"id":"8015_nl","content":""},{"id":"8021_nl","content":""},{"id":"8019_nl","content":""},{"id":"6006_nl","content":""},{"id":"6106_nl","content":""},{"id":"6108_nl","content":""},{"id":"6082_nl","content":""},{"id":"6906_nl","content":""},{"id":"7005_nl","content":""},{"id":"6981_nl","content":""},{"id":"7004_nl","content":""},{"id":"6965_nl","content":""},{"id":"7006_nl","content":""},{"id":"6918_nl","content":""},{"id":"6842_nl","content":""},{"id":"6770_nl","content":""},{"id":"7522_nl","content":""},{"id":"7559_nl","content":""},{"id":"7564_nl","content":""},{"id":"7490_nl","content":""},{"id":"7557_nl","content":""},{"id":"7520_nl","content":""},{"id":"7563_nl","content":""},{"id":"7492_nl","content":""},{"id":"7575_nl","content":""},{"id":"7736_nl","content":""},{"id":"7706_nl","content":""},{"id":"7738_nl","content":""},{"id":"7734_nl","content":""},{"id":"7710_nl","content":""},{"id":"7751_nl","content":""},{"id":"7708_nl","content":""},{"id":"7741_nl","content":""},{"id":"7943_nl","content":""},{"id":"7945_nl","content":""},{"id":"7935_nl","content":""},{"id":"7937_nl","content":""},{"id":"7946_nl","content":""},{"id":"7939_nl","content":""},{"id":"7949_nl","content":""},{"id":"7933_nl","content":""},{"id":"7940_nl","content":""},{"id":"8027_nl","content":""},{"id":"8047_nl","content":""},{"id":"8023_nl","content":""},{"id":"8043_nl","content":""},{"id":"8031_nl","content":""},{"id":"8029_nl","content":""},{"id":"8033_nl","content":""},{"id":"8035_nl","content":""},{"id":"8045_nl","content":""},{"id":"6_nl","content":""},{"id":"4_nl","content":""},{"id":"7_nl","content":""},{"id":"16_nl","content":""},{"id":"19_nl","content":""},{"id":"18_nl","content":""},{"id":"25_nl","content":""},{"id":"21_nl","content":""},{"id":"29_nl","content":""},{"id":"70_nl","content":""},{"id":"42_nl","content":""},{"id":"32_nl","content":""},{"id":"41_nl","content":""},{"id":"17_nl","content":""},{"id":"20_nl","content":""},{"id":"38_nl","content":""},{"id":"11_nl","content":""},{"id":"33_nl","content":""},{"id":"30_nl","content":""},{"id":"9_nl","content":""},{"id":"45_nl","content":"<h2>Over RB Auction</h2>\r\nBegonnen als een kleine organisatie in 1958, gerund door drie de Ritchie Brothers in Kelowna, Canada, is het bedrijf inmiddels uitgegroeid tot het grootste industriele veilinghuis ter wereld. Het is een veilinghuis waar kopers en verkopers van over de hele wereld materieel aankopen en verkopen. Er worden openbare veilingen georganiseerd waar een breed scala aan gebruikte en nieuwe <a href=\"https://www.rbauction.nl/bouw?cid=3279191388\">bouwmachines</a>, <a href=\"https://www.rbauction.nl/landbouw?cid=34289953942\">landbouwmachines</a> en <a href=\"https://www.rbauction.nl/vrachtwagens?cid=34138309681\">vrachtwagens</a> zowel online als op locatie verkocht worden. Tijdens de live veilingen zijn er geen minimum biedingen of gereserveerde prijzen. Ritchie Bros. Nederland is online terug te vinden op RBauction.nl.\r\n<h3>Succes door de jaren heen</h3>\r\nRitchie Bros. is trots op zijn lange bedrijfsgeschiedenis. Begonnen op de lokale Canadese markt, zijn zij geleidelijk uit gaan breiden richting de Verenigde Staten en uiteindelijk Europa. Vanaf begin jaren 90 is Ritchie Bros. een echte internationale speler op de veilingmarkt geworden.\r\n\r\nTegenwoordig organiseert het bedrijf regelmatig live veilingen over de hele wereld, maar biedt het daarnaast ook de mogelijkheid aan om online mee te bieden via rbauction.nl. Daarnaast zijn ze gegroeid tot een organisatie met ongeveer 1.400 werknemers op 110 locaties in 25 landen wereldwijd.\r\n\r\nRitchie Bros. biedt haar klanten gebruikt maar ook ongebruikt materieel, waaronder vrachtwagens, bouwmachines, transportmiddelen, landbouwmachines, mijnbouwapparaten en ga zo maar verder.\r\n\r\nHet aanbod van Ritchie Bros. is te vinden op de website die beschikbaar is in 21 talen en vol staat met afbeeldingen van een hoge kwaliteit en gedetaileerde omschrijven en specificaties van al het aanbod."},{"id":"31_nl","content":""},{"id":"46_nl","content":""},{"id":"40_nl","content":""},{"id":"74_nl","content":""},{"id":"48_nl","content":""},{"id":"51_nl","content":""},{"id":"43_nl","content":""},{"id":"82_nl","content":""},{"id":"44_nl","content":""},{"id":"89_nl","content":""},{"id":"81_nl","content":""},{"id":"84_nl","content":""},{"id":"80_nl","content":""},{"id":"90_nl","content":""},{"id":"77_nl","content":""},{"id":"88_nl","content":""},{"id":"101_nl","content":""},{"id":"130_nl","content":""},{"id":"132_nl","content":""},{"id":"106_nl","content":""},{"id":"117_nl","content":""},{"id":"137_nl","content":""},{"id":"145_nl","content":""},{"id":"125_nl","content":""},{"id":"52_nl","content":""},{"id":"2983_nl","content":""},{"id":"2982_nl","content":""},{"id":"2979_nl","content":""},{"id":"2971_nl","content":""},{"id":"2991_nl","content":""},{"id":"3262_nl","content":""},{"id":"3242_nl","content":""},{"id":"3253_nl","content":""},{"id":"3245_nl","content":""},{"id":"3277_nl","content":""},{"id":"3243_nl","content":""},{"id":"3247_nl","content":""},{"id":"3249_nl","content":""},{"id":"3244_nl","content":""},{"id":"3307_nl","content":""},{"id":"3314_nl","content":""},{"id":"3316_nl","content":""},{"id":"3326_nl","content":""},{"id":"3304_nl","content":""},{"id":"3290_nl","content":""},{"id":"3321_nl","content":""},{"id":"3287_nl","content":""},{"id":"3325_nl","content":""},{"id":"3098_nl","content":""},{"id":"3093_nl","content":""},{"id":"3080_nl","content":""},{"id":"3130_nl","content":""},{"id":"3089_nl","content":""},{"id":"3116_nl","content":""},{"id":"3110_nl","content":""},{"id":"3095_nl","content":""},{"id":"3083_nl","content":""},{"id":"3223_nl","content":""},{"id":"3230_nl","content":""},{"id":"3218_nl","content":""},{"id":"3237_nl","content":""},{"id":"3226_nl","content":""},{"id":"3208_nl","content":""},{"id":"3229_nl","content":""},{"id":"3219_nl","content":""},{"id":"3235_nl","content":""},{"id":"2996_nl","content":""},{"id":"2997_nl","content":""},{"id":"2995_nl","content":""},{"id":"3004_nl","content":""},{"id":"3003_nl","content":""},{"id":"3001_nl","content":""},{"id":"3006_nl","content":""},{"id":"3002_nl","content":""},{"id":"2999_nl","content":""},{"id":"3049_nl","content":""},{"id":"3041_nl","content":""},{"id":"3039_nl","content":""},{"id":"3048_nl","content":""},{"id":"3010_nl","content":""},{"id":"3047_nl","content":""},{"id":"3037_nl","content":""},{"id":"3036_nl","content":""},{"id":"3040_nl","content":""},{"id":"3051_nl","content":""},{"id":"3058_nl","content":""},{"id":"3070_nl","content":""},{"id":"3062_nl","content":""},{"id":"3061_nl","content":""},{"id":"3053_nl","content":""},{"id":"3060_nl","content":""},{"id":"3065_nl","content":""},{"id":"3076_nl","content":""},{"id":"3163_nl","content":""},{"id":"3149_nl","content":""},{"id":"3134_nl","content":""},{"id":"3137_nl","content":""},{"id":"3158_nl","content":""},{"id":"3138_nl","content":""},{"id":"3141_nl","content":""},{"id":"3161_nl","content":""},{"id":"3150_nl","content":""},{"id":"3165_nl","content":""},{"id":"3187_nl","content":""},{"id":"3199_nl","content":""},{"id":"3202_nl","content":""},{"id":"3185_nl","content":""},{"id":"3198_nl","content":""},{"id":"3196_nl","content":""},{"id":"3179_nl","content":""},{"id":"3206_nl","content":""},{"id":"3373_nl","content":""},{"id":"3340_nl","content":""},{"id":"3369_nl","content":""},{"id":"3348_nl","content":""},{"id":"3426_nl","content":""},{"id":"3502_nl","content":""},{"id":"3694_nl","content":""},{"id":"3720_nl","content":""},{"id":"3691_nl","content":""},{"id":"3698_nl","content":""},{"id":"3714_nl","content":""},{"id":"3681_nl","content":""},{"id":"3693_nl","content":""},{"id":"3688_nl","content":""},{"id":"3686_nl","content":""},{"id":"3869_nl","content":""},{"id":"3878_nl","content":""},{"id":"3875_nl","content":""},{"id":"3859_nl","content":""},{"id":"3864_nl","content":""},{"id":"3873_nl","content":""},{"id":"3882_nl","content":""},{"id":"3861_nl","content":""},{"id":"3866_nl","content":""},{"id":"3829_nl","content":""},{"id":"3463_nl","content":""},{"id":"3813_nl","content":""},{"id":"3808_nl","content":""},{"id":"3733_nl","content":""},{"id":"3743_nl","content":""},{"id":"3804_nl","content":""},{"id":"3722_nl","content":""},{"id":"3723_nl","content":""},{"id":"3758_nl","content":""},{"id":"3557_nl","content":""},{"id":"3526_nl","content":""},{"id":"3519_nl","content":""},{"id":"3484_nl","content":""},{"id":"3550_nl","content":""},{"id":"3349_nl","content":""},{"id":"3522_nl","content":""},{"id":"3343_nl","content":""},{"id":"3362_nl","content":""},{"id":"3452_nl","content":""},{"id":"3840_nl","content":""},{"id":"3850_nl","content":""},{"id":"3857_nl","content":""},{"id":"3852_nl","content":""},{"id":"3845_nl","content":""},{"id":"3849_nl","content":""},{"id":"3855_nl","content":""},{"id":"3847_nl","content":""},{"id":"3842_nl","content":""},{"id":"3914_nl","content":""},{"id":"3912_nl","content":""},{"id":"3917_nl","content":""},{"id":"3886_nl","content":""},{"id":"3894_nl","content":""},{"id":"3903_nl","content":""},{"id":"3897_nl","content":""},{"id":"3908_nl","content":""},{"id":"3889_nl","content":""},{"id":"3537_nl","content":""},{"id":"3540_nl","content":""},{"id":"3663_nl","content":""},{"id":"3626_nl","content":""},{"id":"3678_nl","content":""},{"id":"3680_nl","content":""},{"id":"3637_nl","content":""},{"id":"3667_nl","content":""},{"id":"3599_nl","content":""},{"id":"3581_nl","content":""},{"id":"3945_nl","content":""},{"id":"3937_nl","content":""},{"id":"3995_nl","content":""},{"id":"3984_nl","content":""},{"id":"3946_nl","content":""},{"id":"3925_nl","content":""}]