[{"id":"6691_nl","content":""},{"id":"6690_nl","content":""},{"id":"6685_nl","content":""},{"id":"6686_nl","content":""},{"id":"6689_nl","content":""},{"id":"6688_nl","content":""},{"id":"6687_nl","content":""},{"id":"6684_nl","content":""},{"id":"1167_nl","content":""},{"id":"1151_nl","content":""},{"id":"1164_nl","content":""},{"id":"1165_nl","content":""},{"id":"1168_nl","content":""},{"id":"1162_nl","content":""},{"id":"1169_nl","content":""},{"id":"1161_nl","content":""},{"id":"1163_nl","content":""},{"id":"1166_nl","content":""},{"id":"1206_nl","content":""},{"id":"1211_nl","content":""},{"id":"1207_nl","content":""},{"id":"1210_nl","content":""},{"id":"1208_nl","content":""},{"id":"1214_nl","content":""},{"id":"1213_nl","content":""},{"id":"1212_nl","content":""},{"id":"1209_nl","content":""},{"id":"1238_nl","content":""},{"id":"1237_nl","content":""},{"id":"1236_nl","content":""},{"id":"1239_nl","content":""},{"id":"1234_nl","content":""},{"id":"1233_nl","content":""},{"id":"1241_nl","content":""},{"id":"1240_nl","content":""},{"id":"1235_nl","content":""},{"id":"1142_nl","content":""},{"id":"1141_nl","content":""},{"id":"1146_nl","content":""},{"id":"1147_nl","content":""},{"id":"1148_nl","content":""},{"id":"1149_nl","content":""},{"id":"1143_nl","content":""},{"id":"1145_nl","content":""},{"id":"1150_nl","content":""},{"id":"1175_nl","content":""},{"id":"1173_nl","content":""},{"id":"1177_nl","content":""},{"id":"1178_nl","content":""},{"id":"1174_nl","content":""},{"id":"1172_nl","content":""},{"id":"1171_nl","content":""},{"id":"1176_nl","content":""},{"id":"1170_nl","content":""},{"id":"1183_nl","content":""},{"id":"1184_nl","content":""},{"id":"1187_nl","content":""},{"id":"1180_nl","content":""},{"id":"1186_nl","content":""},{"id":"1179_nl","content":""},{"id":"1185_nl","content":""},{"id":"1182_nl","content":""},{"id":"1181_nl","content":""},{"id":"1218_nl","content":""},{"id":"1219_nl","content":""},{"id":"1221_nl","content":""},{"id":"1216_nl","content":""},{"id":"1222_nl","content":""},{"id":"1220_nl","content":""},{"id":"1215_nl","content":""},{"id":"1217_nl","content":""},{"id":"1223_nl","content":""},{"id":"1246_nl","content":""},{"id":"1248_nl","content":""},{"id":"1245_nl","content":""},{"id":"1249_nl","content":""},{"id":"1247_nl","content":""},{"id":"1243_nl","content":""},{"id":"1250_nl","content":""},{"id":"1244_nl","content":""},{"id":"1242_nl","content":""},{"id":"1153_nl","content":""},{"id":"1160_nl","content":""},{"id":"1144_nl","content":""},{"id":"1152_nl","content":""},{"id":"1154_nl","content":""},{"id":"1159_nl","content":""},{"id":"1158_nl","content":""},{"id":"1157_nl","content":""},{"id":"1156_nl","content":""},{"id":"1155_nl","content":""},{"id":"1193_nl","content":""},{"id":"1189_nl","content":""},{"id":"1194_nl","content":""},{"id":"1188_nl","content":""},{"id":"1196_nl","content":""},{"id":"1190_nl","content":""},{"id":"1191_nl","content":""},{"id":"1195_nl","content":""},{"id":"1192_nl","content":""},{"id":"1226_nl","content":""},{"id":"1224_nl","content":""},{"id":"1232_nl","content":""},{"id":"1230_nl","content":""},{"id":"1227_nl","content":""},{"id":"1228_nl","content":""},{"id":"1229_nl","content":""},{"id":"1231_nl","content":""},{"id":"1225_nl","content":""},{"id":"1204_nl","content":""},{"id":"1203_nl","content":""},{"id":"1197_nl","content":""},{"id":"1205_nl","content":""},{"id":"1199_nl","content":""},{"id":"1198_nl","content":""},{"id":"1200_nl","content":""},{"id":"1202_nl","content":""},{"id":"1201_nl","content":""},{"id":"1251_nl","content":""},{"id":"1252_nl","content":""},{"id":"1253_nl","content":""},{"id":"1259_nl","content":""},{"id":"1255_nl","content":""},{"id":"1269_nl","content":""},{"id":"1282_nl","content":""},{"id":"1264_nl","content":""},{"id":"1284_nl","content":""},{"id":"1278_nl","content":""},{"id":"1280_nl","content":""},{"id":"1283_nl","content":""},{"id":"1279_nl","content":""},{"id":"1281_nl","content":""},{"id":"1285_nl","content":""},{"id":"1337_nl","content":""},{"id":"1333_nl","content":""},{"id":"1338_nl","content":""},{"id":"1332_nl","content":""},{"id":"1336_nl","content":""},{"id":"1334_nl","content":""},{"id":"1339_nl","content":""},{"id":"1335_nl","content":""},{"id":"1340_nl","content":""},{"id":"1362_nl","content":""},{"id":"1367_nl","content":""},{"id":"1359_nl","content":""},{"id":"1361_nl","content":""},{"id":"1364_nl","content":""},{"id":"1366_nl","content":""},{"id":"1365_nl","content":""},{"id":"1363_nl","content":""},{"id":"1360_nl","content":""},{"id":"1384_nl","content":""},{"id":"1382_nl","content":""},{"id":"1381_nl","content":""},{"id":"1379_nl","content":""},{"id":"1385_nl","content":""},{"id":"1380_nl","content":""},{"id":"1383_nl","content":""},{"id":"1378_nl","content":""},{"id":"1377_nl","content":""},{"id":"1274_nl","content":""},{"id":"1301_nl","content":""},{"id":"1296_nl","content":""},{"id":"1304_nl","content":""},{"id":"1300_nl","content":""},{"id":"1299_nl","content":""},{"id":"1302_nl","content":""},{"id":"1298_nl","content":""},{"id":"1297_nl","content":""},{"id":"1303_nl","content":""},{"id":"1329_nl","content":""},{"id":"1326_nl","content":""},{"id":"1331_nl","content":""},{"id":"1330_nl","content":""},{"id":"1324_nl","content":""},{"id":"1328_nl","content":""},{"id":"1323_nl","content":""},{"id":"1325_nl","content":""},{"id":"1327_nl","content":""},{"id":"1372_nl","content":""},{"id":"1371_nl","content":""},{"id":"1376_nl","content":""},{"id":"1373_nl","content":""},{"id":"1368_nl","content":""},{"id":"1369_nl","content":""},{"id":"1370_nl","content":""},{"id":"1374_nl","content":""},{"id":"1375_nl","content":""},{"id":"1392_nl","content":""},{"id":"1386_nl","content":""},{"id":"1388_nl","content":""},{"id":"1391_nl","content":""},{"id":"1387_nl","content":""},{"id":"1389_nl","content":""},{"id":"1390_nl","content":""},{"id":"1394_nl","content":""},{"id":"1393_nl","content":""},{"id":"1261_nl","content":""},{"id":"1270_nl","content":""},{"id":"1257_nl","content":""},{"id":"1265_nl","content":""},{"id":"1254_nl","content":""},{"id":"1262_nl","content":""},{"id":"1268_nl","content":""},{"id":"1263_nl","content":""},{"id":"1266_nl","content":""},{"id":"1258_nl","content":""},{"id":"1260_nl","content":""},{"id":"1256_nl","content":""},{"id":"1267_nl","content":""},{"id":"1275_nl","content":""},{"id":"1271_nl","content":""},{"id":"1272_nl","content":""},{"id":"1276_nl","content":""},{"id":"1273_nl","content":""},{"id":"1277_nl","content":""},{"id":"1305_nl","content":""},{"id":"1306_nl","content":""},{"id":"1311_nl","content":""},{"id":"1310_nl","content":""},{"id":"1309_nl","content":""},{"id":"1308_nl","content":""},{"id":"1312_nl","content":""},{"id":"1307_nl","content":""},{"id":"1313_nl","content":""},{"id":"1342_nl","content":""},{"id":"1347_nl","content":""},{"id":"1349_nl","content":""},{"id":"1341_nl","content":""},{"id":"1343_nl","content":""},{"id":"1348_nl","content":""},{"id":"1345_nl","content":""},{"id":"1344_nl","content":""},{"id":"1346_nl","content":""},{"id":"1409_nl","content":""},{"id":"1412_nl","content":""},{"id":"1407_nl","content":""},{"id":"1404_nl","content":""},{"id":"1410_nl","content":""},{"id":"1405_nl","content":""},{"id":"1406_nl","content":""},{"id":"1408_nl","content":""},{"id":"1411_nl","content":""},{"id":"1286_nl","content":""},{"id":"1292_nl","content":""},{"id":"1289_nl","content":""},{"id":"1287_nl","content":""},{"id":"1295_nl","content":""},{"id":"1294_nl","content":""},{"id":"1291_nl","content":""},{"id":"1293_nl","content":""},{"id":"1288_nl","content":""},{"id":"1290_nl","content":""},{"id":"1318_nl","content":""},{"id":"1321_nl","content":""},{"id":"1317_nl","content":""},{"id":"1314_nl","content":""},{"id":"1322_nl","content":""},{"id":"1320_nl","content":""},{"id":"1319_nl","content":""},{"id":"1315_nl","content":""},{"id":"1316_nl","content":""},{"id":"1352_nl","content":""},{"id":"1355_nl","content":""},{"id":"1350_nl","content":""},{"id":"1358_nl","content":""},{"id":"1351_nl","content":""},{"id":"1353_nl","content":""},{"id":"1356_nl","content":""},{"id":"1354_nl","content":""},{"id":"1357_nl","content":""},{"id":"1401_nl","content":""},{"id":"1396_nl","content":""},{"id":"1395_nl","content":""},{"id":"1400_nl","content":""},{"id":"1402_nl","content":""},{"id":"1403_nl","content":""},{"id":"1397_nl","content":""},{"id":"1399_nl","content":""},{"id":"1398_nl","content":""},{"id":"1415_nl","content":""},{"id":"1417_nl","content":""},{"id":"1414_nl","content":""},{"id":"1418_nl","content":""},{"id":"1419_nl","content":""},{"id":"1452_nl","content":""},{"id":"1434_nl","content":""},{"id":"1461_nl","content":""},{"id":"1466_nl","content":""},{"id":"1459_nl","content":""},{"id":"1464_nl","content":""},{"id":"1462_nl","content":""},{"id":"1463_nl","content":""},{"id":"1465_nl","content":""},{"id":"1460_nl","content":""},{"id":"1492_nl","content":""},{"id":"1493_nl","content":""},{"id":"1490_nl","content":""},{"id":"1488_nl","content":""},{"id":"1487_nl","content":""},{"id":"1486_nl","content":""},{"id":"1489_nl","content":""},{"id":"1485_nl","content":""},{"id":"1491_nl","content":""},{"id":"1532_nl","content":""},{"id":"1536_nl","content":""},{"id":"1529_nl","content":""},{"id":"1533_nl","content":""},{"id":"1535_nl","content":""},{"id":"1537_nl","content":""},{"id":"1530_nl","content":""},{"id":"1534_nl","content":""},{"id":"1531_nl","content":""},{"id":"1566_nl","content":""},{"id":"1571_nl","content":""},{"id":"1570_nl","content":""},{"id":"1567_nl","content":""},{"id":"1572_nl","content":""},{"id":"1565_nl","content":""},{"id":"1568_nl","content":""},{"id":"1569_nl","content":""},{"id":"1573_nl","content":""},{"id":"1457_nl","content":""},{"id":"1430_nl","content":""},{"id":"1455_nl","content":""},{"id":"1456_nl","content":""},{"id":"1429_nl","content":""},{"id":"1423_nl","content":""},{"id":"1420_nl","content":""},{"id":"1427_nl","content":""},{"id":"1421_nl","content":""},{"id":"1422_nl","content":""},{"id":"1413_nl","content":""},{"id":"1426_nl","content":""},{"id":"1416_nl","content":""},{"id":"1424_nl","content":""},{"id":"1436_nl","content":""},{"id":"1428_nl","content":""},{"id":"1432_nl","content":""},{"id":"1439_nl","content":""},{"id":"1433_nl","content":""},{"id":"1425_nl","content":""},{"id":"1431_nl","content":""},{"id":"1438_nl","content":""},{"id":"1437_nl","content":""},{"id":"1440_nl","content":""},{"id":"1441_nl","content":""},{"id":"1442_nl","content":""},{"id":"1447_nl","content":""},{"id":"1443_nl","content":""},{"id":"1446_nl","content":""},{"id":"1448_nl","content":""},{"id":"1444_nl","content":""},{"id":"1445_nl","content":""},{"id":"1450_nl","content":""},{"id":"1453_nl","content":""},{"id":"1454_nl","content":""},{"id":"1449_nl","content":""},{"id":"1451_nl","content":""},{"id":"1509_nl","content":""},{"id":"1511_nl","content":""},{"id":"1507_nl","content":""},{"id":"1508_nl","content":""},{"id":"1505_nl","content":""},{"id":"1506_nl","content":""},{"id":"1503_nl","content":""},{"id":"1510_nl","content":""},{"id":"1504_nl","content":""},{"id":"1514_nl","content":""},{"id":"1513_nl","content":""},{"id":"1518_nl","content":""},{"id":"1512_nl","content":""},{"id":"1516_nl","content":""},{"id":"1519_nl","content":""},{"id":"1517_nl","content":""},{"id":"1515_nl","content":""},{"id":"1558_nl","content":""},{"id":"1560_nl","content":""},{"id":"1557_nl","content":""},{"id":"1562_nl","content":""},{"id":"1561_nl","content":""},{"id":"1563_nl","content":""},{"id":"1564_nl","content":""},{"id":"1556_nl","content":""},{"id":"1559_nl","content":""},{"id":"1591_nl","content":""},{"id":"1584_nl","content":""},{"id":"1586_nl","content":""},{"id":"1583_nl","content":""},{"id":"1589_nl","content":""},{"id":"1588_nl","content":""},{"id":"1590_nl","content":""},{"id":"1587_nl","content":""},{"id":"1585_nl","content":""},{"id":"1595_nl","content":""},{"id":"1598_nl","content":""},{"id":"1600_nl","content":""},{"id":"1594_nl","content":""},{"id":"1596_nl","content":""},{"id":"1597_nl","content":""},{"id":"1593_nl","content":""},{"id":"1592_nl","content":""},{"id":"1599_nl","content":""},{"id":"1458_nl","content":""},{"id":"1474_nl","content":""},{"id":"1469_nl","content":""},{"id":"1472_nl","content":""},{"id":"1468_nl","content":""},{"id":"1470_nl","content":""},{"id":"1475_nl","content":""},{"id":"1473_nl","content":""},{"id":"1471_nl","content":""},{"id":"1467_nl","content":""},{"id":"1521_nl","content":""},{"id":"1522_nl","content":""},{"id":"1528_nl","content":""},{"id":"1524_nl","content":""},{"id":"1520_nl","content":""},{"id":"1525_nl","content":""},{"id":"1527_nl","content":""},{"id":"1526_nl","content":""},{"id":"1523_nl","content":""},{"id":"1550_nl","content":""},{"id":"1547_nl","content":""},{"id":"1554_nl","content":""},{"id":"1555_nl","content":""},{"id":"1552_nl","content":""},{"id":"1548_nl","content":""},{"id":"1549_nl","content":""},{"id":"1551_nl","content":""},{"id":"1553_nl","content":""},{"id":"1582_nl","content":""},{"id":"1575_nl","content":""},{"id":"1580_nl","content":""},{"id":"1577_nl","content":""},{"id":"1578_nl","content":""},{"id":"1576_nl","content":""},{"id":"1581_nl","content":""},{"id":"1579_nl","content":""},{"id":"1574_nl","content":""},{"id":"1479_nl","content":""},{"id":"1435_nl","content":""},{"id":"1478_nl","content":""},{"id":"1484_nl","content":""},{"id":"1481_nl","content":""},{"id":"1480_nl","content":""},{"id":"1476_nl","content":""},{"id":"1482_nl","content":""},{"id":"1483_nl","content":""},{"id":"1477_nl","content":""},{"id":"1501_nl","content":""},{"id":"1498_nl","content":""},{"id":"1497_nl","content":""},{"id":"1496_nl","content":""},{"id":"1499_nl","content":""},{"id":"1500_nl","content":""},{"id":"1502_nl","content":""},{"id":"1494_nl","content":""},{"id":"1495_nl","content":""},{"id":"1545_nl","content":""},{"id":"1544_nl","content":""},{"id":"1538_nl","content":""},{"id":"1543_nl","content":""},{"id":"1546_nl","content":""},{"id":"1541_nl","content":""},{"id":"1539_nl","content":""},{"id":"1540_nl","content":""},{"id":"1542_nl","content":""},{"id":"1601_nl","content":""},{"id":"1605_nl","content":""},{"id":"1606_nl","content":""},{"id":"1609_nl","content":""},{"id":"1602_nl","content":""},{"id":"1626_nl","content":""},{"id":"1610_nl","content":""},{"id":"1629_nl","content":""},{"id":"1632_nl","content":""},{"id":"1635_nl","content":""},{"id":"1636_nl","content":""},{"id":"1634_nl","content":""},{"id":"1628_nl","content":""},{"id":"1630_nl","content":""},{"id":"1633_nl","content":""},{"id":"1673_nl","content":""},{"id":"1680_nl","content":""},{"id":"1675_nl","content":""},{"id":"1681_nl","content":""},{"id":"1674_nl","content":""},{"id":"1679_nl","content":""},{"id":"1677_nl","content":""},{"id":"1678_nl","content":""},{"id":"1676_nl","content":""},{"id":"1709_nl","content":""},{"id":"1715_nl","content":""},{"id":"1714_nl","content":""},{"id":"1712_nl","content":""},{"id":"1717_nl","content":""},{"id":"1713_nl","content":""},{"id":"1710_nl","content":""},{"id":"1711_nl","content":""},{"id":"1716_nl","content":""},{"id":"1748_nl","content":""},{"id":"1750_nl","content":""},{"id":"1745_nl","content":""},{"id":"1753_nl","content":""},{"id":"1752_nl","content":""},{"id":"1749_nl","content":""},{"id":"1747_nl","content":""},{"id":"1746_nl","content":""},{"id":"1751_nl","content":""},{"id":"1770_nl","content":""},{"id":"1763_nl","content":""},{"id":"1769_nl","content":""},{"id":"1768_nl","content":""},{"id":"1764_nl","content":""},{"id":"1771_nl","content":""},{"id":"1765_nl","content":""},{"id":"1766_nl","content":""},{"id":"1767_nl","content":""},{"id":"1631_nl","content":""},{"id":"1638_nl","content":""},{"id":"1637_nl","content":""},{"id":"1639_nl","content":""},{"id":"1643_nl","content":""},{"id":"1642_nl","content":""},{"id":"1641_nl","content":""},{"id":"1645_nl","content":""},{"id":"1640_nl","content":""},{"id":"1644_nl","content":""},{"id":"1697_nl","content":""},{"id":"1692_nl","content":""},{"id":"1698_nl","content":""},{"id":"1691_nl","content":""},{"id":"1694_nl","content":""},{"id":"1696_nl","content":""},{"id":"1695_nl","content":""},{"id":"1693_nl","content":""},{"id":"1699_nl","content":""},{"id":"1738_nl","content":""},{"id":"1737_nl","content":""},{"id":"1743_nl","content":""},{"id":"1739_nl","content":""},{"id":"1741_nl","content":""},{"id":"1736_nl","content":""},{"id":"1740_nl","content":""},{"id":"1744_nl","content":""},{"id":"1742_nl","content":""},{"id":"1622_nl","content":""},{"id":"1646_nl","content":""},{"id":"1649_nl","content":""},{"id":"1648_nl","content":""},{"id":"1652_nl","content":""},{"id":"1651_nl","content":""},{"id":"1654_nl","content":""},{"id":"1653_nl","content":""},{"id":"1647_nl","content":""},{"id":"1650_nl","content":""},{"id":"1657_nl","content":""},{"id":"1658_nl","content":""},{"id":"1656_nl","content":""},{"id":"1662_nl","content":""},{"id":"1663_nl","content":""},{"id":"1661_nl","content":""},{"id":"1660_nl","content":""},{"id":"1655_nl","content":""},{"id":"1659_nl","content":""},{"id":"1689_nl","content":""},{"id":"1682_nl","content":""},{"id":"1685_nl","content":""},{"id":"1690_nl","content":""},{"id":"1686_nl","content":""},{"id":"1684_nl","content":""},{"id":"1687_nl","content":""},{"id":"1688_nl","content":""},{"id":"1683_nl","content":""},{"id":"1702_nl","content":""},{"id":"1703_nl","content":""},{"id":"1700_nl","content":""},{"id":"1708_nl","content":""},{"id":"1706_nl","content":""},{"id":"1705_nl","content":""},{"id":"1701_nl","content":""},{"id":"1707_nl","content":""},{"id":"1704_nl","content":""},{"id":"1722_nl","content":""},{"id":"1726_nl","content":""},{"id":"1721_nl","content":""},{"id":"1723_nl","content":""},{"id":"1725_nl","content":""},{"id":"1724_nl","content":""},{"id":"1718_nl","content":""},{"id":"1720_nl","content":""},{"id":"1719_nl","content":""},{"id":"1758_nl","content":""},{"id":"1757_nl","content":""},{"id":"1755_nl","content":""},{"id":"1759_nl","content":""},{"id":"1754_nl","content":""},{"id":"1760_nl","content":""},{"id":"1761_nl","content":""},{"id":"1762_nl","content":""},{"id":"1756_nl","content":""},{"id":"1617_nl","content":""},{"id":"1613_nl","content":""},{"id":"1612_nl","content":""},{"id":"1611_nl","content":""},{"id":"1618_nl","content":""},{"id":"1616_nl","content":""},{"id":"1604_nl","content":""},{"id":"1614_nl","content":""},{"id":"1603_nl","content":""},{"id":"1607_nl","content":""},{"id":"1608_nl","content":""},{"id":"1615_nl","content":""},{"id":"1625_nl","content":""},{"id":"1620_nl","content":""},{"id":"1627_nl","content":""},{"id":"1624_nl","content":""},{"id":"1623_nl","content":""},{"id":"1619_nl","content":""},{"id":"1621_nl","content":""},{"id":"1664_nl","content":""},{"id":"1665_nl","content":""},{"id":"1666_nl","content":""},{"id":"1669_nl","content":""},{"id":"1667_nl","content":""},{"id":"1672_nl","content":""},{"id":"1670_nl","content":""},{"id":"1671_nl","content":""},{"id":"1668_nl","content":""},{"id":"1735_nl","content":""},{"id":"1734_nl","content":""},{"id":"1729_nl","content":""},{"id":"1730_nl","content":""},{"id":"1728_nl","content":""},{"id":"1731_nl","content":""},{"id":"1727_nl","content":""},{"id":"1733_nl","content":""},{"id":"1732_nl","content":""},{"id":"1777_nl","content":""},{"id":"1776_nl","content":""},{"id":"1772_nl","content":""},{"id":"1775_nl","content":""},{"id":"1778_nl","content":""},{"id":"1796_nl","content":""},{"id":"1814_nl","content":""},{"id":"1812_nl","content":""},{"id":"1811_nl","content":""},{"id":"1809_nl","content":""},{"id":"1815_nl","content":""},{"id":"1816_nl","content":""},{"id":"1808_nl","content":""},{"id":"1813_nl","content":""},{"id":"1810_nl","content":""},{"id":"1848_nl","content":""},{"id":"1847_nl","content":""},{"id":"1849_nl","content":""},{"id":"1846_nl","content":""},{"id":"1845_nl","content":""},{"id":"1850_nl","content":""},{"id":"1844_nl","content":""},{"id":"1851_nl","content":""},{"id":"1843_nl","content":""},{"id":"1881_nl","content":""},{"id":"1883_nl","content":""},{"id":"1886_nl","content":""},{"id":"1882_nl","content":""},{"id":"1887_nl","content":""},{"id":"1885_nl","content":""},{"id":"1880_nl","content":""},{"id":"1884_nl","content":""},{"id":"1879_nl","content":""},{"id":"1908_nl","content":""},{"id":"1914_nl","content":""},{"id":"1913_nl","content":""},{"id":"1909_nl","content":""},{"id":"1911_nl","content":""},{"id":"1907_nl","content":""},{"id":"1906_nl","content":""},{"id":"1910_nl","content":""},{"id":"1912_nl","content":""},{"id":"1781_nl","content":""},{"id":"1824_nl","content":""},{"id":"1817_nl","content":""},{"id":"1821_nl","content":""},{"id":"1823_nl","content":""},{"id":"1825_nl","content":""},{"id":"1820_nl","content":""},{"id":"1822_nl","content":""},{"id":"1818_nl","content":""},{"id":"1819_nl","content":""},{"id":"1863_nl","content":""},{"id":"1861_nl","content":""},{"id":"1869_nl","content":""},{"id":"1865_nl","content":""},{"id":"1866_nl","content":""},{"id":"1868_nl","content":""},{"id":"1867_nl","content":""},{"id":"1862_nl","content":""},{"id":"1864_nl","content":""},{"id":"1896_nl","content":""},{"id":"1894_nl","content":""},{"id":"1888_nl","content":""},{"id":"1895_nl","content":""},{"id":"1893_nl","content":""},{"id":"1890_nl","content":""},{"id":"1891_nl","content":""},{"id":"1889_nl","content":""},{"id":"1892_nl","content":""},{"id":"1901_nl","content":""},{"id":"1905_nl","content":""},{"id":"1902_nl","content":""},{"id":"1904_nl","content":""},{"id":"1900_nl","content":""},{"id":"1898_nl","content":""},{"id":"1903_nl","content":""},{"id":"1899_nl","content":""},{"id":"1897_nl","content":""},{"id":"1938_nl","content":""},{"id":"1941_nl","content":""},{"id":"1939_nl","content":""},{"id":"1934_nl","content":""},{"id":"1936_nl","content":""},{"id":"1933_nl","content":""},{"id":"1935_nl","content":""},{"id":"1937_nl","content":""},{"id":"1940_nl","content":""},{"id":"1782_nl","content":""},{"id":"1795_nl","content":""},{"id":"1791_nl","content":""},{"id":"1784_nl","content":""},{"id":"1780_nl","content":""},{"id":"1787_nl","content":""},{"id":"1779_nl","content":""},{"id":"1783_nl","content":""},{"id":"1785_nl","content":""},{"id":"1786_nl","content":""},{"id":"1789_nl","content":""},{"id":"1773_nl","content":""},{"id":"1788_nl","content":""},{"id":"1790_nl","content":""},{"id":"1794_nl","content":""},{"id":"1774_nl","content":""},{"id":"1798_nl","content":""},{"id":"1793_nl","content":""},{"id":"1792_nl","content":""},{"id":"1827_nl","content":""},{"id":"1834_nl","content":""},{"id":"1828_nl","content":""},{"id":"1832_nl","content":""},{"id":"1829_nl","content":""},{"id":"1830_nl","content":""},{"id":"1833_nl","content":""},{"id":"1826_nl","content":""},{"id":"1831_nl","content":""},{"id":"1852_nl","content":""},{"id":"1860_nl","content":""},{"id":"1853_nl","content":""},{"id":"1857_nl","content":""},{"id":"1859_nl","content":""},{"id":"1856_nl","content":""},{"id":"1855_nl","content":""},{"id":"1854_nl","content":""},{"id":"1858_nl","content":""},{"id":"1921_nl","content":""},{"id":"1923_nl","content":""},{"id":"1918_nl","content":""},{"id":"1919_nl","content":""},{"id":"1916_nl","content":""},{"id":"1922_nl","content":""},{"id":"1915_nl","content":""},{"id":"1920_nl","content":""},{"id":"1917_nl","content":""},{"id":"1943_nl","content":""},{"id":"1949_nl","content":""},{"id":"1944_nl","content":""},{"id":"1948_nl","content":""},{"id":"1946_nl","content":""},{"id":"1942_nl","content":""},{"id":"1945_nl","content":""},{"id":"1947_nl","content":""},{"id":"1950_nl","content":""},{"id":"1799_nl","content":""},{"id":"1797_nl","content":""},{"id":"1800_nl","content":""},{"id":"1806_nl","content":""},{"id":"1807_nl","content":""},{"id":"1805_nl","content":""},{"id":"1804_nl","content":""},{"id":"1802_nl","content":""},{"id":"1803_nl","content":""},{"id":"1801_nl","content":""},{"id":"1836_nl","content":""},{"id":"1841_nl","content":""},{"id":"1837_nl","content":""},{"id":"1838_nl","content":""},{"id":"1842_nl","content":""},{"id":"1839_nl","content":""},{"id":"1835_nl","content":""},{"id":"1840_nl","content":""},{"id":"1876_nl","content":""},{"id":"1871_nl","content":""},{"id":"1872_nl","content":""},{"id":"1878_nl","content":""},{"id":"1877_nl","content":""},{"id":"1874_nl","content":""},{"id":"1875_nl","content":""},{"id":"1870_nl","content":""},{"id":"1873_nl","content":""},{"id":"1928_nl","content":""},{"id":"1930_nl","content":""},{"id":"1924_nl","content":""},{"id":"1929_nl","content":""},{"id":"1925_nl","content":""},{"id":"1932_nl","content":""},{"id":"1926_nl","content":""},{"id":"1927_nl","content":""},{"id":"1931_nl","content":""},{"id":"1954_nl","content":""},{"id":"1951_nl","content":""},{"id":"1953_nl","content":""},{"id":"1955_nl","content":""},{"id":"1952_nl","content":""},{"id":"1961_nl","content":""},{"id":"1966_nl","content":""},{"id":"1963_nl","content":""},{"id":"1956_nl","content":""},{"id":"1957_nl","content":""},{"id":"1960_nl","content":""},{"id":"1968_nl","content":""},{"id":"1964_nl","content":""},{"id":"1959_nl","content":""},{"id":"1962_nl","content":""},{"id":"1958_nl","content":""},{"id":"1967_nl","content":""},{"id":"1970_nl","content":""},{"id":"1972_nl","content":""},{"id":"1975_nl","content":""},{"id":"1971_nl","content":""},{"id":"1977_nl","content":""},{"id":"1973_nl","content":""},{"id":"1974_nl","content":""},{"id":"1990_nl","content":""},{"id":"1993_nl","content":""},{"id":"1987_nl","content":""},{"id":"1994_nl","content":""},{"id":"1989_nl","content":""},{"id":"1992_nl","content":""},{"id":"1995_nl","content":""},{"id":"1988_nl","content":""},{"id":"1991_nl","content":""},{"id":"2022_nl","content":""},{"id":"2014_nl","content":""},{"id":"2018_nl","content":""},{"id":"2016_nl","content":""},{"id":"2020_nl","content":""},{"id":"2017_nl","content":""},{"id":"2015_nl","content":""},{"id":"2019_nl","content":""},{"id":"2021_nl","content":""},{"id":"2171_nl","content":""},{"id":"2143_nl","content":""},{"id":"2147_nl","content":""},{"id":"2135_nl","content":""},{"id":"2150_nl","content":""},{"id":"2173_nl","content":""},{"id":"2130_nl","content":""},{"id":"2172_nl","content":""},{"id":"2133_nl","content":""},{"id":"2338_nl","content":""},{"id":"2330_nl","content":""},{"id":"2393_nl","content":""},{"id":"2331_nl","content":""},{"id":"1981_nl","content":""},{"id":"2000_nl","content":""},{"id":"1998_nl","content":""},{"id":"2003_nl","content":""},{"id":"1996_nl","content":""},{"id":"1997_nl","content":""},{"id":"2002_nl","content":""},{"id":"2004_nl","content":""},{"id":"2001_nl","content":""},{"id":"1999_nl","content":""},{"id":"2034_nl","content":""},{"id":"2027_nl","content":""},{"id":"2025_nl","content":""},{"id":"2029_nl","content":""},{"id":"2023_nl","content":""},{"id":"2028_nl","content":""},{"id":"2031_nl","content":""},{"id":"2026_nl","content":""},{"id":"2024_nl","content":""},{"id":"2116_nl","content":""},{"id":"2095_nl","content":""},{"id":"2103_nl","content":""},{"id":"2113_nl","content":""},{"id":"2117_nl","content":""},{"id":"2129_nl","content":""},{"id":"2114_nl","content":""},{"id":"2100_nl","content":""},{"id":"2107_nl","content":""},{"id":"1969_nl","content":""},{"id":"1976_nl","content":""},{"id":"1984_nl","content":""},{"id":"1983_nl","content":""},{"id":"1982_nl","content":""},{"id":"1980_nl","content":""},{"id":"1978_nl","content":""},{"id":"1985_nl","content":""},{"id":"1979_nl","content":""},{"id":"1986_nl","content":""},{"id":"2040_nl","content":""},{"id":"2036_nl","content":""},{"id":"2053_nl","content":""},{"id":"2050_nl","content":""},{"id":"2042_nl","content":""},{"id":"2037_nl","content":""},{"id":"2044_nl","content":""},{"id":"2052_nl","content":""},{"id":"2055_nl","content":""},{"id":"2186_nl","content":""},{"id":"2176_nl","content":""},{"id":"2248_nl","content":""},{"id":"2329_nl","content":""},{"id":"2292_nl","content":""},{"id":"2181_nl","content":""},{"id":"2231_nl","content":""},{"id":"2217_nl","content":""},{"id":"2183_nl","content":""},{"id":"2013_nl","content":""},{"id":"1965_nl","content":""},{"id":"2012_nl","content":""},{"id":"2009_nl","content":""},{"id":"2008_nl","content":""},{"id":"2011_nl","content":""},{"id":"2006_nl","content":""},{"id":"2007_nl","content":""},{"id":"2005_nl","content":""},{"id":"2010_nl","content":""},{"id":"2056_nl","content":""},{"id":"2071_nl","content":""},{"id":"2080_nl","content":""},{"id":"2060_nl","content":""},{"id":"2057_nl","content":""},{"id":"2083_nl","content":""},{"id":"2081_nl","content":""},{"id":"2061_nl","content":""},{"id":"2076_nl","content":""}]