[{"id":"8545_it","content":"<p>Se hai <a href=\"//trademachines.it/carrelli-elevatori\" target=\"_blank\" rel=\"noopener noreferrer\">mai comprato o venduto pezzi di macchinari usati</a>, allora è probabile che hai lottato per trovare un prezzo equo. Se il tuo prezzo è troppo alto rispetto a quello che altri commercianti o banditori stanno offrendo, spaventerai la clientela.</p>\r\n<p>Tuttavia se il prezzo è troppo basso potrebbe sembrare una truffa. I prezzi misurano il valore stimato di un bene, quindi è bene che siano corretti!</p>\r\n<h2>Machine Price Checker: strumento di valutazione basato sui dati</h2>\r\n<p>Nella nostra missione di rendere il mercato dei macchinari usati più trasparente, il nostro machine price checker è uno strumento fondamentale. Negli ultimi 10 anni sono stati raccolti dati internazionali come i prezzi e gli attributi delle macchine di oltre 20 milioni di macchine, rendendo il nostro strumento una fonte affidabile di informazioni. Come risultato, ora abbiamo una stima del prezzo disponibile per più di 35.000 macchine.</p>\r\n<p>Trovare il prezzo ottimale e giusto utilizzando il ragionamento guidato dai dati è una risorsa enorme se sei un acquirente o un venditore di macchine usate. L'obiettivo del nostro strumento è quello di aiutarvi a valutare più velocemente e meglio il valore delle attrezzature di seconda mano che si desidera vendere o acquistare.</p>\r\n<h3>Come funziona il nostro strumento di valutazione dei prezzi?</h3>\r\n<p>Il verificatore di prezzo è davvero intuitivo da usare: basta inserire il nome del produttore e il modello nell'apposito campo, proprio nella parte superiore della pagina. Avrai immediatamente un prezzo medio visualizzato sul sito web.</p>\r\n<p><img class=\"aligncenter\" data-src=\"https://dizv3061bgivy.cloudfront.net/tm/banners/trademachines/machine-value-info.png\" alt=\"Come funziona il nostro strumento di valutazione dei prezzi?\" width=\"903\" height=\"211\" /></p>\r\n<p>Inoltre, condivideremocon voi alcuni approfondimenti riguardanti l'articolo e quali fattori sono stati presi in considerazione per la valutazione: la gamma di anno di fabbricazione, la posizione e il numero di articoli su cui si è basata la stima.</p>\r\n<p>Se vuoi dare un'ulteriore occhiata alle nostre offerte per l'articolo desiderato, sei invitato a controllare il nostro catalogo, semplicemente visualizzato sotto la stima del prezzo del macchinario.</p>\r\n<h3>Come utilizzare lo strumento di stima del prezzo dei macchinari usati?</h3>\r\n<p>Il verificatore dei prezzi dei macchinari deve essere usato insieme ad una ricerca dettagliata. Ti dà un buon punto di partenza per trovare il prezzo di vendita ottimale, tuttavia una serie di altri fattori non sono presi in considerazione, come ad esempio le condizioni.</p>\r\n<p>Fai sempre un'ulteriore ricerca navigando in offerte simili sul nostro motore di ricerca per valutare quanto sei disposto a investire nelle tue macchine usate.</p>\r\n<p>Trovare il giusto prezzo per un macchinario usato richiede una notevole esperienza nel settore, per non parlare della comprensione di come funziona una particolare macchina e quali fattori fanno diminuire il suo valore. La nostra tecnologia non sostituisce la valutazione fatta da esperti del settore.</p>\r\n<p>Se vuoi <a href=\"https://trademachines.com/info/how-to-price-used-machinery/\" target=\"_blank\" rel=\"noopener noreferrer\">saperne di più sui fattori che influenzano il prezzo di una macchina</a>, leggi la nostra guida.</p>\r\n<p>&nbsp;</p>"},{"id":"1349_it","content":"<div class=\"col-xs-6 col-sm-4 col-md-4 col-lg-3 footer-meta-item\">\r\n<div class=\"footer-meta-title\"><i class=\"fa fa-home\"></i>Impresa</div>\r\n<ul class=\"list-unstyled footer-meta-item-list\">\r\n<li><a href=\"https://trademachines.it/info/\" target=\"_blank\">Blog</a></li>\r\n<li><a href=\"https://trademachines.it/info/contact/\" target=\"_blank\">Contattateci</a></li>\r\n<li><a href=\"//trademachines.it/venditore\" target=\"_blank\">Nostra utenza</a></li>\r\n</ul>\r\n</div>\r\n"},{"id":"1351_it","content":"<div class=\"col-xs-6 col-sm-4 col-md-4 col-lg-3 footer-meta-item\">\r\n<div class=\"footer-meta-title\"><i class=\"fa fa-binoculars\"></i>Scopri di più</div>\r\n<ul class=\"list-unstyled footer-meta-item-list\">\r\n<li><a href=\"//trademachines.it/mini-escavatori\">Mini escavatori</a></li>\r\n<li><a href=\"//trademachines.it/generatori\">Generatori</a></li>\r\n<li><a href=\"//trademachines.it/trattori\">Trattori</a></li>\r\n<li><a href=\"//trademachines.it/torni\">Torni</a></li>\r\n<li><a href=\"//trademachines.it/carrelli-elevatori-elettrici\">Elevatori elettrici</a></li>\r\n<li><a href=\"https://trademachines.it/info/internazionale/\">Internazionale</a></li>\r\n</ul>\r\n</div>\r\n"},{"id":"1353_it","content":"<div class=\"col-xs-6 col-sm-4 col-md-4 col-lg-3 footer-meta-item\">\r\n<div class=\"footer-meta-title\"><i class=\"law\">§</i>Note Legali</div>\r\n<ul class=\"list-unstyled footer-meta-item-list\">\r\n<li><a href=\"https://trademachines.it/info/informazione-legale/\">Informazione legale</a></li>\r\n<li><a href=\"https://trademachines.it/info/informativa-sulla-privacy/\">Informativa sulla privacy</a></li>\r\n<li><a href=\"https://trademachines.com/info/general-terms-and-conditions/\">Condizioni</a></li>\r\n</ul>\r\n</div>\r\n"},{"id":"1355_it","content":"<p><style>\r\ntable img {\r\n    width:8em;\r\n}\r\n.center {\r\n    text-align:center;\r\n}\r\n</style></p>\r\n<p style=\"text-align: center; max-width: 60%; height: auto; padding: 0.5em; margin: 0 auto;\"><a href=\"https://trademachines.com/info/sell/?src=bannerstartpageIT\"><img class=\"alignnone\" data-src=\"https://dizv3061bgivy.cloudfront.net/tm/banners/trademachines/tm_vendere.jpg\" alt=\"\" width=\"1050\" height=\"95\" /></a></p>\r\n<h2 class=\"center\">Migliori venditori e produttori</h2>\r\n<table style=\"margin: 0px auto; opacity: 0.3;\">\r\n<tbody>\r\n<tr>\r\n<td><a href=\"//trademachines.it/venditore/ritchie-bros\"><img style=\"width: 90%;\" data-src=\"/assets/media/content/sites/2/2014/10/Ritchie.jpg\" /></a></td>\r\n<td><a href=\"//trademachines.it/venditore/zeppelin-caterpillar\"><img style=\"width: 90%;\" data-src=\"/assets/media/content/sites/2/2014/10/zeppelin_cat.jpg\" /></a></td>\r\n<td><a href=\"//trademachines.it/venditore/surplex\"><img style=\"width: 90%;\" data-src=\"/assets/media/content/sites/2/2014/10/Surplex.jpg\" /></a></td>\r\n<td><a href=\"//trademachines.it/venditore/apex-auctions\"><img style=\"width: 90%;\" data-src=\"/assets/media/content/sites/2/2014/10/Webp.net-resizeimage.jpg\" /></a></td>\r\n<td><a href=\"//trademachines.it/venditore/aurena-gmbh\"><img style=\"width: 90%;\" data-src=\"/assets/media/content/sites/9/2021/01/logo_aurena_StartPage_kleiner.jpg\" /></a></td>\r\n<td><a href=\"//trademachines.it/venditore/perfection-global\"><img style=\"width: 90%;\" data-src=\"/assets/media/content/sites/2/2014/10/perfection.jpg\" /></a></td>\r\n<td><a href=\"//trademachines.it/venditore/troostwijk\"><img style=\"width: 90%;\" data-src=\"/assets/media/content/sites/2/2014/10/Troostwjik.jpg\" /></a></td>\r\n<td><a href=\"//trademachines.it/venditore/ex-factory\"><img style=\"width: 90%;\" data-src=\"/assets/media/content/sites/2/2014/10/ex-factory.jpg\" /></a></td>\r\n</tr>\r\n<tr>\r\n<td><a href=\"//trademachines.it/fabbricante/john-deere\"><img style=\"width: 90%;\" data-src=\"/assets/media/content/sites/2/2014/10/JohnDeere2.jpg\" /></a></td>\r\n<td><a href=\"//trademachines.it/fabbricante/claas\"><img style=\"width: 90%;\" data-src=\"/assets/media/content/sites/2/2014/10/Claas.jpg\" /></a></td>\r\n<td><a href=\"//trademachines.it/fabbricante/caterpillar\"><img style=\"width: 90%;\" data-src=\"/assets/media/content/sites/2/2014/10/CAT.jpg\" /></a></td>\r\n<td><a href=\"//trademachines.it/fabbricante/jcb\"><img style=\"width: 90%;\" data-src=\"/assets/media/content/sites/2/2014/10/JCB.jpg\" /></a></td>\r\n<td><a href=\"//trademachines.it/fabbricante/komatsu\"><img style=\"width: 90%;\" data-src=\"/assets/media/content/sites/2/2014/10/komatsu.jpg\" /></a></td>\r\n<td><a href=\"//trademachines.it/venditore/industrial-auctions\"><img style=\"width: 90%;\" data-src=\"/assets/media/content/sites/2/2014/10/IA.jpg\" /></a></td>\r\n<td><a href=\"//trademachines.it/fabbricante/mazak\"><img style=\"width: 90%;\" data-src=\"/assets/media/content/sites/2/2014/10/mazak.jpg\" /></a></td>\r\n<td><a href=\"//trademachines.it/fabbricante/dmg-mori\"><img style=\"width: 90%;\" data-src=\"/assets/media/content/sites/3/2018/02/rsz_logo_dmg_mori_black.jpg\" /></a></td>\r\n<td><a href=\"//trademachines.it/fabbricante/manufacturer/kuka\"><img style=\"width: 90%;\" data-src=\"/assets/media/content/sites/2/2014/10/kuka.jpg\" /></a></td>\r\n<td><a href=\"//trademachines.it/fabbricante/homag\"><img style=\"width: 90%;\" data-src=\"/assets/media/content/sites/2/2014/10/homag.jpg\" /></a></td>\r\n</tr>\r\n</tbody>\r\n</table>\r\n<h2>Trova macchinari usati in vendita su TradeMachines</h2>\r\n<p>Grazie al suo motore di ricerca, TradeMachines offre una vasta scelta di <strong>macchinari industriali usati</strong>, connettendo in maniera efficace rivenditori e acquirenti. Non c'è nessun bisogno di cercare su diverse piattaforme per l'occasione ideale: TradeMachines offre la miglior selezione di annunci e aste online per <strong>attrezzature industriali usate</strong>. L'acquisto di apparecchiatura di seconda mano può comportare un considerevole risparmio economico senza sconti sull'efficienza.</p>\r\n<p>Esperti del settore visitano giornalmente TradeMachines per tenersi aggiornati sulle ultime novità ed avere una panoramica sul mercato delle attrezzature industriali usate. L'assoluta trasparenza è uno dei punti fondamentali del servizio, garantendo uno sguardo d'insieme sulle migliori offerte per <strong>macchinari industriali usati</strong> e aste online. Il motore di ricerca offerto guida gli acquirenti verso la migliore offerta possibile a seconda delle loro richieste e necessità.</p>\r\n<h2>Aste online per macchine utensili usate</h2>\r\n<p>La quantità di <strong>aste al ribasso</strong> presenti su TradeMachines permette agli utenti di trovare una vasta gamma di <strong>macchinari industriali usati</strong>, combinando al meglio le richieste e i bisogni dell'acquirente. Tutto ciò porta ad un sostanziale risparmio di tempo e denaro, presentando una considerevole selezione di <strong>macchinari usati in vendita</strong>. Oltre ad aste online per attrezzatura pesante, TradeMachines permette l'acquisto diretto di macchine usate tra i migliori brand del settore, dando la possibilità di acquistare e visionare il mercato dei <strong>macchinari industriali</strong> a 360 gradi. Sul sito è possibile trovare due tipologie di aste: aste fallimentari/giudiziarie e aste industriali. Mentre le prime sono gestite da banche per recuperare le perdite di aziende in fallimento, le <strong>aste industriali</strong> sono principalmente gestite da privati o dalle aziende stesse.</p>\r\n<h3>Macchinari usati e aste online</h3>\r\n<p>TradeMachines offre il meglio nel campo dei <strong>macchinari usati</strong>. Per questo motivo sul sito sono presenti solo inserzionisti fidati e rinomati rivenditori, assicurando al cliente il miglior acquisto per le proprie necessità. Le aste possono essere spinte dal bisogno, da parte di un'azienda, di recuperare perdite economiche tramite la vendita di macchine usate. Il tutto a prezzi più che vantaggiosi. Anche i rivenditori specializzati inseriscono le loro offerte sul sito: ciò non può che portare benificio in termini economici e di tempo, dando una soluzione ottimale e omnicomprensiva alle richieste del mercato.</p>\r\n<table class=\" aligncenter\" style=\"width: 100%; height: 140px; margin-top: 50px;\" cellspacing=\"10\">\r\n<tbody>\r\n<tr>\r\n<th>Macchine popolari</th>\r\n<th> </th>\r\n<th>Macchine popolari</th>\r\n<th> </th>\r\n</tr>\r\n<tr>\r\n<td>\r\n<p><a href=\"//trademachines.it/mercedesbenz/citaroo530\">MERCEDES-BENZ CITARO (O 530)</a><br /> <a href=\"//trademachines.it/caterpillar/301.8c\">CATERPILLAR 301.8C</a><br /> <a href=\"//trademachines.it/fiat/18090dt\">FIAT 180-90DT</a><br /> <a href=\"//trademachines.it/scania/r620\">SCANIA R620</a><br /> <a href=\"//trademachines.it/amazone/ed\">AMAZONE ED</a></p>\r\n</td>\r\n<td>\r\n<p><a href=\"//trademachines.it/hammer/c331\">HAMMER C3-31</a><br /> <a href=\"//trademachines.it/case-ih/steiger620quadtrac\">CASE IH STEIGER 620 QUADTRAC</a><br /> <a href=\"//trademachines.it/kenworth/w900\">KENWORTH W900</a><br /> <a href=\"//trademachines.it/ford/tw35\">FORD TW-35</a><br /> <a href=\"//trademachines.it/iveco/trakker450\">IVECO TRAKKER 450</a></p>\r\n</td>\r\n<td>\r\n<p><a href=\"//trademachines.it/ford/f650\">FORD F650</a><br /> <a href=\"//trademachines.it/challenger/mt765\">CHALLENGER MT765</a><br /> <a href=\"//trademachines.it/ladog/g129n20\">LADOG G 129 N 20</a><br /> <a href=\"//trademachines.it/john-deere/1026r\">JOHN DEERE 1026R</a><br /> <a href=\"//trademachines.it/bobcat/s450\">BOBCAT S450</a></p>\r\n</td>\r\n<td>\r\n<p><a href=\"//trademachines.it/claas/jaguar980\">CLAAS JAGUAR 980</a><br /> <a href=\"//trademachines.it/bobcat/s650\">BOBCAT S650</a><br /> <a href=\"//trademachines.it/kubota/b7000\">KUBOTA B7000</a><br /> <a href=\"//trademachines.it/bobcat/t590\">BOBCAT T590</a><br /> <a href=\"//trademachines.it/takeuchi/tb016\">TAKEUCHI TB016</a></p>\r\n</td>\r\n</tr>\r\n</tbody>\r\n</table>"}]