[{"id":"8936_fr","content":"<div class=\"col-xs-6 col-sm-4 col-md-4 col-lg-3 footer-meta-item\">\r\n<div class=\"footer-meta-title\"><i class=\"fa fa-home\"></i>Entreprise</div>\r\n<ul class=\"list-unstyled footer-meta-item-list\">\r\n\t<li><a href=\"https://trademachines.fr/info/\">Blog</a></li>\r\n\t<li><a href=\"https://trademachines.fr/info/contact/\">Contactez nous</a></li>\r\n\t<li><a href=\"//trademachines.fr/vendeur\">Nos Clients</a></li>\r\n<li><a href=\"https://trademachines.com/info/trademachines-fonction/\">Comment ça marche ?</a></li>\r\n\r\n</ul>\r\n</div>"},{"id":"8943_fr","content":"<div class=\"col-xs-6 col-sm-4 col-md-4 col-lg-3 footer-meta-item\">\r\n<div class=\"footer-meta-title\"><i class=\"fa fa-binoculars\"></i>découvrir</div>\r\n<ul class=\"list-unstyled footer-meta-item-list\">\r\n\t<li><a href=\"//trademachines.fr/tracteurs\">Tracteurs</a></li>\r\n\t<li><a href=\"//trademachines.fr/materiels-de-recolte\">Matériel de récolte</a></li>\r\n\t<li><a href=\"//trademachines.fr/pelleteuses\">Pelleteuses</a></li>\r\n\t<li><a href=\"//trademachines.fr/plateformes-de-levage\">Plateformes élévatrices</a></li>\r\n<li><a href=\"//trademachines.fr/fraiseuses-metal\">Fraiseuses à métal</a></li>\r\n\t<li><a href=\"//trademachines.fr/tours\"><span class=\"s1\">Tours à métaux</span></a></li>\r\n\t<li><a href=\"https://trademachines.fr/info/mondial/\">Dans le monde</a></li>\r\n</ul>\r\n</div>"},{"id":"8946_fr","content":"<div class=\"col-xs-6 col-sm-4 col-md-4 col-lg-3 footer-meta-item\">\r\n<div class=\"footer-meta-title\"><i class=\"law\">§</i> informations légales</div>\r\n<ul class=\"list-unstyled footer-meta-item-list\">\r\n \t<li><a href=\"https://trademachines.fr/info/legales-suscitees/\">Mentions légales</a></li>\r\n \t<li><a href=\"https://trademachines.fr/info/termes-et-conditions/\">Termes et Conditions</a></li>\r\n \t<li><a href=\"https://trademachines.fr/info/politique-de-confidentialite/\">Politique de confidentialité</a></li>\r\n</ul>\r\n</div>"},{"id":"8950_fr","content":"<style>\r\ntable img {<br />    width:8em;<br />}<br />.center {<br />    text-align:center;<br />}<br /></style>\r\n<p style=\"text-align: center; max-width: 60%; height: auto; padding: 0.5em; margin: 0 auto;\"><a href=\"https://trademachines.fr/info/nos-services/?src=bannerstartpageFR\"><img class=\"alignnone\" data-src=\"https://dizv3061bgivy.cloudfront.net/tm/banners/trademachines/tm_vendez.jpg\" alt=\"\" width=\"1050\" height=\"95\" /></a></p>\r\n\r\n<h2 class=\"center\">Les meilleurs dealers ! Le meilleur fabricant !</h2>\r\n<table style=\"margin: 0px auto; opacity: 0.3;\">\r\n<tbody>\r\n<tr>\r\n<td><a href=\"//trademachines.fr/vendeur/rwz-fil-kruft\"><img data-src=\"/assets/media/content/sites/2/2014/10/rwz.jpg\" /></a></td>\r\n<td><a href=\"//trademachines.fr/vendeur/ritchie-bros\"><img style=\"width: 90%;\" data-src=\"/assets/media/content/sites/2/2014/10/Ritchie.jpg\" /></a></td>\r\n<td><a href=\"//trademachines.fr/vendeur/zeppelin-caterpillar\"><img style=\"width: 90%;\" data-src=\"/assets/media/content/sites/2/2014/10/zeppelin_cat.jpg\" /></a></td>\r\n<td><a href=\"//trademachines.fr/vendeur/surplex\"><img style=\"width: 90%;\" data-src=\"/assets/media/content/sites/2/2014/10/Surplex.jpg\" /></a></td>\r\n<td><a href=\"//trademachines.fr/vendeur/apex-auctions\"><img style=\"width: 90%;\" data-src=\"/assets/media/content/sites/2/2014/10/Webp.net-resizeimage.jpg\" /></a></td>\r\n<td><a href=\"//trademachines.fr/vendeur/aurena-gmbh\"><img style=\"width: 90%;\" data-src=\"/assets/media/content/sites/8/2021/01/logo_aurena_StartPage_kleiner.jpg\" /></a></td>\r\n<td><a href=\"//trademachines.fr/vendeur/perfection-global\"><img style=\"width: 90%;\" data-src=\"/assets/media/content/sites/2/2014/10/perfection.jpg\" /></a></td>\r\n<td><a href=\"//trademachines.fr/vendeur/troostwijk\"><img style=\"width: 90%;\" data-src=\"/assets/media/content/sites/2/2014/10/Troostwjik.jpg\" /></a></td>\r\n<td><a href=\"//trademachines.fr/vendeur/ex-factory\"><img style=\"width: 90%;\" data-src=\"/assets/media/content/sites/2/2014/10/ex-factory.jpg\" /></a></td>\r\n</tr>\r\n<tr>\r\n<td><a href=\"//trademachines.fr/fabricant/john-deere\"><img style=\"width: 90%;\" data-src=\"/assets/media/content/sites/2/2014/10/JohnDeere2.jpg\" /></a></td>\r\n<td><a href=\"//trademachines.fr/fabricant/claas\"><img style=\"width: 90%;\" data-src=\"/assets/media/content/sites/2/2014/10/Claas.jpg\" /></a></td>\r\n<td><a href=\"//trademachines.fr/fabricant/caterpillar\"><img style=\"width: 90%;\" data-src=\"/assets/media/content/sites/2/2014/10/CAT.jpg\" /></a></td>\r\n<td><a href=\"//trademachines.fr/fabricant/jcb\"><img style=\"width: 90%;\" data-src=\"/assets/media/content/sites/2/2014/10/JCB.jpg\" /></a></td>\r\n<td><a href=\"//trademachines.fr/fabricant/komatsu\"><img style=\"width: 90%;\" data-src=\"/assets/media/content/sites/2/2014/10/komatsu.jpg\" /></a></td>\r\n<td><a href=\"//trademachines.fr/vendeur/industrial-auctions\"><img style=\"width: 90%;\" data-src=\"/assets/media/content/sites/2/2014/10/IA.jpg\" /></a></td>\r\n<td><a href=\"//trademachines.fr/fabricant/mazak\"><img style=\"width: 90%;\" data-src=\"/assets/media/content/sites/2/2014/10/mazak.jpg\" /></a></td>\r\n<td><a href=\"//trademachines.fr/fabricant/dmg-mori\"><img style=\"width: 90%;\" data-src=\"/assets/media/content/sites/3/2018/02/rsz_logo_dmg_mori_black.jpg\" /></a></td>\r\n<td><a href=\"//trademachines.fr/fabricant/kuka\"><img style=\"width: 90%;\" data-src=\"/assets/media/content/sites/2/2014/10/kuka.jpg\" /></a></td>\r\n<td><a href=\"//trademachines.fr/fabricant/homag\"><img style=\"width: 90%;\" data-src=\"/assets/media/content/sites/2/2014/10/homag.jpg\" /></a></td>\r\n</tr>\r\n</tbody>\r\n</table>\r\n<h2>Plus d'1 million de machines d'occasion aux meilleurs prix !</h2>\r\nTradeMachines est une plateforme référençant les meilleurs offres de <strong>machines et de matériels industriels d'occasion</strong>, permettant ainsi aux acheteurs et aux experts d'avoir un <strong>aperçu global du marché</strong> en un coup d'œil , en toute transparence.\r\n<h3>Les acheteurs ont accès à de nombreuses offres de machines d'occasion</h3>\r\nEn tant qu’acheteur, TradeMachines vous permet de trouver de <strong>nombreuses ventes et ventes aux enchères</strong>, de <strong>comparer</strong> de nombreuses offres de machines d'occasion, et d’avoir un <strong>aperçu fidèle et varié</strong> du marché, tout en restant sur une seule plateforme.\r\n<h3>Les vendeurs touchent une cible plus large de clients</h3>\r\nEn tant que vendeur, TradeMachines vous offre la possibilité de toucher un public de <strong>professionnels prêts à investir</strong>, dans le monde entier, et de <strong>gagner en visibilité Internet</strong>.\r\n<h2>Optez pour l’achat de matériel d’occasion !</h2>\r\nLe prix des <strong>équipements industriels</strong> est en forte hausse depuis quelques années, et il est de plus en plus difficile, pour les exploitants, d’investir de telles sommes. C’est donc naturellement que ces derniers se tournent vers le marché des machines d’occasion.\r\n\r\nAujourd'hui, le marché de l'équipement industriel d'occasion est en plein essor, et offre une <strong>bonne alternative</strong> à l'achat onéreux de machines neuves.\r\n\r\nEn regroupant les offres de <strong>ventes de machines d'occasion</strong> des meilleurs fournisseurs, TradeMachines vous fait <strong>économiser du temps, de l'argent, et de l'énergie</strong>.  Il ne vous reste plus qu'à faire défiler les machines et trouver le bon équipement ! Vous pouvez sélectionner les machines <strong>selon le lieu, le type de machines, la marque, ou le vendeur</strong>.\r\n<h3>Trouvez des machines à bas prix grâce à TradeMachines !</h3>\r\nTradeMachines vous permet de trouver la machine d'occasion <strong>qui correspond parfaitement à vos besoins</strong>. TradeMachines référence également tant les <strong>offres de grandes masions aux enchères</strong>, comme Ritchie Brothers, que de <strong>plus petits concessionnaires</strong> vendant une dizaine de machines.\r\n<h4>Faites confiance au leader du marché!</h4>\r\nTradeMachines a été fondé en octobre 2013 à Berlin (Allemagne) et enregistre actuellement une <strong>croissance moyenne de 30% par mois</strong>, en termes de visites.\r\n\r\n<strong>Des centaines de machines d'occasion sont à portée de clics, profitez-en!</strong>\r\n\r\nVous trouverez ci-dessous tous les modèles, fabricants et catégories les plus populaires :\r\n<table class=\" aligncenter\" style=\"width: 100%; height: 140px; margin-top: 50px;\" cellspacing=\"10\">\r\n<tbody>\r\n<tr>\r\n<th>Machines populaires</th>\r\n<th></th>\r\n<th>Machines populaires</th>\r\n<th></th>\r\n</tr>\r\n<tr>\r\n<td><a href=\"//trademachines.fr/toyota/landcruiser\">TOYOTA LAND CRUISER</a>\r\n<a href=\"//trademachines.fr/kubota/b7100\">KUBOTA B7100</a>\r\n<a href=\"//trademachines.fr/valtra/n134\">VALTRA N134</a>\r\n<a href=\"//trademachines.fr/fendt/512\">FENDT 512</a>\r\n<a href=\"//trademachines.fr/ford/f750\">FORD F750</a></td>\r\n<td><a href=\"//trademachines.fr/john-deere/7530\">JOHN DEERE 7530</a>\r\n<a href=\"//trademachines.fr/john-deere/x300\">JOHN DEERE X300</a>\r\n<a href=\"//trademachines.fr/jcb/1cx\">JCB 1CX</a>\r\n<a href=\"//trademachines.fr/massey-ferguson/mf6480\">MASSEY FERGUSON MF 6480</a>\r\n<a href=\"//trademachines.fr/jcb/fastrac4220\">JCB FASTRAC 4220</a></td>\r\n<td><a href=\"//trademachines.fr/emag/vl3\">EMAG VL3</a>\r\n<a href=\"//trademachines.fr/jcb/2cx\">JCB 2CX</a>\r\n<a href=\"//trademachines.fr/ford/f450\">FORD F450</a>\r\n<a href=\"//trademachines.fr/ford/f650\">FORD F650</a>\r\n<a href=\"//trademachines.fr/kubota/b7001\">KUBOTA B7001</a></td>\r\n<td><a href=\"//trademachines.fr/fendt/939vario\">FENDT 939 VARIO</a>\r\n<a href=\"//trademachines.fr/john-deere/4230\">JOHN DEERE 4230</a>\r\n<a href=\"//trademachines.fr/toyota/hilux\">TOYOTA HILUX</a>\r\n<a href=\"//trademachines.fr/kubota/b5000\">KUBOTA B5000</a>\r\n<a href=\"//trademachines.fr/hilti/te6a36\">HILTI TE 6-A36</a></td>\r\n</tr>\r\n</tbody>\r\n</table>\r\n<p style=\"text-align: center; max-width: 50%; height: auto; padding: 0.5em; margin: 0 auto;\"><img style=\"padding-bottom: 30px; max-width: 600px; margin: 0 auto;\" data-src=\"https://dizv3061bgivy.cloudfront.net/tm/banners/trademachines/tm_sealsEN.png\" /></p>"},{"id":"17161_fr","content":"<h2>Evaluer le prix des machines d'occasion</h2>\r\nSi vous avez déjà acheté ou vendu des machines d'occasion, il y a de fortes chances que vous vous ayez passé un temps fou à trouver un prix équitable.\r\n\r\n<em>Alors comment faire pour évaluer le prix des machines industrielles de seconde main à leur juste valeur ?</em>\r\n\r\nSi votre prix est trop élevé par rapport à ce que proposent les autres commerçants ou commissaires-priseurs de machines industrielles alors vous ferez fuir la clientèle.\r\n\r\nEn revanche, si le prix est trop bas, cela peut ressembler à une escroquerie. Les prix mesurent la valeur estimée d'un bien, vous devez donc les fixer correctement !\r\n\r\nDans le cadre de notre mission visant à <strong>rendre le marché des machines d'occasion plus transparent</strong>, notre vérificateur de prix des machines est un outil essentiel.\r\n<h3>Sur quels critères s’appuient l’outil d’évaluation du prix des machines de seconde main ?</h3>\r\nAu cours des 10 dernières années de vie de TradeMachines, nous avons collecté des millions de données relatives à l’inventaire industriel d'occasion.\r\n\r\nPlus de 20 millions de machines nous ont permis d’assembler des informations très utiles quant aux prix d'achat et aux attributs des machines sur le marché international.\r\n\r\nAinsi, la combinaison de toutes ces données nous permet d’introduire un nouveau service d'estimation des prix gratuit et fiable.\r\n\r\nEn conséquence, nous disposons désormais d'une estimation de prix pour plus de 35 000 machines. Ces estimations reposent sur l’intelligence et le savoir-faire que nous avons accumulé.\r\n\r\nTrouver le prix optimal et juste en utilisant un raisonnement basé sur des données est un atout considérable, que vous soyez acheteur ou vendeur de machines de seconde main. L'objectif de notre outil est de vous aider à évaluer plus rapidement et mieux la valeur de l'équipement d'occasion que vous souhaitez vendre ou acheter.\r\n<img class=\"aligncenter\" data-src=\"https://dizv3061bgivy.cloudfront.net/tm/banners/trademachines/machine-value-info.png\" alt=\"Comment evaluer le prix des machines d'occasion ? \" width=\"903\" height=\"211\" />\r\n<h3>Comment fonctionne notre outil d'évaluation du prix des machines d’occasion ?</h3>\r\nL'utilisation du vérificateur de prix est vraiment intuitive. Il suffit d'insérer le nom du fabricant et du modèle dans le champ approprié, en haut de la page. Vous obtiendrez instantanément un prix moyen affiché.\r\n\r\nEn plus, nous partagerons avec vous quelques informations concernant la machine et les facteurs pris en compte pour l'évaluation. Vous trouverez des données sur : l'année de fabrication, le lieu et le nombre de machines sur lesquels l'estimation est basée.\r\n\r\nSi vous souhaitez consulter nos offres de seconde main, il suffit de cliquer sur le lien correspondant.\r\n<h3>Comment utiliser l'outil d'estimation du prix ?</h3>\r\nL'outil d'estimation du prix des machines doit être utilisé en conjonction avec des recherches détaillées. Il vous donne un bon point de départ pour trouver le prix de vente optimal. Cependant un certain nombre d'autres facteurs ne sont pas pris en compte, comme l'état de l’équipement par exemple.\r\n\r\nApprofondissez toujours vos recherches en parcourant les offres similaires sur notre moteur de recherche pour évaluer le montant que vous êtes prêt à investir dans vos machines d'occasion.\r\n\r\nTrouver le bon prix pour une machine d'occasion nécessite une expérience considérable dans le domaine. Chaque machine est unique, il faut avoir une bonne compréhension due son fonctionnement. De plus, une multitude de facteurs sont à prendre en compte pour estimer de manière sûre sa valeur à la vente. Notre technologie ne remplace pas l'évaluation faite par des experts en la matière.\r\n\r\nSi vous souhaitez en savoir plus sur les facteurs influençant le prix d'une machine, <a href=\"https://trademachines.fr/info/comment-fixer-le-prix-des-machines-doccasion/\">lisez notre guide sur ce sujet.</a>"}]