[{"id":"7643_nl","content":"<table class=\" aligncenter\" style=\"width: 100%;height: 140px;margin-top: 50px\" cellspacing=\"10\">\r\n<tbody>\r\n<tr>\r\n<th>Populaire producten</th>\r\n<th></th>\r\n<th>Populaire producten</th>\r\n<th></th>\r\n</tr>\r\n<tr>\r\n        <td>\r\n        <p>\r\n<a href=\"//trademachines.nl/lanz/bulldog\">LANZ BULLDOG</a><br/>\r\n<a href=\"//trademachines.nl/john-deere/4955\">JOHN DEERE 4955</a><br/>\r\n<a href=\"//trademachines.nl/ford/tw35\">FORD TW-35</a><br/>\r\n<a href=\"//trademachines.nl/volvo/l60h\">VOLVO L60H</a><br/>\r\n<a href=\"//trademachines.nl/okuma/macturn50\">OKUMA MACTURN 50</a>\r\n        </p>\r\n    </td>\r\n    <td>\r\n        <p>\r\n<a href=\"//trademachines.nl/ford/3000\">FORD 3000</a><br/>\r\n<a href=\"//trademachines.nl/bt/swe160\">BT SWE 160</a><br/>\r\n<a href=\"//trademachines.nl/ford/1210\">FORD 1210</a><br/>\r\n<a href=\"//trademachines.nl/takeuchi/tb016\">TAKEUCHI TB016</a><br/>\r\n<a href=\"//trademachines.nl/abb/irb6400\">ABB IRB 6400</a>\r\n        </p>\r\n    </td>\r\n    <td>\r\n        <p>\r\n<a href=\"//trademachines.nl/ford/4000\">FORD 4000</a><br/>\r\n<a href=\"//trademachines.nl/mercedesbenz/unimog406\">MERCEDES-BENZ UNIMOG 406</a><br/>\r\n<a href=\"//trademachines.nl/daf/fancf430\">DAF FAN CF 430</a><br/>\r\n<a href=\"//trademachines.nl/lagun/fu2000\">LAGUN FU 2000</a><br/>\r\n<a href=\"//trademachines.nl/john-deere/4520\">JOHN DEERE 4520</a>\r\n        </p>\r\n    </td>\r\n    <td>\r\n        <p>\r\n<a href=\"//trademachines.nl/john-deere/7530\">JOHN DEERE 7530</a><br/>\r\n<a href=\"//trademachines.nl/ford/f650\">FORD F650</a><br/>\r\n<a href=\"//trademachines.nl/graziano/gt300\">GRAZIANO GT300</a><br/>\r\n<a href=\"//trademachines.nl/ferrari/f360\">FERRARI F360</a><br/>\r\n<a href=\"//trademachines.nl/fordson/dexta\">FORDSON DEXTA</a>\r\n        </p>\r\n    </td>\r\n</tr>\r\n</tbody>\r\n</table>"},{"id":"8096_nl","content":"Als u ooit heeft gehandeld in gebruikte machines dan is de kans groot dat u moeite had om een eerlijke prijs te vinden. Als uw prijs te hoog is in vergelijking met wat andere handelaren of veilingmeesters bieden, schrikt u de klanten af. Als de prijs echter te laag is, kunnen mensen de indruk krijgen dat ze worden opgelicht. Prijzen meten de geschatte waarde van een goed, dus u wilt ervoor zorgen dat u de perfecte prijs aanbiedt!\r\n<h1>Machine Price Checker: data-driven valuation tool</h1>\r\nOnze prijschecker voor machines is een cruciaal hulpmiddel om prijsevaluatie transparanter te maken. Wij hebben de afgelopen 10 jaar de Internationale data zoals actuele prijzen en machineattributen van meer dan 20 miljoen machines verzameld. Dit maakt onze tool een betrouwbare bron van informatie. Wij kunnen u een nauwkeurige <strong>prijsschatting</strong> aanbieden voor meer dan <strong>35.000</strong> machines.\r\n\r\n<img class=\"aligncenter size-medium\" data-src=\"https://dizv3061bgivy.cloudfront.net/tm/banners/trademachines/machine-value-info.png\" alt=\"werktuig-evaluatie-prijs-gebruikte-machines-trademachines\" width=\"903\" height=\"211\" />\r\n\r\nHet vinden van een optimale en eerlijke prijs met behulp van data gedreven berekeningen is een enorm handige troef, of u nu een koper of verkoper bent van gebruikte machines. Het doel van onze tool is om u te helpen met het sneller en beter inschatten van de waarde van de tweedehands apparatuur die u wilt verkopen of kopen.\r\n<h2>Hoe werkt onze prijsevaluatietool?</h2>\r\nDe prijschecker is volkomen intuïtief in het gebruik: typ gewoon de naam van de fabrikant en het juiste model in het juiste vakje rechts bovenaan de pagina. U krijgt dan direct een gemiddelde prijs te zien.\r\n\r\nVerder zullen we enkele inzichten met u delen over het product en met welke factoren rekening is gehouden bij de evaluatie, bijvoorbeeld: het bouwjaar, de locatie, en het aantal attributen waarop de schatting is gebaseerd.\r\n\r\nAls u onze aanbiedingen voor het gewenste artikel verder wilt bekijken, kunt u onze catalogus raadplegen, deze wordt eenvoudig weergegeven onder de schatting van de machineprijs\r\n<h2>Hoe gebruikt u onze prijscalculatietool voor gebruikte machines?</h2>\r\nOnze prijschecker voor machines moet worden gebruikt in combinatie met gedetailleerd onderzoek. Dit geeft je een goed startpunt om de optimale verkoopprijs te bepalen. Weet wel dat er geen rekening wordt gehouden met een aantal variabele factoren zoals bijvoorbeeld de staat van de machine.\r\n\r\nOnderzoek altijd even verder door vergelijkbare aanbiedingen in onze zoekmachine te bekijken en te evalueren hoeveel u bereid bent te investeren in gebruikte machines.\r\n\r\nHet vinden van de juiste prijs voor een gebruikte machine vereist een aanzienlijke hoeveelheid ervaring in het vak, om nog maar te zwijgen over hoe een bepaalde machines werken en welke factoren de waarde ervan doen dalen. Onze technologie is niet bedoeld om de expertise te vervangen van experts op dit vlak.\r\n\r\nWil je meer weten over de factoren die de prijs van een machine doen beïnvloeden, <a href=\"https://trademachines.com/info/how-to-price-used-machinery/\" target=\"_blank\" rel=\"noopener noreferrer\">lees dan onze gids.</a>"},{"id":"28_nl","content":"<div class=\"col-xs-6 col-sm-4 col-md-4 col-lg-3 footer-meta-item\">\r\n<div class=\"footer-meta-title\"><i class=\"law\">§</i> Juridische details</div>\r\n<ul class=\"list-unstyled footer-meta-item-list\">\r\n \t<li><a href=\"https://trademachines.com/info/legal-details-tm/\">Afdruk</a></li>\r\n \t<li><a href=\"https://trademachines.com/info/data-privacy/\">Privacy Policy</a></li>\r\n</ul>\r\n<h5 class=\"footer-meta-title\"><i class=\"fa fa-heart\"></i>Voor onze klanten</h5>\r\n<ul class=\"list-unstyled footer-meta-item-list\">\r\n \t<li><a href=\"https://my.trademachines.com/#/login\">Login</a></li>\r\n \t<li><a href=\"https://trademachines.com/info/general-terms-and-conditions/\">Voorwaarden</a></li>\r\n</ul>\r\n</div>"},{"id":"24_nl","content":"<div class=\"col-xs-6 col-sm-4 col-md-4 col-lg-3 footer-meta-item\">\r\n<div class=\"footer-meta-title\"><i class=\"fa fa-home\"></i> Firma</div>\r\n<ul class=\"list-unstyled footer-meta-item-list\">\r\n \t<li><a href=\"https://trademachines.com/info/\" target=\"_blank\">Blog</a></li>\r\n \t<li><a href=\"https://trademachines.com/info/contact/\" target=\"_blank\">Contact</a></li>\r\n \t<li><a href=\"//trademachines.nl/verkoper\">Onze verkopers</a></li>\r\n</ul>\r\n</div>"},{"id":"55_nl","content":"<div class=\"col-xs-6 col-sm-4 col-md-4 col-lg-3 footer-meta-item\">\r\n<div class=\"footer-meta-title\"><i class=\"fa fa-binoculars\"></i> Ontdekken</div>\r\n<ul class=\"list-unstyled footer-meta-item-list\">\r\n \t<li><a href=\"/tractoren\">Tractoren</a></li>\r\n \t<li><a href=\"/graafmachines\">Graafmachines</a></li>\r\n \t<li><a href=\"/draaibanken\">Draaibanken</a></li>\r\n \t<li><a href=\"/houtzagen\">Houtzagen</a></li>\r\n \t<li><a href=\"/dieselvorkheftrucks\">Dieselvorkheftrucks</a></li>\r\n</ul>\r\n</div>"}]