[{"id":"1697_es","content":"<div class=\"col-xs-6 col-sm-4 col-md-4 col-lg-3 footer-meta-item\">\r\n<div class=\"footer-meta-title\"><i class=\"fa fa-home\"></i> La empresa</div>\r\n<ul class=\"list-unstyled footer-meta-item-list\">\r\n\t<li><a href=\"https://trademachines.es/info/\" target=\"_blank\">Blog</a></li>\r\n\t<li><a href=\"https://trademachines.es/info/contact/\" target=\"_blank\">Contáctenos</a></li>\r\n\t<li><a href=\"//trademachines.es/vendedor\">Vendedores</a></li>\r\n</ul>\r\n</div>\r\n"},{"id":"1699_es","content":"<div class=\"col-xs-6 col-sm-4 col-md-4 col-lg-3 footer-meta-item\">\r\n<div class=\"footer-meta-title\"><i class=\"fa fa-binoculars\"></i> Discover</div>\r\n<ul class=\"list-unstyled footer-meta-item-list\">\r\n<li><a href=\"//trademachines.es/tractores\">Tractores</a></li>\r\n<li><a href=\"//trademachines.es/cosechadoras\">Cosechadoras</a></li>\r\n<li><a href=\"//trademachines.es/retroexcavadoras\">Excavadoras</a></li>\r\n<li><a href=\"//trademachines.es/metal\">Maquinaria Metalúrgica</a></li>\r\n<li><a href=\"//trademachines.es/plataformas-elevadoras\">Plataformas elevadoras\r\n</a></li>\r\n<li><a href=\"//trademachines.es/tornos\">Tornos</a></li>\r\n<li><a href=\"//trademachines.es/fresadoras\">Fresadoras</a></li>\r\n<li><a href=\"https://trademachines.es/info/mundialmente\">Mundialmente</a></li>\r\n</ul>\r\n</div>"},{"id":"1701_es","content":"<div class=\"col-xs-6 col-sm-4 col-md-4 col-lg-3 footer-meta-item\">\r\n<div class=\"footer-meta-title\"><i class=\"law\">§ </i>Detalles Legales</div>\r\n<ul class=\"list-unstyled footer-meta-item-list\">\r\n\t<li><a href=\"https://trademachines.es/info/aviso-legal\">Aviso Legal</a></li>\r\n\t<li><a href=\"https://trademachines.es/info/proteccion-de-datos/\">Política de privacidad</a></li>\r\n\t<li><a href=\"https://trademachines.com/info/general-terms-and-conditions\">Condiciones</a></li>\r\n</ul>\r\n</div>"},{"id":"8379_es","content":"Si alguna vez ha comprado o vendido maquinaria de segunda mano, lo más probable es que haya luchado por encontrar un precio justo.\r\n\r\nSi su precio es demasiado alto en comparación con lo que ofrecen otros comerciantes o subastadores, ahuyentará a la clientela. Sin embargo, si el precio es demasiado bajo puede parecer una estafa. Los precios miden el valor estimado de un bien, así que hay que acertar.\r\n<h2>Machine Price Checker: herramienta de valoración basada en datos</h2>\r\nEn nuestra misión de hacer más transparente el mercado de la maquinaria usada, nuestro comprobador de precios de máquinas es una herramienta crucial. A lo largo de los últimos 10 años se han recopilado datos internacionales como los precios y los atributos de las máquinas de más de 20 millones de máquinas, lo que convierte a nuestra herramienta en una fuente de información fiable. Como resultado, ahora tenemos una estimación de precios disponible para más de 35.000 máquinas.\r\nEncontrar el precio óptimo y justo utilizando un razonamiento basado en datos es una gran ventaja tanto si es usted un comprador como un vendedor de maquinaria usada. El objetivo de nuestra herramienta es ayudarle a evaluar más rápido y mejor el valor de la maquinaria de segunda mano que quiere vender o comprar.\r\n<h3>¿Cómo funciona nuestra herramienta de evaluación de precios?</h3>\r\nEl comprobador de precios es realmente intuitivo: basta con introducir el nombre del fabricante y el modelo en el campo correspondiente, justo en la parte superior de la página. Al instante tendrá un precio medio mostrado en el sitio web.\r\n\r\n<img class=\"aligncenter\" data-src=\"https://dizv3061bgivy.cloudfront.net/tm/banners/trademachines/machine-value-info.png\" alt=\"Evaluacion de precios de maquinaria usada\" width=\"903\" height=\"211\" />\r\nAdemás, compartiremos con usted algunos datos sobre el artículo y los factores que se han tenido en cuenta para la evaluación: el rango del año de la marca, la ubicación y el número de artículos en los que se ha basado la estimación.\r\nSi desea ver más ofertas para el artículo deseado, le invitamos a consultar nuestro catálogo, que aparece debajo de la estimación del precio de la maquinaria.\r\n<h3>¿Cómo utilizar la herramienta de estimación del precio de la maquinaria usada?</h3>\r\nEl comprobador de precios de maquinaria debe utilizarse junto con una investigación detallada. Le ofrece un buen punto de partida para encontrar el precio de venta óptimo, aunque no se tienen en cuenta otros factores como, por ejemplo, el estado.\r\nInvestiga siempre más a fondo, consultando ofertas similares en nuestro motor de búsqueda, para evaluar cuánto estás dispuesto a invertir en tus máquinas usadas.\r\nEncontrar el precio adecuado para una maquinaria usada requiere una considerable experiencia en el negocio, por no hablar de la comprensión de cómo funciona una máquina en particular y qué factores hacen que su valor disminuya. Nuestra tecnología no sustituye la valoración realizada por expertos en la materia.\r\nSi quiere <a href=\"https://trademachines.com/info/how-to-price-used-machinery/\" target=\"_blank\" rel=\"noopener noreferrer\">saber más sobre los factores que influyen en el precio de una máquina</a>, lea nuestra guía."},{"id":"8383_es","content":"<table class=\" aligncenter\" style=\"width: 100%; height: 140px; margin-top: 50px;\" cellspacing=\"10\">\r\n<tbody>\r\n<tr>\r\n<th>Productos populares</th>\r\n<th></th>\r\n<th>Productos populares</th>\r\n<th></th>\r\n</tr>\r\n<tr>\r\n    <td>\r\n        <p>\r\n<a href=\"//trademachines.es/dodge/ram1500\">DODGE RAM 1500</a><br/>\r\n<a href=\"//trademachines.es/scania/r450\">SCANIA R450</a><br/>\r\n<a href=\"//trademachines.es/john-deere/7810\">JOHN DEERE 7810</a><br/>\r\n<a href=\"//trademachines.es/john-deere/8530\">JOHN DEERE 8530</a><br/>\r\n<a href=\"//trademachines.es/dodge/ram2500\">DODGE RAM 2500</a>\r\n        </p>\r\n    </td>\r\n    <td>\r\n        <p>\r\n<a href=\"//trademachines.es/fendt/820vario\">FENDT 820 VARIO</a><br/>\r\n<a href=\"//trademachines.es/fendt/824\">FENDT 824</a><br/>\r\n<a href=\"//trademachines.es/john-deere/4755\">JOHN DEERE 4755</a><br/>\r\n<a href=\"//trademachines.es/john-deere/7720\">JOHN DEERE 7720</a><br/>\r\n<a href=\"//trademachines.es/takeuchi/tb175\">TAKEUCHI TB175</a>\r\n        </p>\r\n    </td>\r\n    <td>\r\n        <p>\r\n<a href=\"//trademachines.es/land-rover/defender\">LAND ROVER DEFENDER</a><br/>\r\n<a href=\"//trademachines.es/takeuchi/tb290\">TAKEUCHI TB 290</a><br/>\r\n<a href=\"//trademachines.es/john-deere/7920\">JOHN DEERE 7920</a><br/>\r\n<a href=\"//trademachines.es/iveco/trakker\">IVECO TRAKKER</a><br/>\r\n<a href=\"//trademachines.es/john-deere/6410\">JOHN DEERE 6410</a>\r\n        </p>\r\n    </td>\r\n    <td>\r\n        <p>\r\n<a href=\"//trademachines.es/john-deere/6430\">JOHN DEERE 6430</a><br/>\r\n<a href=\"//trademachines.es/scania/113\">SCANIA 113</a><br/>\r\n<a href=\"//trademachines.es/jcb/2cx\">JCB 2CX</a><br/>\r\n<a href=\"//trademachines.es/john-deere/gator\">JOHN DEERE GATOR</a><br/>\r\n<a href=\"//trademachines.es/same/silver130\">SAME SILVER 130</a>\r\n        </p>\r\n    </td>\r\n</tr>\r\n</tbody>\r\n</table>"}]