[{"id":"9863_de","content":"<div class=\"col-xs-6 col-sm-4 col-md-4 col-lg-3 footer-meta-item\">\r\n<div class=\"footer-meta-title\"><i class=\"fa fa-home\"></i> Unternehmen</div>\r\n<ul class=\"list-unstyled footer-meta-item-list\">\r\n<li><a href=\"https://trademachines.de/info/\" target=\"_blank\">Blog</a></li>\r\n<li><a href=\"//trademachines.de/jobs/\" target=\"_blank\">Jobs</a></li>\r\n<li><a href=\"https://trademachines.de/info/contact/\" target=\"_blank\">Kontakt</a></li>\r\n<li><a href=\"/maschinenhersteller-nach-industrie\">Hersteller</a></li>\r\n<li><a href=\"https://trademachines.de/info/so-funktionieren-industrieauktionen/\">Industrieauktionen</a></li>\r\n<li><a href=\"/anbieter\">Anbieterliste</a></li>\r\n</ul>\r\n</div>\r\n"},{"id":"9865_de","content":"<div class=\"col-xs-6 col-sm-4 col-md-4 col-lg-3 footer-meta-item\">\r\n<div class=\"footer-meta-title\"><i class=\"fa fa-binoculars\"></i> Entdecken</div>\r\n<ul class=\"list-unstyled footer-meta-item-list\">\r\n<li><a href=\"/traktor\">Traktoren</a></li>\r\n<li><a href=\"/minibagger\">Minibagger</a></li>\r\n<li><a href=\"/arbeitsbuehnen\">Hebebühnen</a></li>\r\n<li><a href=\"/drehmaschinen\">Drehmaschinen</a></li>\r\n<li><a href=\"/fraesmaschinen\">Fräsmaschinen</a></li>\r\n<li><a href=\"/bagger\">Bagger</a></li>\r\n<li><a href=\"https://trademachines.de/info/weltweit\">Weltweit</a></li>\r\n</ul>\r\n</div>\r\n"},{"id":"9867_de","content":"<div class=\"col-xs-6 col-sm-4 col-md-4 col-lg-3 footer-meta-item\">\r\n<div class=\"footer-meta-title\"><i class=\"law\">§</i> Rechtliches</div>\r\n<ul class=\"list-unstyled footer-meta-item-list\">\r\n<li><a href=\"https://trademachines.de/info/impressum-tm\">Impressum</a></li>\r\n<li><a href=\"https://trademachines.de/info/datenschutz/\">Datenschutz</a></li>\r\n</ul>\r\n<h5 class=\"footer-meta-title\"><i class=\"fa fa-heart\"></i> Für unsere Kunden</h5>\r\n<ul class=\"list-unstyled footer-meta-item-list\">\r\n<li><a href=\"https://my.trademachines.com/#/login\">Login für Verkäufer</a></li>\r\n<li><a href=\"https://trademachines.de/info/agb-kunden\">AGBs für unsere Kunden</a></li>\r\n</ul>\r\n</div>\r\n"},{"id":"25722_de","content":"<div style=\"border-top: 1px solid #cccccc; border-bottom: 1px solid #cccccc; text-align: center; margin-bottom: 50px; padding-top: 10px; padding-bottom: 10px;\">\r\n<p style=\"font-weight: 600\">+++ NEU: Kategoriespezifische Filter +++</p>\r\n<p>Wir verfolgen aufmerksam die Wünsche unsere Kunden. Deshalb haben wir kürzlich kategoriebezogene Filter für Gabelstapler und Flurförderzeuge veröffentlicht. Wir hoffen, es gefällt! <a href=\"//trademachines.de/gabelstapler\">Zu den Filtern!</a></p>\r\n<p style=\"font-weight: 600\">+++ NEU: Kategoriespezifische Filter +++</p>\r\n</div>\r\n<h2 style=\"text-align:center\"><span style=\"font-weight: 400\">Top-Marken für Flurförderzeuge</span></h2>\r\n<ul style=\"list-style: none;padding-bottom: 20px;opacity: 0.4;text-align: center;\">\r\n<li style=\"display: inline-block; padding-left: 5px;\"><a\r\n        href=\"//trademachines.com/manufacturer/manitou?category=forklifts\"><img style=\"height:50px\"\r\n                                                                                      src=\"http://design.manitou.com/assets/im/logos/rect-on-red.png\"\r\n                                                                                      alt=\"Manitou\"/></a></li>\r\n<li style=\"display: inline-block; padding-left: 5px;\"><a\r\n        href=\"//trademachines.com/manufacturer/jungheinrich?category=forklifts\"><img style=\"height:40px\"\r\n                                                                                           src=\"//trademachines.com/assets/media/content/sites/2/2014/04/Jungheinrich-300x59.jpg\"/></a>\r\n    </li>\r\n<li style=\"display: inline-block; padding-left: 5px;\"><a\r\n        href=\"//trademachines.com/manufacturer/kalmar?category=forklifts\"><img style=\"height:30px\"\r\n                                                                                     src=\"https://www.kalmarglobal.com/Static/img/kalmar-logo.png\"/></a>\r\n    </li>\r\n<li style=\"display: inline-block; padding-left: 5px;\"><a\r\n        href=\"//trademachines.com/manufacturer/still?category=forklifts\"><img style=\"height:30px\"\r\n                                                                                    src=\"//trademachines.com/assets/media/content/sites/2/2014/07/STILL-logo--300x104.jpg\"/></a>\r\n    </li>\r\n<li style=\"display: inline-block; padding-left: 5px;\"><a\r\n        href=\"//trademachines.com/manufacturer/caterpillar?category=forklifts\"><img style=\"height:30px\"\r\n                                                                                          src=\"https://www.catlifttruck.com/sites/all/themes/cat/images/cat-lift-trucks-logo.png\"/></a>\r\n    </li>\r\n<li style=\"display: inline-block; padding-left: 5px;\"><a\r\n        href=\"//trademachines.com/manufacturer/hyster?category=forklifts\"><img style=\"height:40px\"\r\n                                                                                     src=\"//trademachines.com/assets/media/content/sites/2/2014/05/hyster-logo.jpg\"/></a>\r\n    </li>\r\n<li style=\"display: inline-block; padding-left: 5px;\"><a\r\n        href=\"//trademachines.com/manufacturer/clark?category=forklifts\"><img style=\"height:30px\"\r\n                                                                                    src=\"//trademachines.com/assets/media/content/sites/2/2014/05/Clark_Logo-300x104.jpg\"/></a>\r\n    </li>\r\n<li style=\"display: inline-block; padding-left: 5px;\"><a\r\n        href=\"//trademachines.com/manufacturer/toyota?category=forklifts\"><img style=\"height:40px\"\r\n                                                                                     src=\"//trademachines.com/assets/media/content/sites/2/2014/05/TOYOTA-300x250.jpg\"/></a>\r\n    </li>\r\n<li style=\"display: inline-block; padding-left: 5px;\"><a\r\n        href=\"//trademachines.com/manufacturer/komatsu?category=forklifts\"><img style=\"height:30px\"\r\n                                                                                      src=\"//trademachines.com/assets/media/content/sites/2/2014/09/Komatsu-company-logo-300x59.jpg\"/></a>\r\n    </li>\r\n<li style=\"display: inline-block; padding-left: 5px;\"><a\r\n        href=\"//trademachines.com/manufacturer/jcb?category=forklifts\"><img style=\"height:40px\"\r\n                                                                                  src=\"//trademachines.com/assets/media/content/sites/2/2014/07/JCB.jpg\"/></a>\r\n    </li>\r\n</ul>\r\n<h2 style=\"text-align: center\"><span style=\"font-weight: 400\">Top-Seller für Flurförderzeuge</span></h2>\r\n<ul style=\"list-style: none;padding-bottom: 20px;opacity: 0.4;text-align: center;\">\r\n<li style=\"display: inline-block; padding-left: 5px;\"><a\r\n        href=\"//trademachines.com/seller/linemedia?category=forklifts\"><img style=\"height:30px\"\r\n                                                                                  src=\"https://dizv3061bgivy.cloudfront.net/images/sellers/autoline.png\"\r\n                                                                                  alt=\"Autoline\"/></a></li>\r\n<li style=\"display: inline-block; padding-left: 5px;\"><a\r\n        href=\"//trademachines.com/seller/capm-europe-sa?category=forklifts\"><img style=\"height:50px\"\r\n                                                                                       src=\"https://www.capmeurope.eu/capm/images/capm-logo.png\"/></a>\r\n    </li>\r\n<li style=\"display: inline-block; padding-left: 5px;\"><a\r\n        href=\"//trademachines.com/seller/middle-east-strategic-advertising?category=forklifts\"><img\r\n        style=\"height:30px\" src=\"https://dizv3061bgivy.cloudfront.net/images/sellers/PlantEquip.png\"/></a></li>\r\n<li style=\"display: inline-block; padding-left: 5px;\"><a\r\n        href=\"//trademachines.com/seller/cheapest-vzvcz?category=forklifts\"><img style=\"height:40px\"\r\n                                                                                       src=\"https://dizv3061bgivy.cloudfront.net/images/sellers/vzvgroup.png\"/></a>\r\n    </li>\r\n<li style=\"display: inline-block; padding-left: 5px;\"><a\r\n        href=\"//trademachines.com/seller/ga-tec-gabelstaplertechnik?category=forklifts\"><img style=\"height:50px\"\r\n                                                                                                   src=\"https://s3.eu-central-1.amazonaws.com/uberall-userpics-prod/1164452/medium_c7cp11AZ3o.png\"/></a>\r\n    </li>\r\n<li style=\"display: inline-block; padding-left: 5px;\"><a\r\n        href=\"//trademachines.com/seller/schneider-industries?category=forklifts\"><img style=\"height:30px\"\r\n                                                                                             src=\"https://www.schneiderind.com/wp-content/themes/2011schneiderind/images/logo.png\"/></a>\r\n    </li>\r\n<li style=\"display: inline-block; padding-left: 5px;\"><a\r\n        href=\"//trademachines.com/seller/euro-auctions?category=forklifts\"><img style=\"height:30px\"\r\n                                                                                      src=\"//trademachines.com/assets/media/content/sites/2/2014/07/Euro-Auctions-logo-300x62.jpg\"/></a>\r\n    </li>\r\n<li style=\"display: inline-block; padding-left: 5px;\"><a\r\n        href=\"//trademachines.com/seller/forklift-pro--inc?category=forklifts\"><img style=\"height:50px\"\r\n                                                                                          src=\"https://dizv3061bgivy.cloudfront.net/images/sellers/theforkliftpro.png\"/></a>\r\n    </li>\r\n<li style=\"display: inline-block; padding-left: 5px;\"><a\r\n        href=\"//trademachines.com/seller/forkliftcenter-bv?category=forklifts\"><img style=\"height:30px\"\r\n                                                                                          src=\"https://www.forkliftcenter.com/images/logo/emaillogo.gif\"/></a>\r\n    </li>\r\n<li style=\"display: inline-block; padding-left: 5px;\"><a\r\n        href=\"//trademachines.com/seller/uniktruck-as?category=forklifts\"><img style=\"height:50px\"\r\n                                                                                     src=\"https://www.uniktruck.com/fileadmin/templates/UnikTruckTemplates/images/UT-Logo.png\"/></a>\r\n    </li>\r\n</ul>\r\n<h2><span style=\"font-weight: 400\">TradeMachines – Größter Bestand an gebrauchten Gabelstaplern</span></h2>\r\n<p><span style=\"font-weight: 400\">TradeMachines bietet eine große Auswahl an Gabelstaplerauktionen und Direktverkäufen auf dem Markt. Hier finden Sie zahlreiche Gabelstapler, die zu wettbewerbsfähigen Preisen angeboten werden. Verwenden Sie Filter auf unserer Website. Sie können die Region (damit Sie Angebote in Ihrer Nähe finden), die Preisklasse, den Hersteller, das Baujahr oder den Verkäufer angeben. Dank der Filter finden Sie ein Fahrzeug, das am besten zu Ihren Bedürfnissen passt und Ihre Investitionskosten senkt.</span>\r\n</p>\r\n<h3><span style=\"font-weight: 400\">Die Welt der Gabelstapler: Neue erweiterte Suchfunktionen</span></h3>\r\n<p><span style=\"font-weight: 400\">Die Gabelstaplerindustrie ist stark segmentiert nach Energieart, Umgebung, Nutzung usw ... Wir verbessern unser Produkt kontinuierlich, um Ihnen die Suche nach Gabelstaplern zu erleichtern. Nutzen Sie unsere neuen erweiterten Suchfunktionen, um in wenigen Sekunden genau das Gabelstapler zu finden, den Sie suchen. </span>\r\n</p>\r\n<h3><span style=\"font-weight: 400\">Was sollte ich wissen, bevor ich einen Gabelstapler auf einer Auktion kaufe?</span><br />\r\n</h3>\r\n<p><span style=\"font-weight: 400\">Eine Gabelstaplerauktion ist eine gute Möglichkeit, Geld bei teuren Maschinen zu sparen. Der Kauf eines gebrauchten, aber gut gewarteten Gabelstaplers ist eine gute und kostengünstige Lösung für Sie und Ihr Unternehmen. Vor dem Kauf des Staplers, gibt es ein paar Dinge, die Sie überprüfen sollten: </span>\r\n</p>\r\n<ul>\r\n<li style=\"font-weight: 400\"><span style=\"font-weight: 400\">Durchschnittspreis eines Modells, für das Sie bieten möchten</span>\r\n    </li>\r\n<li style=\"font-weight: 400\"><span style=\"font-weight: 400\">Der Gesamtzustand des Fahrzeugs</span></li>\r\n<li style=\"font-weight: 400\"><span style=\"font-weight: 400\">Kosten für den Transport</span></li>\r\n<li style=\"font-weight: 400\"><span style=\"font-weight: 400\">Gibt es eine Garantie?</span></li>\r\n<li style=\"font-weight: 400\"><span style=\"font-weight: 400\">Künftige Instandhaltungskosten</span></li>\r\n</ul>\r\n<h3><span style=\"font-weight: 400\">Welche Arten von Gabelstaplern gibt es?</span></h3>\r\n<p><span style=\"font-weight: 400\">Es gibt viele Arten von Gabelstaplern, die für verschiedene Anwendungen entwickelt wurden, von ideal für den Außenbereich bis hin zur Optimierung für schwere Lasten. Lesen Sie mehr über </span><a\r\n    href=\"//trademachines.de/gelaendestapler\"><span style=\"font-weight: 400\">Geländegabelstapler</span></a><span\r\n    style=\"font-weight: 400\">, </span><a href=\"//trademachines.de/teleskopstapler\"><span style=\"font-weight: 400\">Teleskopstapler</span></a></span\r\n    style=\"font-weight: 400\">, </span><a href=\"//trademachines.de/schlepper\"><span style=\"font-weight: 400\">Schlepper</span></a><span\r\n        style=\"font-weight: 400\"> oder </span><a href=\"//trademachines.de/handhubwagen-3\"><span\r\n        style=\"font-weight: 400\">Handhubwagen</span></a>.</p>\r\n<p><span style=\"font-weight: 400\">Gabelstapler können auch auf verschiedene Weise angetrieben werden. Elektrostapler sind umweltfreundlich und emissionsfrei. Dieselstapler sind ideal für den Außeneinsatz, während LPG betriebene Gabelstapler aufgrund ihrer wettbewerbsfähigen Preise sehr beliebt sind.</span>\r\n</p>\r\n<p><span style=\"font-weight: 400\">Gabelstapler können sich auch durch Zubehör, Anbaugeräte oder Erweiterungen voneinander unterscheiden, was die Vielseitigkeit, Tragfähigkeit und Gesamtleistung der Ausrüstung erhöht.</span>\r\n</p>\r\n<h3><span style=\"font-weight: 400\">Welche sind die besten Gabelstaplerhersteller?</span></h3>\r\n<p>\r\n    <span style=\"font-weight: 400\">Der weltgrößte Gabelstaplerhersteller ist </span><br />\r\n    <i><span style=\"font-weight: 400\">Toyota</span></i>.<br />\r\n    <span style=\"font-weight: 400\">Es gibt jedoch viele weitere renommierte Hersteller, die zuverlässige und robuste Maschinen herstellen. Unter ihnen gibt es: </span><br />\r\n        <i><span style=\"font-weight: 400\">JCB</span></i>,<br />\r\n        <i><span style=\"font-weight: 400\">Jungheinrich</span></i>,<br />\r\n        <i><span style=\"font-weight: 400\">KOMATSU</span></i>,<br />\r\n        <i><span style=\"font-weight: 400\">Nissan</span></i>,<br />\r\n        <i><span style=\"font-weight: 400\">JLG</span></i>,<br />\r\n        <i><span style=\"font-weight: 400\">Linde</span></i>,<br />\r\n        <i><span style=\"font-weight: 400\">Mitsubishi</span></i>,<br />\r\n        <i><span style=\"font-weight: 400\">Kalmar</span></i> oder<br />\r\n        <i><span style=\"font-weight: 400\">Crown</span></i>.</p>\r\n"},{"id":"27311_de","content":"<p><span style=\"font-weight: 400;\">Wenn Sie schon einmal gebrauchte Maschinen gekauft oder verkauft haben, haben Sie wahrscheinlich um einen fairen Preis gerungen. </span></p>\r\n<p><span style=\"font-weight: 400;\">Wenn Ihr Preis im Vergleich zu dem, was andere Händler oder Auktionshäuser anbieten, zu hoch ist, werden Sie die Kundschaft vergraulen. Ist der Preis jedoch zu niedrig, könnte es wie ein Betrug aussehen. Preise sind ein Maß für den geschätzten Wert einer Ware, daher sollten Sie sie richtig ansetzen!</span></p>\r\n<h2><span style=\"font-weight: 400;\">Machine Price Checker: datengesteuertes Bewertungstool</span></h2>\r\n<p><span style=\"font-weight: 400;\">In unserer Mission, den Gebrauchtmaschinenmarkt transparenter zu machen, ist unser Maschinenpreis-Checker ein wichtiges Instrument. In den letzten 10 Jahren wurden internationale Daten wie Preise und Maschinenmerkmale von über 20 Millionen Maschinen gesammelt, was unser Tool zu einer zuverlässigen Informationsquelle macht. Als Ergebnis haben wir jetzt eine Preisschätzung für mehr als 35.000 Maschinen zur Verfügung.</span></p>\r\n<p><span style=\"font-weight: 400;\"> </span><span style=\"font-weight: 400;\">Die Ermittlung des optimalen und fairen Preises auf der Grundlage datengestützter Überlegungen ist ein großer Vorteil für Käufer und Verkäufer von Gebrauchtmaschinen. Das Ziel unseres Tools ist es, Ihnen zu helfen, den Wert der Gebrauchtmaschinen, die Sie verkaufen oder kaufen möchten, schneller und besser einzuschätzen. </span></p>\r\n<h3><span style=\"font-weight: 400;\">Wie funktioniert unser Preisbewertungs-Tool?</span></h3>\r\n<p><span style=\"font-weight: 400;\">Der Preis-Checker ist wirklich intuitiv zu bedienen: Geben Sie einfach den Namen des Herstellers und das Modell in das entsprechende Feld oben auf der Seite ein. Sie erhalten dann sofort einen Durchschnittspreis auf der Website angezeigt. </span></p>\r\n<p><img class=\"aligncenter\" data-src=\"https://dizv3061bgivy.cloudfront.net/tm/banners/trademachines/machine-value-info.png\" alt=\"Wie funktioniert unser Preisbewertungs-Tool?\" width=\"903\" height=\"211\" /></p>\r\n<p><span style=\"font-weight: 400;\">Darüber hinaus geben wir Ihnen einige Einblicke in den Artikel und die Faktoren, die bei der Bewertung berücksichtigt wurden: Baujahr, Standort und die Anzahl der Artikel, auf die sich die Schätzung bezieht.</span></p>\r\n<p><span style=\"font-weight: 400;\">Wenn Sie einen weiteren Blick auf unsere Angebote für den gewünschten Artikel werfen möchten, können Sie sich gerne unseren Katalog ansehen, der einfach unterhalb der Maschinenpreisschätzung angezeigt wird.</span></p>\r\n<h3><span style=\"font-weight: 400;\">Wie benutzt man das Preisschätzungs-Tool für Gebrauchtmaschinen?</span></h3>\r\n<p><span style=\"font-weight: 400;\">Der Maschinenpreis-Checker muss in Verbindung mit detaillierten Recherchen verwendet werden. Er gibt Ihnen einen guten Ausgangspunkt, um den optimalen Verkaufspreis zu finden, allerdings werden eine Reihe anderer Faktoren nicht berücksichtigt, wie z.B. der Zustand der Maschine. </span></p>\r\n<p><span style=\"font-weight: 400;\">Recherchieren Sie immer weiter, indem Sie ähnliche Angebote in unserer Suchmaschine durchsuchen, um abzuschätzen, wie viel Sie bereit sind, in Ihre gebrauchten Maschinen zu investieren. </span></p>\r\n<p><span style=\"font-weight: 400;\">Den richtigen Preis für eine gebrauchte Maschine zu finden, erfordert ein hohes Maß an Erfahrung in der Branche, ganz zu schweigen von dem Wissen, wie eine bestimmte Maschine funktioniert und welche Faktoren ihren Wert mindern. Unsere Technologie ersetzt nicht die Bewertung durch Experten auf diesem Gebiet.</span></p>\r\n<p><span style=\"font-weight: 400;\">Wenn Sie <a href=\"https://trademachines.com/info/how-to-price-used-machinery/\" target=\"_blank\" rel=\"noopener noreferrer\">mehr über die Faktoren</a> wissen wollen, die den Preis einer Maschine beeinflussen, lesen Sie unseren Leitfaden. </span><br /><br /></p>"},{"id":"2_de","content":"<style>\r\ntable img {<br />    width:8em;<br />}<br />.center {<br />    text-align:center;<br />}<br /></style>\r\n<p style=\"text-align: center; max-width: 60%; height: auto; padding: 0.5em; margin: 0 auto;\"><a href=\"https://trademachines.de/info/verkaufen/?src=bannerstartpageDE\" target=\"blank;\"><img data-src=\"https://dizv3061bgivy.cloudfront.net/tm/banners/trademachines/TM_verkaufen.jpg\" /></a></p>\r\n<h2 class=\"center\">Top Händler! Top Hersteller!</h2>\r\n<table style=\"margin: 0px auto; opacity: 0.3;\">\r\n<tbody>\r\n<tr>\r\n<td><a href=\"//trademachines.de/anbieter/ivg\" rel=\"nofollow\"><img style=\"width: 90%;\" data-src=\"https://trademachines.de/info/wp-content/uploads/sites/2/2022/06/Daily-Alerts-1.png\" /></a></td>\r\n<td><a href=\"//trademachines.de/anbieter/ritchie-bros\"><img style=\"width: 90%;\" data-src=\"/assets/media/content/sites/2/2014/10/Ritchie.jpg\" /></a></td>\r\n<td><a href=\"//trademachines.de/anbieter/zeppelin-caterpillar\"><img style=\"width: 90%;\" data-src=\"/assets/media/content/sites/2/2014/10/zeppelin_cat.jpg\" /></a></td>\r\n<td><a href=\"//trademachines.de/anbieter/surplex\"><img style=\"width: 90%;\" data-src=\"/assets/media/content/sites/2/2014/10/Surplex.jpg\" /></a></td>\r\n<td><a href=\"//trademachines.de/anbieter/apex-auctions\"><img style=\"width: 90%;\" data-src=\"/assets/media/content/sites/2/2014/10/Webp.net-resizeimage.jpg\" /></a></td>\r\n<td><a href=\"//trademachines.de/anbieter/aurena-gmbh\"><img style=\"width: 90%;\" data-src=\"/assets/media/content/sites/3/2021/01/logo_aurena_StartPage_kleiner.jpg\" /></a></td>\r\n<td><a href=\"//trademachines.de/anbieter/perfection-global\"><img style=\"width: 90%;\" data-src=\"/assets/media/content/sites/2/2014/10/perfection.jpg\" /></a></td>\r\n<td><a href=\"//trademachines.de/anbieter/troostwijk\"><img style=\"width: 90%;\" data-src=\"/assets/media/content/sites/2/2014/10/Troostwjik.jpg\" /></a></td>\r\n<td><a href=\"//trademachines.de/anbieter/ex-factory\"><img style=\"width: 90%;\" data-src=\"/assets/media/content/sites/2/2014/10/ex-factory.jpg\" /></a></td>\r\n<td><a href=\"https://www.proventura.de\" rel=\"nofollow\"><img style=\"width: 90%;\" data-src=\"/assets/media/content/sites/3/2020/10/Proventura.gif\" /></a></td>\r\n</tr>\r\n<tr>\r\n<td><a href=\"//trademachines.de/hersteller/john-deere\"><img style=\"width: 90%;\" data-src=\"/assets/media/content/sites/2/2014/10/JohnDeere2.jpg\" /></a></td>\r\n<td><a href=\"//trademachines.de/hersteller/claas\"><img style=\"width: 90%;\" data-src=\"/assets/media/content/sites/2/2014/10/Claas.jpg\" /></a></td>\r\n<td><a href=\"//trademachines.de/hersteller/caterpillar\"><img style=\"width: 90%;\" data-src=\"/assets/media/content/sites/2/2014/10/CAT.jpg\" /></a></td>\r\n<td><a href=\"//trademachines.de/hersteller/jcb\"><img style=\"width: 90%;\" data-src=\"/assets/media/content/sites/2/2014/10/JCB.jpg\" /></a></td>\r\n<td><a href=\"//trademachines.de/hersteller/komatsu\"><img style=\"width: 90%;\" data-src=\"/assets/media/content/sites/2/2014/10/komatsu.jpg\" /></a></td>\r\n<td><a href=\"//trademachines.de/anbieter/industrial-auctions\"><img style=\"width: 90%;\" data-src=\"/assets/media/content/sites/2/2014/10/IA.jpg\" /></a></td>\r\n<td><a href=\"//trademachines.de/hersteller/mazak\"><img style=\"width: 90%;\" data-src=\"/assets/media/content/sites/2/2014/10/mazak.jpg\" /></a></td>\r\n<td><a href=\"//trademachines.de/hersteller/dmg-mori\"><img style=\"width: 90%;\" data-src=\"/assets/media/content/sites/3/2018/02/rsz_logo_dmg_mori_black.jpg\" /></a></td>\r\n<td><a href=\"//trademachines.de/hersteller/kuka\"><img style=\"width: 90%;\" data-src=\"/assets/media/content/sites/2/2014/10/kuka.jpg\" /></a></td>\r\n<td><a href=\"//trademachines.de/hersteller/homag\"><img style=\"width: 90%;\" data-src=\"/assets/media/content/sites/2/2014/10/homag.jpg\" /></a></td>\r\n</tr>\r\n</tbody>\r\n</table>\r\n<h2>Gebrauchtmaschinen auf TradeMachines kaufen</h2>\r\n<p>TradeMachines, die Suchmaschine für <strong>Gebrauchtmaschinen</strong>, dient der effektiven Zusammenführung von Anbietern und Käufern. <strong>Gebrauchtmaschinen</strong> sind die lohnenswerte Alternative zu den teuren Neukäufen. Da TradeMachines die Angebote international renommierter Industrieauktionatoren und Maschinenhändler listet, lässt sich die passende <strong>Maschinen</strong> schnell finden.</p>\r\n<h2>Marktplatz für gebrauchte Maschinen (Kauf und Verkauf)</h2>\r\n<p>Im Fokus von TradeMachines stehen neben online Auktionen gebrauchter Maschinen, Anlagen, Geräte, Geschäftseinrichtungen und anderer beweglicher Güter der Industrie ebenfalls Sofortkäufe. Viele dieser Maschinen stammen aus <strong>Insolvenzauktionen</strong>.</p>\r\n<p>Die <strong>Online Versteigerungen</strong> und weiteren Verkäufe der <strong>gebrauchten Maschinen</strong> werden von TradeMachines gebündelt präsentiert. Die Online Auktionshäuser und Händler führen ihre Aktivitäten bei TradeMachines zusammen, sodass die unterschiedlichsten Verwertungen in den großen Pool an Angeboten einfließen.</p>\r\n<p>Mit dem Zugriff auf die Plattformen von TradeMachines können die potenziellen Käufer sämtliche anstehenden <strong>Online Auktionen zu Gebrauchtmaschinen</strong>, schnell vergleichen. Der Rechercheaufwand reduziert sich somit erheblich, denn bei Interesse gelangen die Kunden direkt zur <strong>Online Versteigerung</strong>. Dort werden sowohl die Käufer als auch die Verkäufer mit nützlichen Hinweisen zum Ablauf, zu den Auktionshäusern, zu den Maschinenherstellern und mit verschiedenen weiteren Informationen unterstützt.</p>\r\n<h3>Industrieauktionen – Die Chance auf Schnäppchen bei Gebrauchtmaschinen</h3>\r\n<p><strong>Industrieauktionen</strong> werden bevorzugt mit Insolvenzmassen und deren Verwertung im Auftrag von Banken, Leasinggesellschaften oder anderen Gläubigern in Verbindung gebracht. Wenn zum Beispiel eine Betriebsschließung oder eine Umstrukturierung oder ein Abbau von Material- und Warenbeständen ansteht, können sich TradeMachines' Nutzer oft auf echte Schnäppchen freuen und sehr <strong>günstig eine gebrauchte Maschine kaufen</strong>. Die Maschinen werden dann in Industrieauktionen versteigert. Wöchentlich werden tausende neue Maschinen aus der Industrie in Auktionen bei TradeMachines gelistet. Denn auch der <strong>Verkauf von Gebrauchtmaschinen</strong> ist sehr lukrativ, da sich so schon ein Startkapital für den Ersatz der verkauften Maschinen verdienen lässt.</p>\r\n<p>Nutzer aus aller Welt schalten sich regelmäßig in die Online Auktionen auf TradeMachines ein und bieten auf ausgestellte <strong>Maschinen</strong>, um eine für sie passende <strong>Maschine gebraucht zu kaufen</strong>.</p>\r\n<p>Ein Blick auf den <strong>Gebrauchtmarkt für Maschinen</strong> lohnt sich also immer.</p>\r\n<table class=\" aligncenter\" style=\"width: 100%; height: 140px; margin-top: 50px;\" cellspacing=\"10\">\r\n<tbody>\r\n<tr>\r\n<th>Beliebte Produkte</th>\r\n<th> </th>\r\n<th>Beliebte Produkte</th>\r\n<th> </th>\r\n</tr>\r\n<tr>\r\n<td>\r\n<p><a href=\"//trademachines.de/dodge/ram3500\">DODGE RAM 3500</a><br /> <a href=\"//trademachines.de/flott/tb13\">FLOTT TB 13</a><br /> <a href=\"//trademachines.de/hummer/h1\">HUMMER H1</a><br /> <a href=\"//trademachines.de/fendt/favorit\">FENDT FAVORIT</a><br /> <a href=\"//trademachines.de/mercedesbenz/vito\">MERCEDES-BENZ VITO</a></p>\r\n</td>\r\n<td>\r\n<p><a href=\"//trademachines.de/ford/explorer\">FORD EXPLORER</a><br /> <a href=\"//trademachines.de/john-deere/7930\">JOHN DEERE 7930</a><br /> <a href=\"//trademachines.de/fendt/1050vario\">FENDT 1050 VARIO</a><br /> <a href=\"//trademachines.de/arbos/p5115\">ARBOS P5115</a><br /> <a href=\"//trademachines.de/mercedesbenz/814\">MERCEDES-BENZ 814</a></p>\r\n</td>\r\n<td>\r\n<p><a href=\"//trademachines.de/iveco/daily\">IVECO DAILY</a><br /> <a href=\"//trademachines.de/scania/r450\">SCANIA R450</a><br /> <a href=\"//trademachines.de/ford/2000\">FORD 2000</a><br /> <a href=\"//trademachines.de/kramer/kl300\">KRAMER KL300</a><br /> <a href=\"//trademachines.de/fendt/280\">FENDT 280</a></p>\r\n</td>\r\n<td>\r\n<p><a href=\"//trademachines.de/fendt/926vario\">FENDT 926 VARIO</a><br /> <a href=\"//trademachines.de/fendt/309c\">FENDT 309 C</a><br /> <a href=\"//trademachines.de/multicar/m26\">MULTICAR M26</a><br /> <a href=\"//trademachines.de/antonio-carraro/ttr4400ii\">ANTONIO CARRARO TTR 4400 II</a><br /> <a href=\"//trademachines.de/land-rover/defender\">LAND ROVER DEFENDER</a></p>\r\n</td>\r\n</tr>\r\n</tbody>\r\n</table>\r\n<p style=\"text-align: center; max-width: 50%; height: auto; padding: 0.5em; margin: 0 auto;\"><img style=\"padding-bottom: 30px; max-width: 600px; margin: 0 auto;\" data-src=\"https://dizv3061bgivy.cloudfront.net/tm/banners/trademachines/tm_seals.png\" /></p>\r\n"},{"id":"3732_de","content":"<ul class=\"nav pull-left\">\r\n<li><a href=\"/info/\"> Blog</a></li>\r\n</ul>\r\n"}]