[{"id":"1727_es","content":""},{"id":"1664_es","content":""},{"id":"1788_es","content":""},{"id":"1973_es","content":""},{"id":"1794_es","content":""},{"id":"31_es","content":""},{"id":"117_es","content":""},{"id":"88_es","content":""},{"id":"96_es","content":""},{"id":"93_es","content":""},{"id":"98_es","content":""},{"id":"92_es","content":""},{"id":"86_es","content":""},{"id":"115_es","content":""},{"id":"90_es","content":""},{"id":"132_es","content":""},{"id":"131_es","content":""},{"id":"120_es","content":""},{"id":"139_es","content":""},{"id":"130_es","content":""},{"id":"123_es","content":""},{"id":"121_es","content":""},{"id":"134_es","content":""},{"id":"127_es","content":""},{"id":"181_es","content":""},{"id":"194_es","content":""},{"id":"1999_es","content":""},{"id":"45_es","content":""},{"id":"49_es","content":""},{"id":"50_es","content":""},{"id":"40_es","content":""},{"id":"58_es","content":""},{"id":"51_es","content":""},{"id":"52_es","content":""},{"id":"56_es","content":""},{"id":"54_es","content":""},{"id":"152_es","content":""},{"id":"155_es","content":""},{"id":"140_es","content":""},{"id":"148_es","content":""},{"id":"151_es","content":""},{"id":"144_es","content":""},{"id":"150_es","content":""},{"id":"149_es","content":""},{"id":"145_es","content":""},{"id":"62_es","content":""},{"id":"66_es","content":""},{"id":"74_es","content":""},{"id":"67_es","content":""},{"id":"68_es","content":""},{"id":"63_es","content":""},{"id":"79_es","content":""},{"id":"71_es","content":""},{"id":"83_es","content":""},{"id":"157_es","content":""},{"id":"172_es","content":""},{"id":"167_es","content":"<h2>About PS Onlineauktioner AB</h2>\n<p>The Swedish auction house <strong>PS Onlineauktioner </strong>has its headquarters in Svenljunga and presents itself as a modern company with a <strong>broad range of services</strong>. Clients from various industries can readily turn to the auction house at numerous branches all over Sweden and expect efficient liquidations that usually take around three weeks.</p>\n<h2>Sound experience with appraisals and liquidations</h2>\n<p>For the past 50 years, <strong>PS Online Auktioner</strong> has dealt with <strong>professional liquidations of used machines, plants, business and office equipment as well as vehicles</strong> for bankruptcy trustees, escrow agents, banks, leasing companies, public authorities and companies. The foundation of any successful liquidation are appraisals in conformity with the markets. The appraisals are either prepared in advance by the clients or by competent and certified experts of the auction house <strong>PS AB</strong>. Appraisals are prepared according to different criteria, depending on the kind of liquidation required. The creation of inventories within the framework of an insolvency can be one kind of liquidation and appraisals of machines and plants from various industries, such as forestry, secondary industry, agriculture and many other industries can be another kind of liquidation. <strong>Pettersson &amp; Son</strong> develops direct contact with the clients at the location of the client and also works with numerous appraisers from the Swedish chamber of commerce. In this regard, it is of particular importance to the auction house to personally ensure excellent service to all clients, which in turn contributes to a long list of respectable references, such as Gallerix or ESAB.</p>\n<h2>Online since 2006</h2>\n<p>Apart from traditional auctions, <strong>PS Onlineauktioner AB</strong> also runs an <strong>online platform</strong>&nbsp;<strong>on psonlineauktioner.se</strong> since 2006. The purpose is to provide even more efficient liquidations of used machines and plants. Online auctions always take place on Thursdays and can be used by commercial as well as private buyers. Well defined and transparent terms and conditions allow potential users to quickly know their way around and after a registration on the platform they receive access to all current offers. With a special liaison for financing and leasing, <strong>PSOnlineauktioner</strong> tops off its range of services and provides <strong>national and international support in transport and logistics</strong>.</p>\n<h5>Similar Auction Houses</h5>\n<div class=\"panel panel-default panel-body\">\n<div class=\"row\">\n<div class=\"col-xs-6 col-sm-3\"><a href=\"//trademachines.com/seller/retrade\">RETRADE</a></div>\n<div class=\"col-xs-6 col-sm-3\"><a href=\"//trademachines.com/seller/bis-auktion\">BIS AUKTION</a></div>\n<div class=\"col-xs-6 col-sm-3\"><a href=\"//trademachines.com/seller/es-group\">ES GROUP</a></div>\n<div class=\"col-xs-6 col-sm-3\"><a href=\"//trademachines.com/seller/kvd-auctions\">KVARNDAMMEN</a></div>\n</div>\n</div>"},{"id":"163_es","content":""},{"id":"160_es","content":""},{"id":"159_es","content":""},{"id":"175_es","content":""},{"id":"177_es","content":""},{"id":"174_es","content":""},{"id":"26_es","content":""},{"id":"21_es","content":""},{"id":"10_es","content":""},{"id":"17_es","content":""},{"id":"23_es","content":""},{"id":"11_es","content":""},{"id":"6_es","content":""},{"id":"5454_es","content":""},{"id":"5413_es","content":""},{"id":"5415_es","content":""},{"id":"5414_es","content":""},{"id":"5411_es","content":""},{"id":"5427_es","content":""},{"id":"5394_es","content":""},{"id":"5399_es","content":""},{"id":"5417_es","content":""},{"id":"6175_es","content":""},{"id":"6183_es","content":""},{"id":"6158_es","content":""},{"id":"6170_es","content":""},{"id":"6155_es","content":""},{"id":"6609_es","content":""},{"id":"6619_es","content":""},{"id":"6620_es","content":""},{"id":"6600_es","content":""},{"id":"6625_es","content":""},{"id":"6629_es","content":""},{"id":"6627_es","content":""},{"id":"6631_es","content":""},{"id":"6617_es","content":""},{"id":"6751_es","content":""},{"id":"6767_es","content":""},{"id":"6765_es","content":""},{"id":"6775_es","content":""},{"id":"6744_es","content":""},{"id":"6730_es","content":""},{"id":"6698_es","content":""},{"id":"6722_es","content":""},{"id":"6726_es","content":""},{"id":"6982_es","content":""},{"id":"6985_es","content":""},{"id":"6989_es","content":""},{"id":"6973_es","content":""},{"id":"6957_es","content":""},{"id":"6961_es","content":""},{"id":"6959_es","content":""},{"id":"4032_es","content":""},{"id":"4013_es","content":""},{"id":"4040_es","content":""},{"id":"4008_es","content":""},{"id":"4011_es","content":""},{"id":"4056_es","content":""},{"id":"4238_es","content":""},{"id":"4222_es","content":""},{"id":"4179_es","content":""},{"id":"4166_es","content":""},{"id":"4271_es","content":""},{"id":"4167_es","content":""},{"id":"4248_es","content":""},{"id":"4253_es","content":""},{"id":"4181_es","content":""},{"id":"4476_es","content":""},{"id":"4474_es","content":""},{"id":"4514_es","content":""},{"id":"4581_es","content":""},{"id":"4513_es","content":""},{"id":"4531_es","content":""},{"id":"4517_es","content":""},{"id":"4484_es","content":""},{"id":"4519_es","content":""},{"id":"4735_es","content":""},{"id":"4744_es","content":""},{"id":"4716_es","content":""},{"id":"4793_es","content":""},{"id":"4805_es","content":""},{"id":"4678_es","content":""},{"id":"4779_es","content":""},{"id":"4798_es","content":""},{"id":"4795_es","content":""},{"id":"4890_es","content":""},{"id":"4895_es","content":""},{"id":"4887_es","content":""},{"id":"4904_es","content":""},{"id":"4939_es","content":""},{"id":"5025_es","content":""},{"id":"4923_es","content":""},{"id":"5022_es","content":""},{"id":"4908_es","content":""},{"id":"4996_es","content":""},{"id":"4947_es","content":""},{"id":"5002_es","content":""},{"id":"5111_es","content":""},{"id":"5115_es","content":""},{"id":"5113_es","content":""},{"id":"5117_es","content":""},{"id":"5171_es","content":""},{"id":"5123_es","content":""},{"id":"5156_es","content":""},{"id":"5109_es","content":""},{"id":"5153_es","content":""},{"id":"5351_es","content":""},{"id":"5346_es","content":""},{"id":"5304_es","content":""},{"id":"5347_es","content":""},{"id":"5335_es","content":""},{"id":"5381_es","content":""},{"id":"5338_es","content":""},{"id":"5298_es","content":""},{"id":"5333_es","content":""},{"id":"5628_es","content":""},{"id":"5620_es","content":""},{"id":"5634_es","content":""},{"id":"5641_es","content":""},{"id":"5729_es","content":""},{"id":"5768_es","content":""},{"id":"5755_es","content":""},{"id":"5777_es","content":""},{"id":"5731_es","content":""},{"id":"6199_es","content":""},{"id":"6213_es","content":""},{"id":"6248_es","content":""},{"id":"6207_es","content":""},{"id":"6201_es","content":""},{"id":"6215_es","content":""},{"id":"6224_es","content":""},{"id":"6250_es","content":""},{"id":"6203_es","content":""},{"id":"6377_es","content":""},{"id":"6373_es","content":""},{"id":"6355_es","content":""},{"id":"6362_es","content":""},{"id":"6359_es","content":""},{"id":"6350_es","content":""},{"id":"6357_es","content":""},{"id":"6365_es","content":""},{"id":"6352_es","content":""},{"id":"6448_es","content":""},{"id":"6452_es","content":""},{"id":"6451_es","content":""},{"id":"6453_es","content":""},{"id":"6446_es","content":""},{"id":"6450_es","content":""},{"id":"6449_es","content":""},{"id":"6454_es","content":""},{"id":"6447_es","content":""},{"id":"6494_es","content":""},{"id":"6466_es","content":""},{"id":"6464_es","content":""},{"id":"6465_es","content":""},{"id":"6468_es","content":""},{"id":"6490_es","content":""},{"id":"6467_es","content":""},{"id":"6498_es","content":""},{"id":"6473_es","content":""},{"id":"6688_es","content":""},{"id":"6635_es","content":""},{"id":"6651_es","content":""},{"id":"6646_es","content":""},{"id":"6648_es","content":""},{"id":"6638_es","content":""},{"id":"6636_es","content":""},{"id":"6647_es","content":""},{"id":"6662_es","content":""},{"id":"6888_es","content":""},{"id":"6890_es","content":""},{"id":"6899_es","content":""},{"id":"6897_es","content":""},{"id":"6880_es","content":""},{"id":"6910_es","content":""},{"id":"6908_es","content":""},{"id":"6912_es","content":""},{"id":"6914_es","content":""},{"id":"6938_es","content":""},{"id":"6945_es","content":""},{"id":"6923_es","content":""},{"id":"6932_es","content":""},{"id":"6925_es","content":""},{"id":"6928_es","content":""},{"id":"6940_es","content":""},{"id":"6942_es","content":""},{"id":"6916_es","content":""},{"id":"4160_es","content":""},{"id":"4141_es","content":""},{"id":"4101_es","content":""},{"id":"4136_es","content":""},{"id":"4105_es","content":""},{"id":"4118_es","content":""},{"id":"4114_es","content":""},{"id":"4128_es","content":""},{"id":"4089_es","content":""},{"id":"4380_es","content":""},{"id":"4406_es","content":""},{"id":"4397_es","content":""},{"id":"4444_es","content":""},{"id":"4469_es","content":""},{"id":"4452_es","content":""},{"id":"4374_es","content":""},{"id":"4430_es","content":""},{"id":"4280_es","content":""},{"id":"4621_es","content":""},{"id":"4647_es","content":""},{"id":"4652_es","content":""},{"id":"4605_es","content":""},{"id":"4666_es","content":""},{"id":"4625_es","content":""},{"id":"4643_es","content":""},{"id":"4583_es","content":""},{"id":"4659_es","content":""},{"id":"4829_es","content":""},{"id":"4824_es","content":""},{"id":"4819_es","content":""},{"id":"5041_es","content":""},{"id":"5056_es","content":""},{"id":"5079_es","content":""},{"id":"5051_es","content":""},{"id":"5058_es","content":""},{"id":"5102_es","content":""},{"id":"5107_es","content":""},{"id":"5081_es","content":""},{"id":"5065_es","content":""},{"id":"5219_es","content":""},{"id":"5173_es","content":""},{"id":"5281_es","content":""},{"id":"5251_es","content":""},{"id":"5277_es","content":""},{"id":"5250_es","content":""},{"id":"5243_es","content":""},{"id":"5178_es","content":""},{"id":"5204_es","content":""},{"id":"5616_es","content":""},{"id":"5611_es","content":""},{"id":"5619_es","content":""},{"id":"5618_es","content":""},{"id":"5511_es","content":""},{"id":"5510_es","content":""},{"id":"5505_es","content":""},{"id":"5530_es","content":""},{"id":"5472_es","content":""},{"id":"5824_es","content":""},{"id":"5842_es","content":""},{"id":"5838_es","content":""},{"id":"5863_es","content":""},{"id":"5836_es","content":""},{"id":"5869_es","content":""},{"id":"5855_es","content":""},{"id":"5816_es","content":""},{"id":"5851_es","content":""},{"id":"6266_es","content":""},{"id":"6259_es","content":""},{"id":"6277_es","content":""},{"id":"6293_es","content":""},{"id":"6313_es","content":""},{"id":"6263_es","content":""},{"id":"6299_es","content":""},{"id":"6261_es","content":""},{"id":"6329_es","content":""},{"id":"6336_es","content":""},{"id":"6343_es","content":""},{"id":"6338_es","content":""},{"id":"6345_es","content":""},{"id":"6331_es","content":""},{"id":"6335_es","content":""},{"id":"6341_es","content":""},{"id":"6347_es","content":""},{"id":"6333_es","content":""},{"id":"6380_es","content":""},{"id":"6403_es","content":""},{"id":"6429_es","content":""},{"id":"6444_es","content":""},{"id":"6445_es","content":""},{"id":"6440_es","content":""},{"id":"6399_es","content":""},{"id":"6404_es","content":""},{"id":"6387_es","content":""},{"id":"6456_es","content":""},{"id":"6463_es","content":""},{"id":"6457_es","content":""},{"id":"6458_es","content":""},{"id":"6459_es","content":""},{"id":"6455_es","content":""},{"id":"6460_es","content":""},{"id":"6462_es","content":""},{"id":"6461_es","content":""},{"id":"6552_es","content":""},{"id":"6514_es","content":""},{"id":"6562_es","content":""},{"id":"6508_es","content":""},{"id":"6539_es","content":""},{"id":"6546_es","content":""},{"id":"6584_es","content":""},{"id":"6576_es","content":""},{"id":"6583_es","content":""},{"id":"6805_es","content":""},{"id":"6868_es","content":""},{"id":"6815_es","content":""},{"id":"6872_es","content":""},{"id":"6782_es","content":""},{"id":"6789_es","content":""},{"id":"6862_es","content":""},{"id":"6876_es","content":""},{"id":"6878_es","content":""},{"id":"204_es","content":""},{"id":"205_es","content":""},{"id":"233_es","content":""},{"id":"228_es","content":""},{"id":"246_es","content":""},{"id":"223_es","content":""},{"id":"221_es","content":""},{"id":"216_es","content":""},{"id":"239_es","content":""},{"id":"245_es","content":""},{"id":"225_es","content":""},{"id":"253_es","content":""},{"id":"248_es","content":""},{"id":"258_es","content":""},{"id":"254_es","content":""},{"id":"259_es","content":""},{"id":"264_es","content":""},{"id":"256_es","content":""},{"id":"249_es","content":""},{"id":"250_es","content":""},{"id":"324_es","content":""},{"id":"269_es","content":""},{"id":"302_es","content":""},{"id":"266_es","content":""},{"id":"268_es","content":""},{"id":"321_es","content":""},{"id":"290_es","content":""},{"id":"306_es","content":""},{"id":"277_es","content":""},{"id":"2130_es","content":""},{"id":"2095_es","content":""},{"id":"2141_es","content":""},{"id":"2131_es","content":""},{"id":"2108_es","content":""},{"id":"2122_es","content":""},{"id":"2137_es","content":""},{"id":"2107_es","content":""},{"id":"2128_es","content":""},{"id":"2463_es","content":""},{"id":"2453_es","content":""},{"id":"2450_es","content":""},{"id":"2438_es","content":""},{"id":"2439_es","content":""},{"id":"2426_es","content":""},{"id":"2412_es","content":""},{"id":"2445_es","content":""},{"id":"2423_es","content":""},{"id":"2662_es","content":""},{"id":"2655_es","content":""},{"id":"2632_es","content":""},{"id":"2596_es","content":""},{"id":"2630_es","content":""},{"id":"2599_es","content":""},{"id":"2647_es","content":""},{"id":"2659_es","content":""},{"id":"2598_es","content":""},{"id":"2827_es","content":""},{"id":"2895_es","content":""},{"id":"2949_es","content":""},{"id":"2891_es","content":""},{"id":"2826_es","content":""},{"id":"2836_es","content":""},{"id":"2926_es","content":""},{"id":"2857_es","content":""},{"id":"2934_es","content":""},{"id":"7852_es","content":""},{"id":"7859_es","content":""},{"id":"8169_es","content":""},{"id":"7849_es","content":""},{"id":"7889_es","content":""},{"id":"7895_es","content":""},{"id":"7899_es","content":""},{"id":"7884_es","content":""},{"id":"7839_es","content":""},{"id":"8305_es","content":""},{"id":"8338_es","content":""},{"id":"8373_es","content":""},{"id":"8364_es","content":""},{"id":"8354_es","content":""},{"id":"8340_es","content":""},{"id":"8391_es","content":""},{"id":"8294_es","content":""},{"id":"8318_es","content":""},{"id":"8625_es","content":""},{"id":"8631_es","content":""},{"id":"8629_es","content":""},{"id":"8644_es","content":""},{"id":"8646_es","content":""},{"id":"8620_es","content":""},{"id":"8650_es","content":""},{"id":"8617_es","content":""},{"id":"8634_es","content":""},{"id":"8702_es","content":""},{"id":"8710_es","content":""},{"id":"8694_es","content":""},{"id":"8700_es","content":""},{"id":"8706_es","content":""},{"id":"8708_es","content":""},{"id":"8692_es","content":""},{"id":"8698_es","content":""},{"id":"8696_es","content":""},{"id":"8774_es","content":""},{"id":"8766_es","content":""},{"id":"8772_es","content":""},{"id":"8764_es","content":""},{"id":"8786_es","content":""},{"id":"8770_es","content":""},{"id":"8776_es","content":""},{"id":"8778_es","content":""},{"id":"8788_es","content":""},{"id":"8834_es","content":""},{"id":"8836_es","content":""},{"id":"8832_es","content":""},{"id":"8830_es","content":""},{"id":"2016_es","content":""},{"id":"2012_es","content":""},{"id":"2092_es","content":""},{"id":"2086_es","content":""},{"id":"2018_es","content":""},{"id":"2083_es","content":""},{"id":"2033_es","content":""},{"id":"2156_es","content":""},{"id":"2143_es","content":""},{"id":"2163_es","content":""},{"id":"2205_es","content":""},{"id":"2158_es","content":""},{"id":"2151_es","content":""},{"id":"2152_es","content":""},{"id":"2189_es","content":""},{"id":"2144_es","content":""},{"id":"2399_es","content":""},{"id":"2396_es","content":""},{"id":"2379_es","content":""},{"id":"2397_es","content":""},{"id":"2361_es","content":""},{"id":"2384_es","content":""},{"id":"2315_es","content":""},{"id":"2322_es","content":""},{"id":"2230_es","content":""},{"id":"2540_es","content":""},{"id":"2464_es","content":""},{"id":"2589_es","content":""},{"id":"2486_es","content":""},{"id":"2518_es","content":""},{"id":"2595_es","content":""},{"id":"2476_es","content":""},{"id":"2527_es","content":""},{"id":"2499_es","content":""},{"id":"2813_es","content":""},{"id":"2758_es","content":""},{"id":"2776_es","content":""},{"id":"2808_es","content":""},{"id":"2762_es","content":""},{"id":"2778_es","content":""},{"id":"2767_es","content":""},{"id":"2750_es","content":""},{"id":"2809_es","content":""},{"id":"3915_es","content":""},{"id":"3964_es","content":""},{"id":"3927_es","content":""},{"id":"3966_es","content":""},{"id":"7230_es","content":""},{"id":"7226_es","content":""},{"id":"7163_es","content":""},{"id":"7101_es","content":""},{"id":"7204_es","content":""},{"id":"7222_es","content":""},{"id":"7232_es","content":""},{"id":"7212_es","content":""},{"id":"7141_es","content":""},{"id":"7420_es","content":""},{"id":"7406_es","content":""},{"id":"7418_es","content":""},{"id":"7405_es","content":""},{"id":"7407_es","content":""},{"id":"7413_es","content":""},{"id":"7465_es","content":""},{"id":"7427_es","content":""},{"id":"7448_es","content":""},{"id":"7466_es","content":""},{"id":"7426_es","content":""},{"id":"7451_es","content":""},{"id":"7460_es","content":""},{"id":"7431_es","content":""},{"id":"7430_es","content":""},{"id":"7484_es","content":""},{"id":"7488_es","content":""},{"id":"7560_es","content":""},{"id":"7636_es","content":""},{"id":"7485_es","content":""},{"id":"7624_es","content":""},{"id":"7722_es","content":""},{"id":"7683_es","content":""},{"id":"7699_es","content":""},{"id":"8244_es","content":""},{"id":"8171_es","content":""},{"id":"8293_es","content":""},{"id":"8246_es","content":""},{"id":"8287_es","content":""},{"id":"8182_es","content":""},{"id":"8289_es","content":""},{"id":"8208_es","content":""},{"id":"8210_es","content":""},{"id":"8445_es","content":""},{"id":"8481_es","content":""},{"id":"8479_es","content":""},{"id":"8451_es","content":""},{"id":"8449_es","content":""},{"id":"8484_es","content":""},{"id":"8442_es","content":""},{"id":"8477_es","content":""},{"id":"8453_es","content":""},{"id":"8544_es","content":""},{"id":"8573_es","content":""},{"id":"8561_es","content":""},{"id":"8558_es","content":""},{"id":"8494_es","content":""},{"id":"8553_es","content":""},{"id":"8515_es","content":""},{"id":"8580_es","content":""},{"id":"8574_es","content":""},{"id":"8672_es","content":""},{"id":"8654_es","content":""},{"id":"8670_es","content":""},{"id":"8668_es","content":""},{"id":"8660_es","content":""},{"id":"8652_es","content":""},{"id":"8664_es","content":""},{"id":"8656_es","content":""},{"id":"8666_es","content":""},{"id":"8732_es","content":""},{"id":"8742_es","content":""},{"id":"8728_es","content":""},{"id":"8740_es","content":""},{"id":"8712_es","content":""},{"id":"8736_es","content":""},{"id":"8725_es","content":""},{"id":"8738_es","content":""},{"id":"8730_es","content":""},{"id":"8804_es","content":""},{"id":"8806_es","content":""},{"id":"8796_es","content":""},{"id":"8800_es","content":""},{"id":"8790_es","content":""},{"id":"8808_es","content":""},{"id":"8792_es","content":""},{"id":"8794_es","content":""},{"id":"8802_es","content":""},{"id":"2743_es","content":""},{"id":"2711_es","content":""},{"id":"2726_es","content":""},{"id":"2695_es","content":""},{"id":"2667_es","content":""},{"id":"2679_es","content":""},{"id":"2732_es","content":""},{"id":"2678_es","content":""},{"id":"2720_es","content":""},{"id":"2952_es","content":""},{"id":"2971_es","content":""},{"id":"2953_es","content":""},{"id":"3395_es","content":""},{"id":"3414_es","content":""},{"id":"3372_es","content":""},{"id":"3312_es","content":""},{"id":"3397_es","content":""},{"id":"3386_es","content":""},{"id":"3399_es","content":""},{"id":"3872_es","content":""},{"id":"3415_es","content":""},{"id":"3455_es","content":""},{"id":"3874_es","content":""},{"id":"3439_es","content":""},{"id":"3889_es","content":""},{"id":"3910_es","content":""},{"id":"3861_es","content":""},{"id":"3856_es","content":""},{"id":"7015_es","content":""},{"id":"7002_es","content":""},{"id":"7051_es","content":""},{"id":"7017_es","content":""},{"id":"7049_es","content":""},{"id":"7031_es","content":""},{"id":"7053_es","content":""},{"id":"7008_es","content":""},{"id":"7014_es","content":""},{"id":"7091_es","content":""},{"id":"7065_es","content":""},{"id":"7089_es","content":""},{"id":"7100_es","content":""},{"id":"7063_es","content":""},{"id":"7079_es","content":""},{"id":"7057_es","content":""},{"id":"7093_es","content":""},{"id":"7055_es","content":""},{"id":"7300_es","content":""},{"id":"7382_es","content":""},{"id":"7289_es","content":""},{"id":"7234_es","content":""},{"id":"7728_es","content":""},{"id":"7837_es","content":""},{"id":"7732_es","content":""},{"id":"7830_es","content":""},{"id":"7818_es","content":""},{"id":"7724_es","content":""},{"id":"7723_es","content":""},{"id":"7831_es","content":""},{"id":"7797_es","content":""},{"id":"8418_es","content":""},{"id":"8395_es","content":""},{"id":"8434_es","content":""},{"id":"8416_es","content":""},{"id":"8438_es","content":""},{"id":"8436_es","content":""},{"id":"8399_es","content":""},{"id":"8408_es","content":""},{"id":"8404_es","content":""},{"id":"8609_es","content":""},{"id":"8592_es","content":""},{"id":"8607_es","content":""},{"id":"8615_es","content":""},{"id":"8594_es","content":""},{"id":"8597_es","content":""},{"id":"8600_es","content":""},{"id":"8582_es","content":""},{"id":"8602_es","content":""},{"id":"8680_es","content":""},{"id":"8676_es","content":""},{"id":"8689_es","content":""},{"id":"8678_es","content":""},{"id":"8674_es","content":""},{"id":"8688_es","content":""},{"id":"8686_es","content":""},{"id":"8682_es","content":""},{"id":"8683_es","content":""},{"id":"8746_es","content":""},{"id":"8756_es","content":""},{"id":"8758_es","content":""},{"id":"8748_es","content":""},{"id":"8752_es","content":""},{"id":"8754_es","content":""},{"id":"8750_es","content":""},{"id":"8744_es","content":""},{"id":"8762_es","content":""},{"id":"8824_es","content":""},{"id":"8810_es","content":""},{"id":"8812_es","content":""},{"id":"8826_es","content":""},{"id":"8814_es","content":""},{"id":"8822_es","content":""},{"id":"8819_es","content":""},{"id":"8828_es","content":""},{"id":"8815_es","content":""}]