{"_declaration":{"_attributes":{"version":"1.0","encoding":"UTF-8"}},"_comment":[" This is a WordPress eXtended RSS file generated by WordPress as an export of your site. "," It contains information about your site's posts, pages, comments, categories, and other content. "," You may use this file to transfer that content from one site to another. "," This file is not intended to serve as a complete backup of your site. "," To import this information into a WordPress site follow these steps: "," 1. Log in to that site as an administrator. "," 2. Go to Tools: Import in the WordPress admin panel. "," 3. Install the \"WordPress\" importer from the list. "," 4. Activate & Run Importer. "," 5. Upload this file using the form provided on that page. "," 6. You will first be asked to map the authors in this export file to users ","    on the site. For each author, you may choose to map to an ","    existing user on the site or to create a new user. "," 7. WordPress will then import each of the posts, pages, comments, categories, etc. ","    contained in this file into your site. "," generator=\"WordPress/4.7.25\" created=\"2022-10-19 10:03\" "],"rss":{"_attributes":{"version":"2.0","xmlns:excerpt":"http://wordpress.org/export/1.2/excerpt/","xmlns:content":"http://purl.org/rss/1.0/modules/content/","xmlns:wfw":"http://wellformedweb.org/CommentAPI/","xmlns:dc":"http://purl.org/dc/elements/1.1/","xmlns:wp":"http://wordpress.org/export/1.2/"},"channel":{"title":{"_text":"Trademachines IT"},"link":{"_text":"http://wp-prd.trademachines.com/it"},"description":{"_text":"Just another Trademachines Sites site"},"pubDate":{"_text":"Wed, 19 Oct 2022 10:03:05 +0000"},"language":{"_text":"en-US"},"wp:wxr_version":{"_text":"1.2"},"wp:base_site_url":{"_text":"http://wp-prd.trademachines.com/"},"wp:base_blog_url":{"_text":"http://wp-prd.trademachines.com/it"},"wp:author":[{"wp:author_id":{"_text":"21"},"wp:author_login":{"_cdata":"dparravano"},"wp:author_email":{"_cdata":"diego.parravano@trademachines.com"},"wp:author_display_name":{"_cdata":"dparravano"},"wp:author_first_name":{},"wp:author_last_name":{}},{"wp:author_id":{"_text":"24"},"wp:author_login":{"_cdata":"mradermacher"},"wp:author_email":{"_cdata":"maike.radermacher@trademachines.com"},"wp:author_display_name":{"_cdata":"mradermacher"},"wp:author_first_name":{},"wp:author_last_name":{}},{"wp:author_id":{"_text":"15"},"wp:author_login":{"_cdata":"jkemper"},"wp:author_email":{"_cdata":"jk@trademachines.com"},"wp:author_display_name":{"_cdata":"jkemper"},"wp:author_first_name":{},"wp:author_last_name":{}}],"generator":{"_text":"https://wordpress.org/?v=4.7.25"},"item":[{"title":{"_text":"Search Box_IT"},"link":{"_text":"http://wp-prd.trademachines.com/it/search-box_it/"},"pubDate":{"_text":"Tue, 10 Jan 2017 16:04:34 +0000"},"dc:creator":{"_cdata":"dparravano"},"guid":{"_attributes":{"isPermaLink":"false"},"_text":"http://trademachines.com/it/wp-content/uploads/sites/9/2017/01/Search-Box_IT.png"},"description":{},"content:encoded":{},"excerpt:encoded":{},"wp:post_id":{"_text":"2783"},"wp:post_date":{"_cdata":"2017-01-10 16:04:34"},"wp:post_date_gmt":{"_cdata":"2017-01-10 16:04:34"},"wp:comment_status":{"_cdata":"open"},"wp:ping_status":{"_cdata":"open"},"wp:post_name":{"_cdata":"search-box_it"},"wp:status":{"_cdata":"inherit"},"wp:post_parent":{"_text":"0"},"wp:menu_order":{"_text":"0"},"wp:post_type":{"_cdata":"attachment"},"wp:post_password":{},"wp:is_sticky":{"_text":"0"},"wp:attachment_url":{"_cdata":"http://wp-prd.trademachines.com/it/wp-content/uploads/sites/9/2017/01/Search-Box_IT.png"},"wp:postmeta":[{"wp:meta_key":{"_cdata":"_wp_attached_file"},"wp:meta_value":{"_cdata":"2017/01/Search-Box_IT.png"}},{"wp:meta_key":{"_cdata":"_wp_attachment_metadata"},"wp:meta_value":{"_cdata":"a:5:{s:5:\"width\";i:1020;s:6:\"height\";i:202;s:4:\"file\";s:25:\"2017/01/Search-Box_IT.png\";s:5:\"sizes\";a:3:{s:9:\"thumbnail\";a:4:{s:4:\"file\";s:25:\"Search-Box_IT-150x150.png\";s:5:\"width\";i:150;s:6:\"height\";i:150;s:9:\"mime-type\";s:9:\"image/png\";}s:6:\"medium\";a:4:{s:4:\"file\";s:24:\"Search-Box_IT-300x59.png\";s:5:\"width\";i:300;s:6:\"height\";i:59;s:9:\"mime-type\";s:9:\"image/png\";}s:14:\"post-thumbnail\";a:4:{s:4:\"file\";s:25:\"Search-Box_IT-825x202.png\";s:5:\"width\";i:825;s:6:\"height\";i:202;s:9:\"mime-type\";s:9:\"image/png\";}}s:10:\"image_meta\";a:11:{s:8:\"aperture\";i:0;s:6:\"credit\";s:0:\"\";s:6:\"camera\";s:0:\"\";s:7:\"caption\";s:0:\"\";s:17:\"created_timestamp\";i:0;s:9:\"copyright\";s:0:\"\";s:12:\"focal_length\";i:0;s:3:\"iso\";i:0;s:13:\"shutter_speed\";i:0;s:5:\"title\";s:0:\"\";s:11:\"orientation\";i:0;}}"}}]},{"title":{"_text":"JohnDeere(2)"},"link":{"_text":"http://wp-prd.trademachines.com/it/tm-content/homepage-seo-content-box/johndeere2/"},"pubDate":{"_text":"Fri, 11 Aug 2017 14:29:31 +0000"},"dc:creator":{"_cdata":"dparravano"},"guid":{"_attributes":{"isPermaLink":"false"},"_text":"http://wp-prd.trademachines.com/it/wp-content/uploads/sites/9/2016/03/JohnDeere2.jpg"},"description":{},"content:encoded":{},"excerpt:encoded":{},"wp:post_id":{"_text":"4583"},"wp:post_date":{"_cdata":"2017-08-11 14:29:31"},"wp:post_date_gmt":{"_cdata":"2017-08-11 14:29:31"},"wp:comment_status":{"_cdata":"open"},"wp:ping_status":{"_cdata":"closed"},"wp:post_name":{"_cdata":"johndeere2"},"wp:status":{"_cdata":"inherit"},"wp:post_parent":{"_text":"1355"},"wp:menu_order":{"_text":"0"},"wp:post_type":{"_cdata":"attachment"},"wp:post_password":{},"wp:is_sticky":{"_text":"0"},"wp:attachment_url":{"_cdata":"http://wp-prd.trademachines.com/it/wp-content/uploads/sites/9/2016/03/JohnDeere2.jpg"},"wp:postmeta":[{"wp:meta_key":{"_cdata":"_wp_attached_file"},"wp:meta_value":{"_cdata":"2016/03/JohnDeere2.jpg"}},{"wp:meta_key":{"_cdata":"_wp_attachment_metadata"},"wp:meta_value":{"_cdata":"a:5:{s:5:\"width\";i:182;s:6:\"height\";i:182;s:4:\"file\";s:22:\"2016/03/JohnDeere2.jpg\";s:5:\"sizes\";a:1:{s:9:\"thumbnail\";a:4:{s:4:\"file\";s:22:\"JohnDeere2-150x150.jpg\";s:5:\"width\";i:150;s:6:\"height\";i:150;s:9:\"mime-type\";s:10:\"image/jpeg\";}}s:10:\"image_meta\";a:12:{s:8:\"aperture\";s:1:\"0\";s:6:\"credit\";s:0:\"\";s:6:\"camera\";s:0:\"\";s:7:\"caption\";s:0:\"\";s:17:\"created_timestamp\";s:1:\"0\";s:9:\"copyright\";s:0:\"\";s:12:\"focal_length\";s:1:\"0\";s:3:\"iso\";s:1:\"0\";s:13:\"shutter_speed\";s:1:\"0\";s:5:\"title\";s:0:\"\";s:11:\"orientation\";s:1:\"0\";s:8:\"keywords\";a:0:{}}}"}}]},{"title":{"_text":"CAT"},"link":{"_text":"http://wp-prd.trademachines.com/it/tm-content/homepage-seo-content-box/cat/"},"pubDate":{"_text":"Fri, 11 Aug 2017 15:40:17 +0000"},"dc:creator":{"_cdata":"dparravano"},"guid":{"_attributes":{"isPermaLink":"false"},"_text":"http://wp-prd.trademachines.com/it/wp-content/uploads/sites/9/2016/03/CAT.jpg"},"description":{},"content:encoded":{},"excerpt:encoded":{},"wp:post_id":{"_text":"4584"},"wp:post_date":{"_cdata":"2017-08-11 15:40:17"},"wp:post_date_gmt":{"_cdata":"2017-08-11 15:40:17"},"wp:comment_status":{"_cdata":"open"},"wp:ping_status":{"_cdata":"closed"},"wp:post_name":{"_cdata":"cat"},"wp:status":{"_cdata":"inherit"},"wp:post_parent":{"_text":"1355"},"wp:menu_order":{"_text":"0"},"wp:post_type":{"_cdata":"attachment"},"wp:post_password":{},"wp:is_sticky":{"_text":"0"},"wp:attachment_url":{"_cdata":"http://wp-prd.trademachines.com/it/wp-content/uploads/sites/9/2016/03/CAT.jpg"},"wp:postmeta":[{"wp:meta_key":{"_cdata":"_wp_attached_file"},"wp:meta_value":{"_cdata":"2016/03/CAT.jpg"}},{"wp:meta_key":{"_cdata":"_wp_attachment_metadata"},"wp:meta_value":{"_cdata":"a:5:{s:5:\"width\";i:182;s:6:\"height\";i:182;s:4:\"file\";s:15:\"2016/03/CAT.jpg\";s:5:\"sizes\";a:1:{s:9:\"thumbnail\";a:4:{s:4:\"file\";s:15:\"CAT-150x150.jpg\";s:5:\"width\";i:150;s:6:\"height\";i:150;s:9:\"mime-type\";s:10:\"image/jpeg\";}}s:10:\"image_meta\";a:12:{s:8:\"aperture\";s:1:\"0\";s:6:\"credit\";s:0:\"\";s:6:\"camera\";s:0:\"\";s:7:\"caption\";s:0:\"\";s:17:\"created_timestamp\";s:1:\"0\";s:9:\"copyright\";s:0:\"\";s:12:\"focal_length\";s:1:\"0\";s:3:\"iso\";s:1:\"0\";s:13:\"shutter_speed\";s:1:\"0\";s:5:\"title\";s:0:\"\";s:11:\"orientation\";s:1:\"0\";s:8:\"keywords\";a:0:{}}}"}}]},{"title":{"_text":"Claas"},"link":{"_text":"http://wp-prd.trademachines.com/it/tm-content/homepage-seo-content-box/claas-2/"},"pubDate":{"_text":"Fri, 11 Aug 2017 15:40:19 +0000"},"dc:creator":{"_cdata":"dparravano"},"guid":{"_attributes":{"isPermaLink":"false"},"_text":"http://wp-prd.trademachines.com/it/wp-content/uploads/sites/9/2016/03/Claas.jpg"},"description":{},"content:encoded":{},"excerpt:encoded":{},"wp:post_id":{"_text":"4585"},"wp:post_date":{"_cdata":"2017-08-11 15:40:19"},"wp:post_date_gmt":{"_cdata":"2017-08-11 15:40:19"},"wp:comment_status":{"_cdata":"open"},"wp:ping_status":{"_cdata":"closed"},"wp:post_name":{"_cdata":"claas-2"},"wp:status":{"_cdata":"inherit"},"wp:post_parent":{"_text":"1355"},"wp:menu_order":{"_text":"0"},"wp:post_type":{"_cdata":"attachment"},"wp:post_password":{},"wp:is_sticky":{"_text":"0"},"wp:attachment_url":{"_cdata":"http://wp-prd.trademachines.com/it/wp-content/uploads/sites/9/2016/03/Claas.jpg"},"wp:postmeta":[{"wp:meta_key":{"_cdata":"_wp_attached_file"},"wp:meta_value":{"_cdata":"2016/03/Claas.jpg"}},{"wp:meta_key":{"_cdata":"_wp_attachment_metadata"},"wp:meta_value":{"_cdata":"a:5:{s:5:\"width\";i:182;s:6:\"height\";i:182;s:4:\"file\";s:17:\"2016/03/Claas.jpg\";s:5:\"sizes\";a:1:{s:9:\"thumbnail\";a:4:{s:4:\"file\";s:17:\"Claas-150x150.jpg\";s:5:\"width\";i:150;s:6:\"height\";i:150;s:9:\"mime-type\";s:10:\"image/jpeg\";}}s:10:\"image_meta\";a:12:{s:8:\"aperture\";s:1:\"0\";s:6:\"credit\";s:0:\"\";s:6:\"camera\";s:0:\"\";s:7:\"caption\";s:0:\"\";s:17:\"created_timestamp\";s:1:\"0\";s:9:\"copyright\";s:0:\"\";s:12:\"focal_length\";s:1:\"0\";s:3:\"iso\";s:1:\"0\";s:13:\"shutter_speed\";s:1:\"0\";s:5:\"title\";s:0:\"\";s:11:\"orientation\";s:1:\"0\";s:8:\"keywords\";a:0:{}}}"}}]},{"title":{"_text":"Ford"},"link":{"_text":"http://wp-prd.trademachines.com/it/tm-content/homepage-seo-content-box/ford/"},"pubDate":{"_text":"Fri, 11 Aug 2017 15:40:19 +0000"},"dc:creator":{"_cdata":"dparravano"},"guid":{"_attributes":{"isPermaLink":"false"},"_text":"http://wp-prd.trademachines.com/it/wp-content/uploads/sites/9/2016/03/Ford.jpg"},"description":{},"content:encoded":{},"excerpt:encoded":{},"wp:post_id":{"_text":"4586"},"wp:post_date":{"_cdata":"2017-08-11 15:40:19"},"wp:post_date_gmt":{"_cdata":"2017-08-11 15:40:19"},"wp:comment_status":{"_cdata":"open"},"wp:ping_status":{"_cdata":"closed"},"wp:post_name":{"_cdata":"ford"},"wp:status":{"_cdata":"inherit"},"wp:post_parent":{"_text":"1355"},"wp:menu_order":{"_text":"0"},"wp:post_type":{"_cdata":"attachment"},"wp:post_password":{},"wp:is_sticky":{"_text":"0"},"wp:attachment_url":{"_cdata":"http://wp-prd.trademachines.com/it/wp-content/uploads/sites/9/2016/03/Ford.jpg"},"wp:postmeta":[{"wp:meta_key":{"_cdata":"_wp_attached_file"},"wp:meta_value":{"_cdata":"2016/03/Ford.jpg"}},{"wp:meta_key":{"_cdata":"_wp_attachment_metadata"},"wp:meta_value":{"_cdata":"a:5:{s:5:\"width\";i:182;s:6:\"height\";i:182;s:4:\"file\";s:16:\"2016/03/Ford.jpg\";s:5:\"sizes\";a:1:{s:9:\"thumbnail\";a:4:{s:4:\"file\";s:16:\"Ford-150x150.jpg\";s:5:\"width\";i:150;s:6:\"height\";i:150;s:9:\"mime-type\";s:10:\"image/jpeg\";}}s:10:\"image_meta\";a:12:{s:8:\"aperture\";s:1:\"0\";s:6:\"credit\";s:0:\"\";s:6:\"camera\";s:0:\"\";s:7:\"caption\";s:0:\"\";s:17:\"created_timestamp\";s:1:\"0\";s:9:\"copyright\";s:0:\"\";s:12:\"focal_length\";s:1:\"0\";s:3:\"iso\";s:1:\"0\";s:13:\"shutter_speed\";s:1:\"0\";s:5:\"title\";s:0:\"\";s:11:\"orientation\";s:1:\"0\";s:8:\"keywords\";a:0:{}}}"}}]},{"title":{"_text":"Volvo"},"link":{"_text":"http://wp-prd.trademachines.com/it/tm-content/homepage-seo-content-box/volvo/"},"pubDate":{"_text":"Fri, 11 Aug 2017 15:40:20 +0000"},"dc:creator":{"_cdata":"dparravano"},"guid":{"_attributes":{"isPermaLink":"false"},"_text":"http://wp-prd.trademachines.com/it/wp-content/uploads/sites/9/2016/03/Volvo.jpg"},"description":{},"content:encoded":{},"excerpt:encoded":{},"wp:post_id":{"_text":"4587"},"wp:post_date":{"_cdata":"2017-08-11 15:40:20"},"wp:post_date_gmt":{"_cdata":"2017-08-11 15:40:20"},"wp:comment_status":{"_cdata":"open"},"wp:ping_status":{"_cdata":"closed"},"wp:post_name":{"_cdata":"volvo"},"wp:status":{"_cdata":"inherit"},"wp:post_parent":{"_text":"1355"},"wp:menu_order":{"_text":"0"},"wp:post_type":{"_cdata":"attachment"},"wp:post_password":{},"wp:is_sticky":{"_text":"0"},"wp:attachment_url":{"_cdata":"http://wp-prd.trademachines.com/it/wp-content/uploads/sites/9/2016/03/Volvo.jpg"},"wp:postmeta":[{"wp:meta_key":{"_cdata":"_wp_attached_file"},"wp:meta_value":{"_cdata":"2016/03/Volvo.jpg"}},{"wp:meta_key":{"_cdata":"_wp_attachment_metadata"},"wp:meta_value":{"_cdata":"a:5:{s:5:\"width\";i:182;s:6:\"height\";i:182;s:4:\"file\";s:17:\"2016/03/Volvo.jpg\";s:5:\"sizes\";a:1:{s:9:\"thumbnail\";a:4:{s:4:\"file\";s:17:\"Volvo-150x150.jpg\";s:5:\"width\";i:150;s:6:\"height\";i:150;s:9:\"mime-type\";s:10:\"image/jpeg\";}}s:10:\"image_meta\";a:12:{s:8:\"aperture\";s:1:\"0\";s:6:\"credit\";s:0:\"\";s:6:\"camera\";s:0:\"\";s:7:\"caption\";s:0:\"\";s:17:\"created_timestamp\";s:1:\"0\";s:9:\"copyright\";s:0:\"\";s:12:\"focal_length\";s:1:\"0\";s:3:\"iso\";s:1:\"0\";s:13:\"shutter_speed\";s:1:\"0\";s:5:\"title\";s:0:\"\";s:11:\"orientation\";s:1:\"0\";s:8:\"keywords\";a:0:{}}}"}}]},{"title":{"_text":"Dechow"},"link":{"_text":"http://wp-prd.trademachines.com/it/tm-content/homepage-seo-content-box/dechow-3/"},"pubDate":{"_text":"Fri, 11 Aug 2017 15:40:20 +0000"},"dc:creator":{"_cdata":"dparravano"},"guid":{"_attributes":{"isPermaLink":"false"},"_text":"http://wp-prd.trademachines.com/it/wp-content/uploads/sites/9/2016/03/Dechow.jpg"},"description":{},"content:encoded":{},"excerpt:encoded":{},"wp:post_id":{"_text":"4588"},"wp:post_date":{"_cdata":"2017-08-11 15:40:20"},"wp:post_date_gmt":{"_cdata":"2017-08-11 15:40:20"},"wp:comment_status":{"_cdata":"open"},"wp:ping_status":{"_cdata":"closed"},"wp:post_name":{"_cdata":"dechow-3"},"wp:status":{"_cdata":"inherit"},"wp:post_parent":{"_text":"1355"},"wp:menu_order":{"_text":"0"},"wp:post_type":{"_cdata":"attachment"},"wp:post_password":{},"wp:is_sticky":{"_text":"0"},"wp:attachment_url":{"_cdata":"http://wp-prd.trademachines.com/it/wp-content/uploads/sites/9/2016/03/Dechow.jpg"},"wp:postmeta":[{"wp:meta_key":{"_cdata":"_wp_attached_file"},"wp:meta_value":{"_cdata":"2016/03/Dechow.jpg"}},{"wp:meta_key":{"_cdata":"_wp_attachment_metadata"},"wp:meta_value":{"_cdata":"a:5:{s:5:\"width\";i:182;s:6:\"height\";i:182;s:4:\"file\";s:18:\"2016/03/Dechow.jpg\";s:5:\"sizes\";a:1:{s:9:\"thumbnail\";a:4:{s:4:\"file\";s:18:\"Dechow-150x150.jpg\";s:5:\"width\";i:150;s:6:\"height\";i:150;s:9:\"mime-type\";s:10:\"image/jpeg\";}}s:10:\"image_meta\";a:12:{s:8:\"aperture\";s:1:\"0\";s:6:\"credit\";s:0:\"\";s:6:\"camera\";s:0:\"\";s:7:\"caption\";s:0:\"\";s:17:\"created_timestamp\";s:1:\"0\";s:9:\"copyright\";s:0:\"\";s:12:\"focal_length\";s:1:\"0\";s:3:\"iso\";s:1:\"0\";s:13:\"shutter_speed\";s:1:\"0\";s:5:\"title\";s:0:\"\";s:11:\"orientation\";s:1:\"0\";s:8:\"keywords\";a:0:{}}}"}}]},{"title":{"_text":"Ritchie"},"link":{"_text":"http://wp-prd.trademachines.com/it/tm-content/homepage-seo-content-box/ritchie/"},"pubDate":{"_text":"Fri, 11 Aug 2017 15:40:21 +0000"},"dc:creator":{"_cdata":"dparravano"},"guid":{"_attributes":{"isPermaLink":"false"},"_text":"http://wp-prd.trademachines.com/it/wp-content/uploads/sites/9/2016/03/Ritchie.jpg"},"description":{},"content:encoded":{},"excerpt:encoded":{},"wp:post_id":{"_text":"4589"},"wp:post_date":{"_cdata":"2017-08-11 15:40:21"},"wp:post_date_gmt":{"_cdata":"2017-08-11 15:40:21"},"wp:comment_status":{"_cdata":"open"},"wp:ping_status":{"_cdata":"closed"},"wp:post_name":{"_cdata":"ritchie"},"wp:status":{"_cdata":"inherit"},"wp:post_parent":{"_text":"1355"},"wp:menu_order":{"_text":"0"},"wp:post_type":{"_cdata":"attachment"},"wp:post_password":{},"wp:is_sticky":{"_text":"0"},"wp:attachment_url":{"_cdata":"http://wp-prd.trademachines.com/it/wp-content/uploads/sites/9/2016/03/Ritchie.jpg"},"wp:postmeta":[{"wp:meta_key":{"_cdata":"_wp_attached_file"},"wp:meta_value":{"_cdata":"2016/03/Ritchie.jpg"}},{"wp:meta_key":{"_cdata":"_wp_attachment_metadata"},"wp:meta_value":{"_cdata":"a:5:{s:5:\"width\";i:182;s:6:\"height\";i:182;s:4:\"file\";s:19:\"2016/03/Ritchie.jpg\";s:5:\"sizes\";a:1:{s:9:\"thumbnail\";a:4:{s:4:\"file\";s:19:\"Ritchie-150x150.jpg\";s:5:\"width\";i:150;s:6:\"height\";i:150;s:9:\"mime-type\";s:10:\"image/jpeg\";}}s:10:\"image_meta\";a:12:{s:8:\"aperture\";s:1:\"0\";s:6:\"credit\";s:0:\"\";s:6:\"camera\";s:0:\"\";s:7:\"caption\";s:0:\"\";s:17:\"created_timestamp\";s:1:\"0\";s:9:\"copyright\";s:0:\"\";s:12:\"focal_length\";s:1:\"0\";s:3:\"iso\";s:1:\"0\";s:13:\"shutter_speed\";s:1:\"0\";s:5:\"title\";s:0:\"\";s:11:\"orientation\";s:1:\"0\";s:8:\"keywords\";a:0:{}}}"}}]},{"title":{"_text":"Surplex"},"link":{"_text":"http://wp-prd.trademachines.com/it/tm-content/homepage-seo-content-box/surplex-3/"},"pubDate":{"_text":"Fri, 11 Aug 2017 15:40:22 +0000"},"dc:creator":{"_cdata":"dparravano"},"guid":{"_attributes":{"isPermaLink":"false"},"_text":"http://wp-prd.trademachines.com/it/wp-content/uploads/sites/9/2016/03/Surplex.jpg"},"description":{},"content:encoded":{},"excerpt:encoded":{},"wp:post_id":{"_text":"4590"},"wp:post_date":{"_cdata":"2017-08-11 15:40:22"},"wp:post_date_gmt":{"_cdata":"2017-08-11 15:40:22"},"wp:comment_status":{"_cdata":"open"},"wp:ping_status":{"_cdata":"closed"},"wp:post_name":{"_cdata":"surplex-3"},"wp:status":{"_cdata":"inherit"},"wp:post_parent":{"_text":"1355"},"wp:menu_order":{"_text":"0"},"wp:post_type":{"_cdata":"attachment"},"wp:post_password":{},"wp:is_sticky":{"_text":"0"},"wp:attachment_url":{"_cdata":"http://wp-prd.trademachines.com/it/wp-content/uploads/sites/9/2016/03/Surplex.jpg"},"wp:postmeta":[{"wp:meta_key":{"_cdata":"_wp_attached_file"},"wp:meta_value":{"_cdata":"2016/03/Surplex.jpg"}},{"wp:meta_key":{"_cdata":"_wp_attachment_metadata"},"wp:meta_value":{"_cdata":"a:5:{s:5:\"width\";i:182;s:6:\"height\";i:182;s:4:\"file\";s:19:\"2016/03/Surplex.jpg\";s:5:\"sizes\";a:1:{s:9:\"thumbnail\";a:4:{s:4:\"file\";s:19:\"Surplex-150x150.jpg\";s:5:\"width\";i:150;s:6:\"height\";i:150;s:9:\"mime-type\";s:10:\"image/jpeg\";}}s:10:\"image_meta\";a:12:{s:8:\"aperture\";s:1:\"0\";s:6:\"credit\";s:0:\"\";s:6:\"camera\";s:0:\"\";s:7:\"caption\";s:0:\"\";s:17:\"created_timestamp\";s:1:\"0\";s:9:\"copyright\";s:0:\"\";s:12:\"focal_length\";s:1:\"0\";s:3:\"iso\";s:1:\"0\";s:13:\"shutter_speed\";s:1:\"0\";s:5:\"title\";s:0:\"\";s:11:\"orientation\";s:1:\"0\";s:8:\"keywords\";a:0:{}}}"}}]},{"title":{"_text":"KarnerDechow"},"link":{"_text":"http://wp-prd.trademachines.com/it/tm-content/homepage-seo-content-box/karnerdechow-2/"},"pubDate":{"_text":"Fri, 11 Aug 2017 15:40:22 +0000"},"dc:creator":{"_cdata":"dparravano"},"guid":{"_attributes":{"isPermaLink":"false"},"_text":"http://wp-prd.trademachines.com/it/wp-content/uploads/sites/9/2016/03/KarnerDechow.jpg"},"description":{},"content:encoded":{},"excerpt:encoded":{},"wp:post_id":{"_text":"4591"},"wp:post_date":{"_cdata":"2017-08-11 15:40:22"},"wp:post_date_gmt":{"_cdata":"2017-08-11 15:40:22"},"wp:comment_status":{"_cdata":"open"},"wp:ping_status":{"_cdata":"closed"},"wp:post_name":{"_cdata":"karnerdechow-2"},"wp:status":{"_cdata":"inherit"},"wp:post_parent":{"_text":"1355"},"wp:menu_order":{"_text":"0"},"wp:post_type":{"_cdata":"attachment"},"wp:post_password":{},"wp:is_sticky":{"_text":"0"},"wp:attachment_url":{"_cdata":"http://wp-prd.trademachines.com/it/wp-content/uploads/sites/9/2016/03/KarnerDechow.jpg"},"wp:postmeta":[{"wp:meta_key":{"_cdata":"_wp_attached_file"},"wp:meta_value":{"_cdata":"2016/03/KarnerDechow.jpg"}},{"wp:meta_key":{"_cdata":"_wp_attachment_metadata"},"wp:meta_value":{"_cdata":"a:5:{s:5:\"width\";i:182;s:6:\"height\";i:182;s:4:\"file\";s:24:\"2016/03/KarnerDechow.jpg\";s:5:\"sizes\";a:1:{s:9:\"thumbnail\";a:4:{s:4:\"file\";s:24:\"KarnerDechow-150x150.jpg\";s:5:\"width\";i:150;s:6:\"height\";i:150;s:9:\"mime-type\";s:10:\"image/jpeg\";}}s:10:\"image_meta\";a:12:{s:8:\"aperture\";s:1:\"0\";s:6:\"credit\";s:0:\"\";s:6:\"camera\";s:0:\"\";s:7:\"caption\";s:0:\"\";s:17:\"created_timestamp\";s:1:\"0\";s:9:\"copyright\";s:0:\"\";s:12:\"focal_length\";s:1:\"0\";s:3:\"iso\";s:1:\"0\";s:13:\"shutter_speed\";s:1:\"0\";s:5:\"title\";s:0:\"\";s:11:\"orientation\";s:1:\"0\";s:8:\"keywords\";a:0:{}}}"}}]},{"title":{"_text":"Troostwjik"},"link":{"_text":"http://wp-prd.trademachines.com/it/tm-content/homepage-seo-content-box/troostwjik/"},"pubDate":{"_text":"Fri, 11 Aug 2017 15:40:23 +0000"},"dc:creator":{"_cdata":"dparravano"},"guid":{"_attributes":{"isPermaLink":"false"},"_text":"http://wp-prd.trademachines.com/it/wp-content/uploads/sites/9/2016/03/Troostwjik.jpg"},"description":{},"content:encoded":{},"excerpt:encoded":{},"wp:post_id":{"_text":"4592"},"wp:post_date":{"_cdata":"2017-08-11 15:40:23"},"wp:post_date_gmt":{"_cdata":"2017-08-11 15:40:23"},"wp:comment_status":{"_cdata":"open"},"wp:ping_status":{"_cdata":"closed"},"wp:post_name":{"_cdata":"troostwjik"},"wp:status":{"_cdata":"inherit"},"wp:post_parent":{"_text":"1355"},"wp:menu_order":{"_text":"0"},"wp:post_type":{"_cdata":"attachment"},"wp:post_password":{},"wp:is_sticky":{"_text":"0"},"wp:attachment_url":{"_cdata":"http://wp-prd.trademachines.com/it/wp-content/uploads/sites/9/2016/03/Troostwjik.jpg"},"wp:postmeta":[{"wp:meta_key":{"_cdata":"_wp_attached_file"},"wp:meta_value":{"_cdata":"2016/03/Troostwjik.jpg"}},{"wp:meta_key":{"_cdata":"_wp_attachment_metadata"},"wp:meta_value":{"_cdata":"a:5:{s:5:\"width\";i:182;s:6:\"height\";i:182;s:4:\"file\";s:22:\"2016/03/Troostwjik.jpg\";s:5:\"sizes\";a:1:{s:9:\"thumbnail\";a:4:{s:4:\"file\";s:22:\"Troostwjik-150x150.jpg\";s:5:\"width\";i:150;s:6:\"height\";i:150;s:9:\"mime-type\";s:10:\"image/jpeg\";}}s:10:\"image_meta\";a:12:{s:8:\"aperture\";s:1:\"0\";s:6:\"credit\";s:0:\"\";s:6:\"camera\";s:0:\"\";s:7:\"caption\";s:0:\"\";s:17:\"created_timestamp\";s:1:\"0\";s:9:\"copyright\";s:0:\"\";s:12:\"focal_length\";s:1:\"0\";s:3:\"iso\";s:1:\"0\";s:13:\"shutter_speed\";s:1:\"0\";s:5:\"title\";s:0:\"\";s:11:\"orientation\";s:1:\"0\";s:8:\"keywords\";a:0:{}}}"}}]},{"title":{"_text":"bva"},"link":{"_text":"http://wp-prd.trademachines.com/it/tm-content/homepage-seo-content-box/bva/"},"pubDate":{"_text":"Thu, 24 Aug 2017 13:36:11 +0000"},"dc:creator":{"_cdata":"dparravano"},"guid":{"_attributes":{"isPermaLink":"false"},"_text":"http://wp-prd.trademachines.com/it/wp-content/uploads/sites/9/2016/03/bva.jpg"},"description":{},"content:encoded":{},"excerpt:encoded":{},"wp:post_id":{"_text":"4634"},"wp:post_date":{"_cdata":"2017-08-24 13:36:11"},"wp:post_date_gmt":{"_cdata":"2017-08-24 13:36:11"},"wp:comment_status":{"_cdata":"open"},"wp:ping_status":{"_cdata":"closed"},"wp:post_name":{"_cdata":"bva"},"wp:status":{"_cdata":"inherit"},"wp:post_parent":{"_text":"1355"},"wp:menu_order":{"_text":"0"},"wp:post_type":{"_cdata":"attachment"},"wp:post_password":{},"wp:is_sticky":{"_text":"0"},"wp:attachment_url":{"_cdata":"http://wp-prd.trademachines.com/it/wp-content/uploads/sites/9/2016/03/bva.jpg"},"wp:postmeta":[{"wp:meta_key":{"_cdata":"_wp_attached_file"},"wp:meta_value":{"_cdata":"2016/03/bva.jpg"}},{"wp:meta_key":{"_cdata":"_wp_attachment_metadata"},"wp:meta_value":{"_cdata":"a:5:{s:5:\"width\";i:182;s:6:\"height\";i:182;s:4:\"file\";s:15:\"2016/03/bva.jpg\";s:5:\"sizes\";a:1:{s:9:\"thumbnail\";a:4:{s:4:\"file\";s:15:\"bva-150x150.jpg\";s:5:\"width\";i:150;s:6:\"height\";i:150;s:9:\"mime-type\";s:10:\"image/jpeg\";}}s:10:\"image_meta\";a:12:{s:8:\"aperture\";s:1:\"0\";s:6:\"credit\";s:0:\"\";s:6:\"camera\";s:0:\"\";s:7:\"caption\";s:0:\"\";s:17:\"created_timestamp\";s:1:\"0\";s:9:\"copyright\";s:0:\"\";s:12:\"focal_length\";s:1:\"0\";s:3:\"iso\";s:1:\"0\";s:13:\"shutter_speed\";s:1:\"0\";s:5:\"title\";s:0:\"\";s:11:\"orientation\";s:1:\"0\";s:8:\"keywords\";a:0:{}}}"}}]},{"title":{"_text":"dmg-mori"},"link":{"_text":"http://wp-prd.trademachines.com/it/tm-content/homepage-seo-content-box/dmg-mori-2/"},"pubDate":{"_text":"Thu, 24 Aug 2017 13:36:13 +0000"},"dc:creator":{"_cdata":"dparravano"},"guid":{"_attributes":{"isPermaLink":"false"},"_text":"http://wp-prd.trademachines.com/it/wp-content/uploads/sites/9/2016/03/dmg-mori.jpg"},"description":{},"content:encoded":{},"excerpt:encoded":{},"wp:post_id":{"_text":"4635"},"wp:post_date":{"_cdata":"2017-08-24 13:36:13"},"wp:post_date_gmt":{"_cdata":"2017-08-24 13:36:13"},"wp:comment_status":{"_cdata":"open"},"wp:ping_status":{"_cdata":"closed"},"wp:post_name":{"_cdata":"dmg-mori-2"},"wp:status":{"_cdata":"inherit"},"wp:post_parent":{"_text":"1355"},"wp:menu_order":{"_text":"0"},"wp:post_type":{"_cdata":"attachment"},"wp:post_password":{},"wp:is_sticky":{"_text":"0"},"wp:attachment_url":{"_cdata":"http://wp-prd.trademachines.com/it/wp-content/uploads/sites/9/2016/03/dmg-mori.jpg"},"wp:postmeta":[{"wp:meta_key":{"_cdata":"_wp_attached_file"},"wp:meta_value":{"_cdata":"2016/03/dmg-mori.jpg"}},{"wp:meta_key":{"_cdata":"_wp_attachment_metadata"},"wp:meta_value":{"_cdata":"a:5:{s:5:\"width\";i:182;s:6:\"height\";i:182;s:4:\"file\";s:20:\"2016/03/dmg-mori.jpg\";s:5:\"sizes\";a:1:{s:9:\"thumbnail\";a:4:{s:4:\"file\";s:20:\"dmg-mori-150x150.jpg\";s:5:\"width\";i:150;s:6:\"height\";i:150;s:9:\"mime-type\";s:10:\"image/jpeg\";}}s:10:\"image_meta\";a:12:{s:8:\"aperture\";s:1:\"0\";s:6:\"credit\";s:0:\"\";s:6:\"camera\";s:0:\"\";s:7:\"caption\";s:0:\"\";s:17:\"created_timestamp\";s:1:\"0\";s:9:\"copyright\";s:0:\"\";s:12:\"focal_length\";s:1:\"0\";s:3:\"iso\";s:1:\"0\";s:13:\"shutter_speed\";s:1:\"0\";s:5:\"title\";s:0:\"\";s:11:\"orientation\";s:1:\"0\";s:8:\"keywords\";a:0:{}}}"}}]},{"title":{"_text":"escrapalia"},"link":{"_text":"http://wp-prd.trademachines.com/it/tm-content/homepage-seo-content-box/escrapalia-2/"},"pubDate":{"_text":"Thu, 24 Aug 2017 13:36:13 +0000"},"dc:creator":{"_cdata":"dparravano"},"guid":{"_attributes":{"isPermaLink":"false"},"_text":"http://wp-prd.trademachines.com/it/wp-content/uploads/sites/9/2016/03/escrapalia.jpg"},"description":{},"content:encoded":{},"excerpt:encoded":{},"wp:post_id":{"_text":"4636"},"wp:post_date":{"_cdata":"2017-08-24 13:36:13"},"wp:post_date_gmt":{"_cdata":"2017-08-24 13:36:13"},"wp:comment_status":{"_cdata":"open"},"wp:ping_status":{"_cdata":"closed"},"wp:post_name":{"_cdata":"escrapalia-2"},"wp:status":{"_cdata":"inherit"},"wp:post_parent":{"_text":"1355"},"wp:menu_order":{"_text":"0"},"wp:post_type":{"_cdata":"attachment"},"wp:post_password":{},"wp:is_sticky":{"_text":"0"},"wp:attachment_url":{"_cdata":"http://wp-prd.trademachines.com/it/wp-content/uploads/sites/9/2016/03/escrapalia.jpg"},"wp:postmeta":[{"wp:meta_key":{"_cdata":"_wp_attached_file"},"wp:meta_value":{"_cdata":"2016/03/escrapalia.jpg"}},{"wp:meta_key":{"_cdata":"_wp_attachment_metadata"},"wp:meta_value":{"_cdata":"a:5:{s:5:\"width\";i:182;s:6:\"height\";i:182;s:4:\"file\";s:22:\"2016/03/escrapalia.jpg\";s:5:\"sizes\";a:1:{s:9:\"thumbnail\";a:4:{s:4:\"file\";s:22:\"escrapalia-150x150.jpg\";s:5:\"width\";i:150;s:6:\"height\";i:150;s:9:\"mime-type\";s:10:\"image/jpeg\";}}s:10:\"image_meta\";a:12:{s:8:\"aperture\";s:1:\"0\";s:6:\"credit\";s:0:\"\";s:6:\"camera\";s:0:\"\";s:7:\"caption\";s:0:\"\";s:17:\"created_timestamp\";s:1:\"0\";s:9:\"copyright\";s:0:\"\";s:12:\"focal_length\";s:1:\"0\";s:3:\"iso\";s:1:\"0\";s:13:\"shutter_speed\";s:1:\"0\";s:5:\"title\";s:0:\"\";s:11:\"orientation\";s:1:\"0\";s:8:\"keywords\";a:0:{}}}"}}]},{"title":{"_text":"ex-factory"},"link":{"_text":"http://wp-prd.trademachines.com/it/tm-content/homepage-seo-content-box/ex-factory-2/"},"pubDate":{"_text":"Thu, 24 Aug 2017 13:36:14 +0000"},"dc:creator":{"_cdata":"dparravano"},"guid":{"_attributes":{"isPermaLink":"false"},"_text":"http://wp-prd.trademachines.com/it/wp-content/uploads/sites/9/2016/03/ex-factory.jpg"},"description":{},"content:encoded":{},"excerpt:encoded":{},"wp:post_id":{"_text":"4637"},"wp:post_date":{"_cdata":"2017-08-24 13:36:14"},"wp:post_date_gmt":{"_cdata":"2017-08-24 13:36:14"},"wp:comment_status":{"_cdata":"open"},"wp:ping_status":{"_cdata":"closed"},"wp:post_name":{"_cdata":"ex-factory-2"},"wp:status":{"_cdata":"inherit"},"wp:post_parent":{"_text":"1355"},"wp:menu_order":{"_text":"0"},"wp:post_type":{"_cdata":"attachment"},"wp:post_password":{},"wp:is_sticky":{"_text":"0"},"wp:attachment_url":{"_cdata":"http://wp-prd.trademachines.com/it/wp-content/uploads/sites/9/2016/03/ex-factory.jpg"},"wp:postmeta":[{"wp:meta_key":{"_cdata":"_wp_attached_file"},"wp:meta_value":{"_cdata":"2016/03/ex-factory.jpg"}},{"wp:meta_key":{"_cdata":"_wp_attachment_metadata"},"wp:meta_value":{"_cdata":"a:5:{s:5:\"width\";i:182;s:6:\"height\";i:182;s:4:\"file\";s:22:\"2016/03/ex-factory.jpg\";s:5:\"sizes\";a:1:{s:9:\"thumbnail\";a:4:{s:4:\"file\";s:22:\"ex-factory-150x150.jpg\";s:5:\"width\";i:150;s:6:\"height\";i:150;s:9:\"mime-type\";s:10:\"image/jpeg\";}}s:10:\"image_meta\";a:12:{s:8:\"aperture\";s:1:\"0\";s:6:\"credit\";s:0:\"\";s:6:\"camera\";s:0:\"\";s:7:\"caption\";s:0:\"\";s:17:\"created_timestamp\";s:1:\"0\";s:9:\"copyright\";s:0:\"\";s:12:\"focal_length\";s:1:\"0\";s:3:\"iso\";s:1:\"0\";s:13:\"shutter_speed\";s:1:\"0\";s:5:\"title\";s:0:\"\";s:11:\"orientation\";s:1:\"0\";s:8:\"keywords\";a:0:{}}}"}}]},{"title":{"_text":"fed-quip-company"},"link":{"_text":"http://wp-prd.trademachines.com/it/tm-content/homepage-seo-content-box/fed-quip-company/"},"pubDate":{"_text":"Thu, 24 Aug 2017 13:36:14 +0000"},"dc:creator":{"_cdata":"dparravano"},"guid":{"_attributes":{"isPermaLink":"false"},"_text":"http://wp-prd.trademachines.com/it/wp-content/uploads/sites/9/2016/03/fed-quip-company.jpg"},"description":{},"content:encoded":{},"excerpt:encoded":{},"wp:post_id":{"_text":"4638"},"wp:post_date":{"_cdata":"2017-08-24 13:36:14"},"wp:post_date_gmt":{"_cdata":"2017-08-24 13:36:14"},"wp:comment_status":{"_cdata":"open"},"wp:ping_status":{"_cdata":"closed"},"wp:post_name":{"_cdata":"fed-quip-company"},"wp:status":{"_cdata":"inherit"},"wp:post_parent":{"_text":"1355"},"wp:menu_order":{"_text":"0"},"wp:post_type":{"_cdata":"attachment"},"wp:post_password":{},"wp:is_sticky":{"_text":"0"},"wp:attachment_url":{"_cdata":"http://wp-prd.trademachines.com/it/wp-content/uploads/sites/9/2016/03/fed-quip-company.jpg"},"wp:postmeta":[{"wp:meta_key":{"_cdata":"_wp_attached_file"},"wp:meta_value":{"_cdata":"2016/03/fed-quip-company.jpg"}},{"wp:meta_key":{"_cdata":"_wp_attachment_metadata"},"wp:meta_value":{"_cdata":"a:5:{s:5:\"width\";i:182;s:6:\"height\";i:182;s:4:\"file\";s:28:\"2016/03/fed-quip-company.jpg\";s:5:\"sizes\";a:1:{s:9:\"thumbnail\";a:4:{s:4:\"file\";s:28:\"fed-quip-company-150x150.jpg\";s:5:\"width\";i:150;s:6:\"height\";i:150;s:9:\"mime-type\";s:10:\"image/jpeg\";}}s:10:\"image_meta\";a:12:{s:8:\"aperture\";s:1:\"0\";s:6:\"credit\";s:0:\"\";s:6:\"camera\";s:0:\"\";s:7:\"caption\";s:0:\"\";s:17:\"created_timestamp\";s:1:\"0\";s:9:\"copyright\";s:0:\"\";s:12:\"focal_length\";s:1:\"0\";s:3:\"iso\";s:1:\"0\";s:13:\"shutter_speed\";s:1:\"0\";s:5:\"title\";s:0:\"\";s:11:\"orientation\";s:1:\"0\";s:8:\"keywords\";a:0:{}}}"}}]},{"title":{"_text":"gehl"},"link":{"_text":"http://wp-prd.trademachines.com/it/tm-content/homepage-seo-content-box/gehl/"},"pubDate":{"_text":"Thu, 24 Aug 2017 13:36:15 +0000"},"dc:creator":{"_cdata":"dparravano"},"guid":{"_attributes":{"isPermaLink":"false"},"_text":"http://wp-prd.trademachines.com/it/wp-content/uploads/sites/9/2016/03/gehl.jpg"},"description":{},"content:encoded":{},"excerpt:encoded":{},"wp:post_id":{"_text":"4639"},"wp:post_date":{"_cdata":"2017-08-24 13:36:15"},"wp:post_date_gmt":{"_cdata":"2017-08-24 13:36:15"},"wp:comment_status":{"_cdata":"open"},"wp:ping_status":{"_cdata":"closed"},"wp:post_name":{"_cdata":"gehl"},"wp:status":{"_cdata":"inherit"},"wp:post_parent":{"_text":"1355"},"wp:menu_order":{"_text":"0"},"wp:post_type":{"_cdata":"attachment"},"wp:post_password":{},"wp:is_sticky":{"_text":"0"},"wp:attachment_url":{"_cdata":"http://wp-prd.trademachines.com/it/wp-content/uploads/sites/9/2016/03/gehl.jpg"},"wp:postmeta":[{"wp:meta_key":{"_cdata":"_wp_attached_file"},"wp:meta_value":{"_cdata":"2016/03/gehl.jpg"}},{"wp:meta_key":{"_cdata":"_wp_attachment_metadata"},"wp:meta_value":{"_cdata":"a:5:{s:5:\"width\";i:182;s:6:\"height\";i:182;s:4:\"file\";s:16:\"2016/03/gehl.jpg\";s:5:\"sizes\";a:1:{s:9:\"thumbnail\";a:4:{s:4:\"file\";s:16:\"gehl-150x150.jpg\";s:5:\"width\";i:150;s:6:\"height\";i:150;s:9:\"mime-type\";s:10:\"image/jpeg\";}}s:10:\"image_meta\";a:12:{s:8:\"aperture\";s:1:\"0\";s:6:\"credit\";s:0:\"\";s:6:\"camera\";s:0:\"\";s:7:\"caption\";s:0:\"\";s:17:\"created_timestamp\";s:1:\"0\";s:9:\"copyright\";s:0:\"\";s:12:\"focal_length\";s:1:\"0\";s:3:\"iso\";s:1:\"0\";s:13:\"shutter_speed\";s:1:\"0\";s:5:\"title\";s:0:\"\";s:11:\"orientation\";s:1:\"0\";s:8:\"keywords\";a:0:{}}}"}}]},{"title":{"_text":"hoechsmann"},"link":{"_text":"http://wp-prd.trademachines.com/it/tm-content/homepage-seo-content-box/hoechsmann/"},"pubDate":{"_text":"Thu, 24 Aug 2017 13:36:15 +0000"},"dc:creator":{"_cdata":"dparravano"},"guid":{"_attributes":{"isPermaLink":"false"},"_text":"http://wp-prd.trademachines.com/it/wp-content/uploads/sites/9/2016/03/hoechsmann.jpg"},"description":{},"content:encoded":{},"excerpt:encoded":{},"wp:post_id":{"_text":"4640"},"wp:post_date":{"_cdata":"2017-08-24 13:36:15"},"wp:post_date_gmt":{"_cdata":"2017-08-24 13:36:15"},"wp:comment_status":{"_cdata":"open"},"wp:ping_status":{"_cdata":"closed"},"wp:post_name":{"_cdata":"hoechsmann"},"wp:status":{"_cdata":"inherit"},"wp:post_parent":{"_text":"1355"},"wp:menu_order":{"_text":"0"},"wp:post_type":{"_cdata":"attachment"},"wp:post_password":{},"wp:is_sticky":{"_text":"0"},"wp:attachment_url":{"_cdata":"http://wp-prd.trademachines.com/it/wp-content/uploads/sites/9/2016/03/hoechsmann.jpg"},"wp:postmeta":[{"wp:meta_key":{"_cdata":"_wp_attached_file"},"wp:meta_value":{"_cdata":"2016/03/hoechsmann.jpg"}},{"wp:meta_key":{"_cdata":"_wp_attachment_metadata"},"wp:meta_value":{"_cdata":"a:5:{s:5:\"width\";i:182;s:6:\"height\";i:182;s:4:\"file\";s:22:\"2016/03/hoechsmann.jpg\";s:5:\"sizes\";a:1:{s:9:\"thumbnail\";a:4:{s:4:\"file\";s:22:\"hoechsmann-150x150.jpg\";s:5:\"width\";i:150;s:6:\"height\";i:150;s:9:\"mime-type\";s:10:\"image/jpeg\";}}s:10:\"image_meta\";a:12:{s:8:\"aperture\";s:1:\"0\";s:6:\"credit\";s:0:\"\";s:6:\"camera\";s:0:\"\";s:7:\"caption\";s:0:\"\";s:17:\"created_timestamp\";s:1:\"0\";s:9:\"copyright\";s:0:\"\";s:12:\"focal_length\";s:1:\"0\";s:3:\"iso\";s:1:\"0\";s:13:\"shutter_speed\";s:1:\"0\";s:5:\"title\";s:0:\"\";s:11:\"orientation\";s:1:\"0\";s:8:\"keywords\";a:0:{}}}"}}]},{"title":{"_text":"homag"},"link":{"_text":"http://wp-prd.trademachines.com/it/tm-content/homepage-seo-content-box/homag/"},"pubDate":{"_text":"Thu, 24 Aug 2017 13:36:15 +0000"},"dc:creator":{"_cdata":"dparravano"},"guid":{"_attributes":{"isPermaLink":"false"},"_text":"http://wp-prd.trademachines.com/it/wp-content/uploads/sites/9/2016/03/homag.jpg"},"description":{},"content:encoded":{},"excerpt:encoded":{},"wp:post_id":{"_text":"4641"},"wp:post_date":{"_cdata":"2017-08-24 13:36:15"},"wp:post_date_gmt":{"_cdata":"2017-08-24 13:36:15"},"wp:comment_status":{"_cdata":"open"},"wp:ping_status":{"_cdata":"closed"},"wp:post_name":{"_cdata":"homag"},"wp:status":{"_cdata":"inherit"},"wp:post_parent":{"_text":"1355"},"wp:menu_order":{"_text":"0"},"wp:post_type":{"_cdata":"attachment"},"wp:post_password":{},"wp:is_sticky":{"_text":"0"},"wp:attachment_url":{"_cdata":"http://wp-prd.trademachines.com/it/wp-content/uploads/sites/9/2016/03/homag.jpg"},"wp:postmeta":[{"wp:meta_key":{"_cdata":"_wp_attached_file"},"wp:meta_value":{"_cdata":"2016/03/homag.jpg"}},{"wp:meta_key":{"_cdata":"_wp_attachment_metadata"},"wp:meta_value":{"_cdata":"a:5:{s:5:\"width\";i:182;s:6:\"height\";i:182;s:4:\"file\";s:17:\"2016/03/homag.jpg\";s:5:\"sizes\";a:1:{s:9:\"thumbnail\";a:4:{s:4:\"file\";s:17:\"homag-150x150.jpg\";s:5:\"width\";i:150;s:6:\"height\";i:150;s:9:\"mime-type\";s:10:\"image/jpeg\";}}s:10:\"image_meta\";a:12:{s:8:\"aperture\";s:1:\"0\";s:6:\"credit\";s:0:\"\";s:6:\"camera\";s:0:\"\";s:7:\"caption\";s:0:\"\";s:17:\"created_timestamp\";s:1:\"0\";s:9:\"copyright\";s:0:\"\";s:12:\"focal_length\";s:1:\"0\";s:3:\"iso\";s:1:\"0\";s:13:\"shutter_speed\";s:1:\"0\";s:5:\"title\";s:0:\"\";s:11:\"orientation\";s:1:\"0\";s:8:\"keywords\";a:0:{}}}"}}]},{"title":{"_text":"ivg"},"link":{"_text":"http://wp-prd.trademachines.com/it/tm-content/homepage-seo-content-box/ivg-2/"},"pubDate":{"_text":"Thu, 24 Aug 2017 13:36:16 +0000"},"dc:creator":{"_cdata":"dparravano"},"guid":{"_attributes":{"isPermaLink":"false"},"_text":"http://wp-prd.trademachines.com/it/wp-content/uploads/sites/9/2016/03/ivg.jpg"},"description":{},"content:encoded":{},"excerpt:encoded":{},"wp:post_id":{"_text":"4642"},"wp:post_date":{"_cdata":"2017-08-24 13:36:16"},"wp:post_date_gmt":{"_cdata":"2017-08-24 13:36:16"},"wp:comment_status":{"_cdata":"open"},"wp:ping_status":{"_cdata":"closed"},"wp:post_name":{"_cdata":"ivg-2"},"wp:status":{"_cdata":"inherit"},"wp:post_parent":{"_text":"1355"},"wp:menu_order":{"_text":"0"},"wp:post_type":{"_cdata":"attachment"},"wp:post_password":{},"wp:is_sticky":{"_text":"0"},"wp:attachment_url":{"_cdata":"http://wp-prd.trademachines.com/it/wp-content/uploads/sites/9/2016/03/ivg.jpg"},"wp:postmeta":[{"wp:meta_key":{"_cdata":"_wp_attached_file"},"wp:meta_value":{"_cdata":"2016/03/ivg.jpg"}},{"wp:meta_key":{"_cdata":"_wp_attachment_metadata"},"wp:meta_value":{"_cdata":"a:5:{s:5:\"width\";i:182;s:6:\"height\";i:182;s:4:\"file\";s:15:\"2016/03/ivg.jpg\";s:5:\"sizes\";a:1:{s:9:\"thumbnail\";a:4:{s:4:\"file\";s:15:\"ivg-150x150.jpg\";s:5:\"width\";i:150;s:6:\"height\";i:150;s:9:\"mime-type\";s:10:\"image/jpeg\";}}s:10:\"image_meta\";a:12:{s:8:\"aperture\";s:1:\"0\";s:6:\"credit\";s:0:\"\";s:6:\"camera\";s:0:\"\";s:7:\"caption\";s:0:\"\";s:17:\"created_timestamp\";s:1:\"0\";s:9:\"copyright\";s:0:\"\";s:12:\"focal_length\";s:1:\"0\";s:3:\"iso\";s:1:\"0\";s:13:\"shutter_speed\";s:1:\"0\";s:5:\"title\";s:0:\"\";s:11:\"orientation\";s:1:\"0\";s:8:\"keywords\";a:0:{}}}"}}]},{"title":{"_text":"JCB"},"link":{"_text":"http://wp-prd.trademachines.com/it/tm-content/homepage-seo-content-box/jcb/"},"pubDate":{"_text":"Thu, 24 Aug 2017 13:36:16 +0000"},"dc:creator":{"_cdata":"dparravano"},"guid":{"_attributes":{"isPermaLink":"false"},"_text":"http://wp-prd.trademachines.com/it/wp-content/uploads/sites/9/2016/03/JCB.jpg"},"description":{},"content:encoded":{},"excerpt:encoded":{},"wp:post_id":{"_text":"4643"},"wp:post_date":{"_cdata":"2017-08-24 13:36:16"},"wp:post_date_gmt":{"_cdata":"2017-08-24 13:36:16"},"wp:comment_status":{"_cdata":"open"},"wp:ping_status":{"_cdata":"closed"},"wp:post_name":{"_cdata":"jcb"},"wp:status":{"_cdata":"inherit"},"wp:post_parent":{"_text":"1355"},"wp:menu_order":{"_text":"0"},"wp:post_type":{"_cdata":"attachment"},"wp:post_password":{},"wp:is_sticky":{"_text":"0"},"wp:attachment_url":{"_cdata":"http://wp-prd.trademachines.com/it/wp-content/uploads/sites/9/2016/03/JCB.jpg"},"wp:postmeta":[{"wp:meta_key":{"_cdata":"_wp_attached_file"},"wp:meta_value":{"_cdata":"2016/03/JCB.jpg"}},{"wp:meta_key":{"_cdata":"_wp_attachment_metadata"},"wp:meta_value":{"_cdata":"a:5:{s:5:\"width\";i:182;s:6:\"height\";i:182;s:4:\"file\";s:15:\"2016/03/JCB.jpg\";s:5:\"sizes\";a:1:{s:9:\"thumbnail\";a:4:{s:4:\"file\";s:15:\"JCB-150x150.jpg\";s:5:\"width\";i:150;s:6:\"height\";i:150;s:9:\"mime-type\";s:10:\"image/jpeg\";}}s:10:\"image_meta\";a:12:{s:8:\"aperture\";s:1:\"0\";s:6:\"credit\";s:0:\"\";s:6:\"camera\";s:0:\"\";s:7:\"caption\";s:0:\"\";s:17:\"created_timestamp\";s:1:\"0\";s:9:\"copyright\";s:0:\"\";s:12:\"focal_length\";s:1:\"0\";s:3:\"iso\";s:1:\"0\";s:13:\"shutter_speed\";s:1:\"0\";s:5:\"title\";s:0:\"\";s:11:\"orientation\";s:1:\"0\";s:8:\"keywords\";a:0:{}}}"}}]},{"title":{"_text":"komatsu"},"link":{"_text":"http://wp-prd.trademachines.com/it/tm-content/homepage-seo-content-box/komatsu/"},"pubDate":{"_text":"Thu, 24 Aug 2017 13:36:17 +0000"},"dc:creator":{"_cdata":"dparravano"},"guid":{"_attributes":{"isPermaLink":"false"},"_text":"http://wp-prd.trademachines.com/it/wp-content/uploads/sites/9/2016/03/komatsu.jpg"},"description":{},"content:encoded":{},"excerpt:encoded":{},"wp:post_id":{"_text":"4644"},"wp:post_date":{"_cdata":"2017-08-24 13:36:17"},"wp:post_date_gmt":{"_cdata":"2017-08-24 13:36:17"},"wp:comment_status":{"_cdata":"open"},"wp:ping_status":{"_cdata":"closed"},"wp:post_name":{"_cdata":"komatsu"},"wp:status":{"_cdata":"inherit"},"wp:post_parent":{"_text":"1355"},"wp:menu_order":{"_text":"0"},"wp:post_type":{"_cdata":"attachment"},"wp:post_password":{},"wp:is_sticky":{"_text":"0"},"wp:attachment_url":{"_cdata":"http://wp-prd.trademachines.com/it/wp-content/uploads/sites/9/2016/03/komatsu.jpg"},"wp:postmeta":[{"wp:meta_key":{"_cdata":"_wp_attached_file"},"wp:meta_value":{"_cdata":"2016/03/komatsu.jpg"}},{"wp:meta_key":{"_cdata":"_wp_attachment_metadata"},"wp:meta_value":{"_cdata":"a:5:{s:5:\"width\";i:182;s:6:\"height\";i:182;s:4:\"file\";s:19:\"2016/03/komatsu.jpg\";s:5:\"sizes\";a:1:{s:9:\"thumbnail\";a:4:{s:4:\"file\";s:19:\"komatsu-150x150.jpg\";s:5:\"width\";i:150;s:6:\"height\";i:150;s:9:\"mime-type\";s:10:\"image/jpeg\";}}s:10:\"image_meta\";a:12:{s:8:\"aperture\";s:1:\"0\";s:6:\"credit\";s:0:\"\";s:6:\"camera\";s:0:\"\";s:7:\"caption\";s:0:\"\";s:17:\"created_timestamp\";s:1:\"0\";s:9:\"copyright\";s:0:\"\";s:12:\"focal_length\";s:1:\"0\";s:3:\"iso\";s:1:\"0\";s:13:\"shutter_speed\";s:1:\"0\";s:5:\"title\";s:0:\"\";s:11:\"orientation\";s:1:\"0\";s:8:\"keywords\";a:0:{}}}"}}]},{"title":{"_text":"kramer"},"link":{"_text":"http://wp-prd.trademachines.com/it/tm-content/homepage-seo-content-box/kramer/"},"pubDate":{"_text":"Thu, 24 Aug 2017 13:36:17 +0000"},"dc:creator":{"_cdata":"dparravano"},"guid":{"_attributes":{"isPermaLink":"false"},"_text":"http://wp-prd.trademachines.com/it/wp-content/uploads/sites/9/2016/03/kramer.jpg"},"description":{},"content:encoded":{},"excerpt:encoded":{},"wp:post_id":{"_text":"4645"},"wp:post_date":{"_cdata":"2017-08-24 13:36:17"},"wp:post_date_gmt":{"_cdata":"2017-08-24 13:36:17"},"wp:comment_status":{"_cdata":"open"},"wp:ping_status":{"_cdata":"closed"},"wp:post_name":{"_cdata":"kramer"},"wp:status":{"_cdata":"inherit"},"wp:post_parent":{"_text":"1355"},"wp:menu_order":{"_text":"0"},"wp:post_type":{"_cdata":"attachment"},"wp:post_password":{},"wp:is_sticky":{"_text":"0"},"wp:attachment_url":{"_cdata":"http://wp-prd.trademachines.com/it/wp-content/uploads/sites/9/2016/03/kramer.jpg"},"wp:postmeta":[{"wp:meta_key":{"_cdata":"_wp_attached_file"},"wp:meta_value":{"_cdata":"2016/03/kramer.jpg"}},{"wp:meta_key":{"_cdata":"_wp_attachment_metadata"},"wp:meta_value":{"_cdata":"a:5:{s:5:\"width\";i:182;s:6:\"height\";i:182;s:4:\"file\";s:18:\"2016/03/kramer.jpg\";s:5:\"sizes\";a:1:{s:9:\"thumbnail\";a:4:{s:4:\"file\";s:18:\"kramer-150x150.jpg\";s:5:\"width\";i:150;s:6:\"height\";i:150;s:9:\"mime-type\";s:10:\"image/jpeg\";}}s:10:\"image_meta\";a:12:{s:8:\"aperture\";s:1:\"0\";s:6:\"credit\";s:0:\"\";s:6:\"camera\";s:0:\"\";s:7:\"caption\";s:0:\"\";s:17:\"created_timestamp\";s:1:\"0\";s:9:\"copyright\";s:0:\"\";s:12:\"focal_length\";s:1:\"0\";s:3:\"iso\";s:1:\"0\";s:13:\"shutter_speed\";s:1:\"0\";s:5:\"title\";s:0:\"\";s:11:\"orientation\";s:1:\"0\";s:8:\"keywords\";a:0:{}}}"}}]},{"title":{"_text":"kuhn"},"link":{"_text":"http://wp-prd.trademachines.com/it/tm-content/homepage-seo-content-box/kuhn/"},"pubDate":{"_text":"Thu, 24 Aug 2017 13:36:18 +0000"},"dc:creator":{"_cdata":"dparravano"},"guid":{"_attributes":{"isPermaLink":"false"},"_text":"http://wp-prd.trademachines.com/it/wp-content/uploads/sites/9/2016/03/kuhn.jpg"},"description":{},"content:encoded":{},"excerpt:encoded":{},"wp:post_id":{"_text":"4646"},"wp:post_date":{"_cdata":"2017-08-24 13:36:18"},"wp:post_date_gmt":{"_cdata":"2017-08-24 13:36:18"},"wp:comment_status":{"_cdata":"open"},"wp:ping_status":{"_cdata":"closed"},"wp:post_name":{"_cdata":"kuhn"},"wp:status":{"_cdata":"inherit"},"wp:post_parent":{"_text":"1355"},"wp:menu_order":{"_text":"0"},"wp:post_type":{"_cdata":"attachment"},"wp:post_password":{},"wp:is_sticky":{"_text":"0"},"wp:attachment_url":{"_cdata":"http://wp-prd.trademachines.com/it/wp-content/uploads/sites/9/2016/03/kuhn.jpg"},"wp:postmeta":[{"wp:meta_key":{"_cdata":"_wp_attached_file"},"wp:meta_value":{"_cdata":"2016/03/kuhn.jpg"}},{"wp:meta_key":{"_cdata":"_wp_attachment_metadata"},"wp:meta_value":{"_cdata":"a:5:{s:5:\"width\";i:182;s:6:\"height\";i:182;s:4:\"file\";s:16:\"2016/03/kuhn.jpg\";s:5:\"sizes\";a:1:{s:9:\"thumbnail\";a:4:{s:4:\"file\";s:16:\"kuhn-150x150.jpg\";s:5:\"width\";i:150;s:6:\"height\";i:150;s:9:\"mime-type\";s:10:\"image/jpeg\";}}s:10:\"image_meta\";a:12:{s:8:\"aperture\";s:1:\"0\";s:6:\"credit\";s:0:\"\";s:6:\"camera\";s:0:\"\";s:7:\"caption\";s:0:\"\";s:17:\"created_timestamp\";s:1:\"0\";s:9:\"copyright\";s:0:\"\";s:12:\"focal_length\";s:1:\"0\";s:3:\"iso\";s:1:\"0\";s:13:\"shutter_speed\";s:1:\"0\";s:5:\"title\";s:0:\"\";s:11:\"orientation\";s:1:\"0\";s:8:\"keywords\";a:0:{}}}"}}]},{"title":{"_text":"kuka"},"link":{"_text":"http://wp-prd.trademachines.com/it/tm-content/homepage-seo-content-box/kuka/"},"pubDate":{"_text":"Thu, 24 Aug 2017 13:36:18 +0000"},"dc:creator":{"_cdata":"dparravano"},"guid":{"_attributes":{"isPermaLink":"false"},"_text":"http://wp-prd.trademachines.com/it/wp-content/uploads/sites/9/2016/03/kuka.jpg"},"description":{},"content:encoded":{},"excerpt:encoded":{},"wp:post_id":{"_text":"4647"},"wp:post_date":{"_cdata":"2017-08-24 13:36:18"},"wp:post_date_gmt":{"_cdata":"2017-08-24 13:36:18"},"wp:comment_status":{"_cdata":"open"},"wp:ping_status":{"_cdata":"closed"},"wp:post_name":{"_cdata":"kuka"},"wp:status":{"_cdata":"inherit"},"wp:post_parent":{"_text":"1355"},"wp:menu_order":{"_text":"0"},"wp:post_type":{"_cdata":"attachment"},"wp:post_password":{},"wp:is_sticky":{"_text":"0"},"wp:attachment_url":{"_cdata":"http://wp-prd.trademachines.com/it/wp-content/uploads/sites/9/2016/03/kuka.jpg"},"wp:postmeta":[{"wp:meta_key":{"_cdata":"_wp_attached_file"},"wp:meta_value":{"_cdata":"2016/03/kuka.jpg"}},{"wp:meta_key":{"_cdata":"_wp_attachment_metadata"},"wp:meta_value":{"_cdata":"a:5:{s:5:\"width\";i:182;s:6:\"height\";i:182;s:4:\"file\";s:16:\"2016/03/kuka.jpg\";s:5:\"sizes\";a:1:{s:9:\"thumbnail\";a:4:{s:4:\"file\";s:16:\"kuka-150x150.jpg\";s:5:\"width\";i:150;s:6:\"height\";i:150;s:9:\"mime-type\";s:10:\"image/jpeg\";}}s:10:\"image_meta\";a:12:{s:8:\"aperture\";s:1:\"0\";s:6:\"credit\";s:0:\"\";s:6:\"camera\";s:0:\"\";s:7:\"caption\";s:0:\"\";s:17:\"created_timestamp\";s:1:\"0\";s:9:\"copyright\";s:0:\"\";s:12:\"focal_length\";s:1:\"0\";s:3:\"iso\";s:1:\"0\";s:13:\"shutter_speed\";s:1:\"0\";s:5:\"title\";s:0:\"\";s:11:\"orientation\";s:1:\"0\";s:8:\"keywords\";a:0:{}}}"}}]},{"title":{"_text":"linde"},"link":{"_text":"http://wp-prd.trademachines.com/it/tm-content/homepage-seo-content-box/linde/"},"pubDate":{"_text":"Thu, 24 Aug 2017 13:36:18 +0000"},"dc:creator":{"_cdata":"dparravano"},"guid":{"_attributes":{"isPermaLink":"false"},"_text":"http://wp-prd.trademachines.com/it/wp-content/uploads/sites/9/2016/03/linde.jpg"},"description":{},"content:encoded":{},"excerpt:encoded":{},"wp:post_id":{"_text":"4648"},"wp:post_date":{"_cdata":"2017-08-24 13:36:18"},"wp:post_date_gmt":{"_cdata":"2017-08-24 13:36:18"},"wp:comment_status":{"_cdata":"open"},"wp:ping_status":{"_cdata":"closed"},"wp:post_name":{"_cdata":"linde"},"wp:status":{"_cdata":"inherit"},"wp:post_parent":{"_text":"1355"},"wp:menu_order":{"_text":"0"},"wp:post_type":{"_cdata":"attachment"},"wp:post_password":{},"wp:is_sticky":{"_text":"0"},"wp:attachment_url":{"_cdata":"http://wp-prd.trademachines.com/it/wp-content/uploads/sites/9/2016/03/linde.jpg"},"wp:postmeta":[{"wp:meta_key":{"_cdata":"_wp_attached_file"},"wp:meta_value":{"_cdata":"2016/03/linde.jpg"}},{"wp:meta_key":{"_cdata":"_wp_attachment_metadata"},"wp:meta_value":{"_cdata":"a:5:{s:5:\"width\";i:182;s:6:\"height\";i:182;s:4:\"file\";s:17:\"2016/03/linde.jpg\";s:5:\"sizes\";a:1:{s:9:\"thumbnail\";a:4:{s:4:\"file\";s:17:\"linde-150x150.jpg\";s:5:\"width\";i:150;s:6:\"height\";i:150;s:9:\"mime-type\";s:10:\"image/jpeg\";}}s:10:\"image_meta\";a:12:{s:8:\"aperture\";s:1:\"0\";s:6:\"credit\";s:0:\"\";s:6:\"camera\";s:0:\"\";s:7:\"caption\";s:0:\"\";s:17:\"created_timestamp\";s:1:\"0\";s:9:\"copyright\";s:0:\"\";s:12:\"focal_length\";s:1:\"0\";s:3:\"iso\";s:1:\"0\";s:13:\"shutter_speed\";s:1:\"0\";s:5:\"title\";s:0:\"\";s:11:\"orientation\";s:1:\"0\";s:8:\"keywords\";a:0:{}}}"}}]},{"title":{"_text":"liquidity-service"},"link":{"_text":"http://wp-prd.trademachines.com/it/tm-content/homepage-seo-content-box/liquidity-service/"},"pubDate":{"_text":"Thu, 24 Aug 2017 13:36:19 +0000"},"dc:creator":{"_cdata":"dparravano"},"guid":{"_attributes":{"isPermaLink":"false"},"_text":"http://wp-prd.trademachines.com/it/wp-content/uploads/sites/9/2016/03/liquidity-service.jpg"},"description":{},"content:encoded":{},"excerpt:encoded":{},"wp:post_id":{"_text":"4649"},"wp:post_date":{"_cdata":"2017-08-24 13:36:19"},"wp:post_date_gmt":{"_cdata":"2017-08-24 13:36:19"},"wp:comment_status":{"_cdata":"open"},"wp:ping_status":{"_cdata":"closed"},"wp:post_name":{"_cdata":"liquidity-service"},"wp:status":{"_cdata":"inherit"},"wp:post_parent":{"_text":"1355"},"wp:menu_order":{"_text":"0"},"wp:post_type":{"_cdata":"attachment"},"wp:post_password":{},"wp:is_sticky":{"_text":"0"},"wp:attachment_url":{"_cdata":"http://wp-prd.trademachines.com/it/wp-content/uploads/sites/9/2016/03/liquidity-service.jpg"},"wp:postmeta":[{"wp:meta_key":{"_cdata":"_wp_attached_file"},"wp:meta_value":{"_cdata":"2016/03/liquidity-service.jpg"}},{"wp:meta_key":{"_cdata":"_wp_attachment_metadata"},"wp:meta_value":{"_cdata":"a:5:{s:5:\"width\";i:182;s:6:\"height\";i:182;s:4:\"file\";s:29:\"2016/03/liquidity-service.jpg\";s:5:\"sizes\";a:1:{s:9:\"thumbnail\";a:4:{s:4:\"file\";s:29:\"liquidity-service-150x150.jpg\";s:5:\"width\";i:150;s:6:\"height\";i:150;s:9:\"mime-type\";s:10:\"image/jpeg\";}}s:10:\"image_meta\";a:12:{s:8:\"aperture\";s:1:\"0\";s:6:\"credit\";s:0:\"\";s:6:\"camera\";s:0:\"\";s:7:\"caption\";s:0:\"\";s:17:\"created_timestamp\";s:1:\"0\";s:9:\"copyright\";s:0:\"\";s:12:\"focal_length\";s:1:\"0\";s:3:\"iso\";s:1:\"0\";s:13:\"shutter_speed\";s:1:\"0\";s:5:\"title\";s:0:\"\";s:11:\"orientation\";s:1:\"0\";s:8:\"keywords\";a:0:{}}}"}}]},{"title":{"_text":"mazak"},"link":{"_text":"http://wp-prd.trademachines.com/it/tm-content/homepage-seo-content-box/mazak/"},"pubDate":{"_text":"Thu, 24 Aug 2017 13:36:19 +0000"},"dc:creator":{"_cdata":"dparravano"},"guid":{"_attributes":{"isPermaLink":"false"},"_text":"http://wp-prd.trademachines.com/it/wp-content/uploads/sites/9/2016/03/mazak.jpg"},"description":{},"content:encoded":{},"excerpt:encoded":{},"wp:post_id":{"_text":"4650"},"wp:post_date":{"_cdata":"2017-08-24 13:36:19"},"wp:post_date_gmt":{"_cdata":"2017-08-24 13:36:19"},"wp:comment_status":{"_cdata":"open"},"wp:ping_status":{"_cdata":"closed"},"wp:post_name":{"_cdata":"mazak"},"wp:status":{"_cdata":"inherit"},"wp:post_parent":{"_text":"1355"},"wp:menu_order":{"_text":"0"},"wp:post_type":{"_cdata":"attachment"},"wp:post_password":{},"wp:is_sticky":{"_text":"0"},"wp:attachment_url":{"_cdata":"http://wp-prd.trademachines.com/it/wp-content/uploads/sites/9/2016/03/mazak.jpg"},"wp:postmeta":[{"wp:meta_key":{"_cdata":"_wp_attached_file"},"wp:meta_value":{"_cdata":"2016/03/mazak.jpg"}},{"wp:meta_key":{"_cdata":"_wp_attachment_metadata"},"wp:meta_value":{"_cdata":"a:5:{s:5:\"width\";i:182;s:6:\"height\";i:182;s:4:\"file\";s:17:\"2016/03/mazak.jpg\";s:5:\"sizes\";a:1:{s:9:\"thumbnail\";a:4:{s:4:\"file\";s:17:\"mazak-150x150.jpg\";s:5:\"width\";i:150;s:6:\"height\";i:150;s:9:\"mime-type\";s:10:\"image/jpeg\";}}s:10:\"image_meta\";a:12:{s:8:\"aperture\";s:1:\"0\";s:6:\"credit\";s:0:\"\";s:6:\"camera\";s:0:\"\";s:7:\"caption\";s:0:\"\";s:17:\"created_timestamp\";s:1:\"0\";s:9:\"copyright\";s:0:\"\";s:12:\"focal_length\";s:1:\"0\";s:3:\"iso\";s:1:\"0\";s:13:\"shutter_speed\";s:1:\"0\";s:5:\"title\";s:0:\"\";s:11:\"orientation\";s:1:\"0\";s:8:\"keywords\";a:0:{}}}"}}]},{"title":{"_text":"perfection"},"link":{"_text":"http://wp-prd.trademachines.com/it/tm-content/homepage-seo-content-box/perfection/"},"pubDate":{"_text":"Thu, 24 Aug 2017 13:36:20 +0000"},"dc:creator":{"_cdata":"dparravano"},"guid":{"_attributes":{"isPermaLink":"false"},"_text":"http://wp-prd.trademachines.com/it/wp-content/uploads/sites/9/2016/03/perfection.jpg"},"description":{},"content:encoded":{},"excerpt:encoded":{},"wp:post_id":{"_text":"4651"},"wp:post_date":{"_cdata":"2017-08-24 13:36:20"},"wp:post_date_gmt":{"_cdata":"2017-08-24 13:36:20"},"wp:comment_status":{"_cdata":"open"},"wp:ping_status":{"_cdata":"closed"},"wp:post_name":{"_cdata":"perfection"},"wp:status":{"_cdata":"inherit"},"wp:post_parent":{"_text":"1355"},"wp:menu_order":{"_text":"0"},"wp:post_type":{"_cdata":"attachment"},"wp:post_password":{},"wp:is_sticky":{"_text":"0"},"wp:attachment_url":{"_cdata":"http://wp-prd.trademachines.com/it/wp-content/uploads/sites/9/2016/03/perfection.jpg"},"wp:postmeta":[{"wp:meta_key":{"_cdata":"_wp_attached_file"},"wp:meta_value":{"_cdata":"2016/03/perfection.jpg"}},{"wp:meta_key":{"_cdata":"_wp_attachment_metadata"},"wp:meta_value":{"_cdata":"a:5:{s:5:\"width\";i:182;s:6:\"height\";i:182;s:4:\"file\";s:22:\"2016/03/perfection.jpg\";s:5:\"sizes\";a:1:{s:9:\"thumbnail\";a:4:{s:4:\"file\";s:22:\"perfection-150x150.jpg\";s:5:\"width\";i:150;s:6:\"height\";i:150;s:9:\"mime-type\";s:10:\"image/jpeg\";}}s:10:\"image_meta\";a:12:{s:8:\"aperture\";s:1:\"0\";s:6:\"credit\";s:0:\"\";s:6:\"camera\";s:0:\"\";s:7:\"caption\";s:0:\"\";s:17:\"created_timestamp\";s:1:\"0\";s:9:\"copyright\";s:0:\"\";s:12:\"focal_length\";s:1:\"0\";s:3:\"iso\";s:1:\"0\";s:13:\"shutter_speed\";s:1:\"0\";s:5:\"title\";s:0:\"\";s:11:\"orientation\";s:1:\"0\";s:8:\"keywords\";a:0:{}}}"}}]},{"title":{"_text":"perlick"},"link":{"_text":"http://wp-prd.trademachines.com/it/tm-content/homepage-seo-content-box/perlick-2/"},"pubDate":{"_text":"Thu, 24 Aug 2017 13:36:20 +0000"},"dc:creator":{"_cdata":"dparravano"},"guid":{"_attributes":{"isPermaLink":"false"},"_text":"http://wp-prd.trademachines.com/it/wp-content/uploads/sites/9/2016/03/perlick.jpg"},"description":{},"content:encoded":{},"excerpt:encoded":{},"wp:post_id":{"_text":"4652"},"wp:post_date":{"_cdata":"2017-08-24 13:36:20"},"wp:post_date_gmt":{"_cdata":"2017-08-24 13:36:20"},"wp:comment_status":{"_cdata":"open"},"wp:ping_status":{"_cdata":"closed"},"wp:post_name":{"_cdata":"perlick-2"},"wp:status":{"_cdata":"inherit"},"wp:post_parent":{"_text":"1355"},"wp:menu_order":{"_text":"0"},"wp:post_type":{"_cdata":"attachment"},"wp:post_password":{},"wp:is_sticky":{"_text":"0"},"wp:attachment_url":{"_cdata":"http://wp-prd.trademachines.com/it/wp-content/uploads/sites/9/2016/03/perlick.jpg"},"wp:postmeta":[{"wp:meta_key":{"_cdata":"_wp_attached_file"},"wp:meta_value":{"_cdata":"2016/03/perlick.jpg"}},{"wp:meta_key":{"_cdata":"_wp_attachment_metadata"},"wp:meta_value":{"_cdata":"a:5:{s:5:\"width\";i:182;s:6:\"height\";i:182;s:4:\"file\";s:19:\"2016/03/perlick.jpg\";s:5:\"sizes\";a:1:{s:9:\"thumbnail\";a:4:{s:4:\"file\";s:19:\"perlick-150x150.jpg\";s:5:\"width\";i:150;s:6:\"height\";i:150;s:9:\"mime-type\";s:10:\"image/jpeg\";}}s:10:\"image_meta\";a:12:{s:8:\"aperture\";s:1:\"0\";s:6:\"credit\";s:0:\"\";s:6:\"camera\";s:0:\"\";s:7:\"caption\";s:0:\"\";s:17:\"created_timestamp\";s:1:\"0\";s:9:\"copyright\";s:0:\"\";s:12:\"focal_length\";s:1:\"0\";s:3:\"iso\";s:1:\"0\";s:13:\"shutter_speed\";s:1:\"0\";s:5:\"title\";s:0:\"\";s:11:\"orientation\";s:1:\"0\";s:8:\"keywords\";a:0:{}}}"}}]},{"title":{"_text":"proventura"},"link":{"_text":"http://wp-prd.trademachines.com/it/tm-content/homepage-seo-content-box/proventura-2/"},"pubDate":{"_text":"Thu, 24 Aug 2017 13:36:21 +0000"},"dc:creator":{"_cdata":"dparravano"},"guid":{"_attributes":{"isPermaLink":"false"},"_text":"http://wp-prd.trademachines.com/it/wp-content/uploads/sites/9/2016/03/proventura.jpg"},"description":{},"content:encoded":{},"excerpt:encoded":{},"wp:post_id":{"_text":"4653"},"wp:post_date":{"_cdata":"2017-08-24 13:36:21"},"wp:post_date_gmt":{"_cdata":"2017-08-24 13:36:21"},"wp:comment_status":{"_cdata":"open"},"wp:ping_status":{"_cdata":"closed"},"wp:post_name":{"_cdata":"proventura-2"},"wp:status":{"_cdata":"inherit"},"wp:post_parent":{"_text":"1355"},"wp:menu_order":{"_text":"0"},"wp:post_type":{"_cdata":"attachment"},"wp:post_password":{},"wp:is_sticky":{"_text":"0"},"wp:attachment_url":{"_cdata":"http://wp-prd.trademachines.com/it/wp-content/uploads/sites/9/2016/03/proventura.jpg"},"wp:postmeta":[{"wp:meta_key":{"_cdata":"_wp_attached_file"},"wp:meta_value":{"_cdata":"2016/03/proventura.jpg"}},{"wp:meta_key":{"_cdata":"_wp_attachment_metadata"},"wp:meta_value":{"_cdata":"a:5:{s:5:\"width\";i:182;s:6:\"height\";i:182;s:4:\"file\";s:22:\"2016/03/proventura.jpg\";s:5:\"sizes\";a:1:{s:9:\"thumbnail\";a:4:{s:4:\"file\";s:22:\"proventura-150x150.jpg\";s:5:\"width\";i:150;s:6:\"height\";i:150;s:9:\"mime-type\";s:10:\"image/jpeg\";}}s:10:\"image_meta\";a:12:{s:8:\"aperture\";s:1:\"0\";s:6:\"credit\";s:0:\"\";s:6:\"camera\";s:0:\"\";s:7:\"caption\";s:0:\"\";s:17:\"created_timestamp\";s:1:\"0\";s:9:\"copyright\";s:0:\"\";s:12:\"focal_length\";s:1:\"0\";s:3:\"iso\";s:1:\"0\";s:13:\"shutter_speed\";s:1:\"0\";s:5:\"title\";s:0:\"\";s:11:\"orientation\";s:1:\"0\";s:8:\"keywords\";a:0:{}}}"}}]},{"title":{"_text":"renault"},"link":{"_text":"http://wp-prd.trademachines.com/it/tm-content/homepage-seo-content-box/renault/"},"pubDate":{"_text":"Thu, 24 Aug 2017 13:36:21 +0000"},"dc:creator":{"_cdata":"dparravano"},"guid":{"_attributes":{"isPermaLink":"false"},"_text":"http://wp-prd.trademachines.com/it/wp-content/uploads/sites/9/2016/03/renault.jpg"},"description":{},"content:encoded":{},"excerpt:encoded":{},"wp:post_id":{"_text":"4654"},"wp:post_date":{"_cdata":"2017-08-24 13:36:21"},"wp:post_date_gmt":{"_cdata":"2017-08-24 13:36:21"},"wp:comment_status":{"_cdata":"open"},"wp:ping_status":{"_cdata":"closed"},"wp:post_name":{"_cdata":"renault"},"wp:status":{"_cdata":"inherit"},"wp:post_parent":{"_text":"1355"},"wp:menu_order":{"_text":"0"},"wp:post_type":{"_cdata":"attachment"},"wp:post_password":{},"wp:is_sticky":{"_text":"0"},"wp:attachment_url":{"_cdata":"http://wp-prd.trademachines.com/it/wp-content/uploads/sites/9/2016/03/renault.jpg"},"wp:postmeta":[{"wp:meta_key":{"_cdata":"_wp_attached_file"},"wp:meta_value":{"_cdata":"2016/03/renault.jpg"}},{"wp:meta_key":{"_cdata":"_wp_attachment_metadata"},"wp:meta_value":{"_cdata":"a:5:{s:5:\"width\";i:182;s:6:\"height\";i:182;s:4:\"file\";s:19:\"2016/03/renault.jpg\";s:5:\"sizes\";a:1:{s:9:\"thumbnail\";a:4:{s:4:\"file\";s:19:\"renault-150x150.jpg\";s:5:\"width\";i:150;s:6:\"height\";i:150;s:9:\"mime-type\";s:10:\"image/jpeg\";}}s:10:\"image_meta\";a:12:{s:8:\"aperture\";s:1:\"0\";s:6:\"credit\";s:0:\"\";s:6:\"camera\";s:0:\"\";s:7:\"caption\";s:0:\"\";s:17:\"created_timestamp\";s:1:\"0\";s:9:\"copyright\";s:0:\"\";s:12:\"focal_length\";s:1:\"0\";s:3:\"iso\";s:1:\"0\";s:13:\"shutter_speed\";s:1:\"0\";s:5:\"title\";s:0:\"\";s:11:\"orientation\";s:1:\"0\";s:8:\"keywords\";a:0:{}}}"}}]},{"title":{"_text":"rwz"},"link":{"_text":"http://wp-prd.trademachines.com/it/tm-content/homepage-seo-content-box/rwz/"},"pubDate":{"_text":"Thu, 24 Aug 2017 13:36:21 +0000"},"dc:creator":{"_cdata":"dparravano"},"guid":{"_attributes":{"isPermaLink":"false"},"_text":"http://wp-prd.trademachines.com/it/wp-content/uploads/sites/9/2016/03/rwz.jpg"},"description":{},"content:encoded":{},"excerpt:encoded":{},"wp:post_id":{"_text":"4655"},"wp:post_date":{"_cdata":"2017-08-24 13:36:21"},"wp:post_date_gmt":{"_cdata":"2017-08-24 13:36:21"},"wp:comment_status":{"_cdata":"open"},"wp:ping_status":{"_cdata":"closed"},"wp:post_name":{"_cdata":"rwz"},"wp:status":{"_cdata":"inherit"},"wp:post_parent":{"_text":"1355"},"wp:menu_order":{"_text":"0"},"wp:post_type":{"_cdata":"attachment"},"wp:post_password":{},"wp:is_sticky":{"_text":"0"},"wp:attachment_url":{"_cdata":"http://wp-prd.trademachines.com/it/wp-content/uploads/sites/9/2016/03/rwz.jpg"},"wp:postmeta":[{"wp:meta_key":{"_cdata":"_wp_attached_file"},"wp:meta_value":{"_cdata":"2016/03/rwz.jpg"}},{"wp:meta_key":{"_cdata":"_wp_attachment_metadata"},"wp:meta_value":{"_cdata":"a:5:{s:5:\"width\";i:182;s:6:\"height\";i:182;s:4:\"file\";s:15:\"2016/03/rwz.jpg\";s:5:\"sizes\";a:1:{s:9:\"thumbnail\";a:4:{s:4:\"file\";s:15:\"rwz-150x150.jpg\";s:5:\"width\";i:150;s:6:\"height\";i:150;s:9:\"mime-type\";s:10:\"image/jpeg\";}}s:10:\"image_meta\";a:12:{s:8:\"aperture\";s:1:\"0\";s:6:\"credit\";s:0:\"\";s:6:\"camera\";s:0:\"\";s:7:\"caption\";s:0:\"\";s:17:\"created_timestamp\";s:1:\"0\";s:9:\"copyright\";s:0:\"\";s:12:\"focal_length\";s:1:\"0\";s:3:\"iso\";s:1:\"0\";s:13:\"shutter_speed\";s:1:\"0\";s:5:\"title\";s:0:\"\";s:11:\"orientation\";s:1:\"0\";s:8:\"keywords\";a:0:{}}}"}}]},{"title":{"_text":"still"},"link":{"_text":"http://wp-prd.trademachines.com/it/tm-content/homepage-seo-content-box/still/"},"pubDate":{"_text":"Thu, 24 Aug 2017 13:36:22 +0000"},"dc:creator":{"_cdata":"dparravano"},"guid":{"_attributes":{"isPermaLink":"false"},"_text":"http://wp-prd.trademachines.com/it/wp-content/uploads/sites/9/2016/03/still.jpg"},"description":{},"content:encoded":{},"excerpt:encoded":{},"wp:post_id":{"_text":"4656"},"wp:post_date":{"_cdata":"2017-08-24 13:36:22"},"wp:post_date_gmt":{"_cdata":"2017-08-24 13:36:22"},"wp:comment_status":{"_cdata":"open"},"wp:ping_status":{"_cdata":"closed"},"wp:post_name":{"_cdata":"still"},"wp:status":{"_cdata":"inherit"},"wp:post_parent":{"_text":"1355"},"wp:menu_order":{"_text":"0"},"wp:post_type":{"_cdata":"attachment"},"wp:post_password":{},"wp:is_sticky":{"_text":"0"},"wp:attachment_url":{"_cdata":"http://wp-prd.trademachines.com/it/wp-content/uploads/sites/9/2016/03/still.jpg"},"wp:postmeta":[{"wp:meta_key":{"_cdata":"_wp_attached_file"},"wp:meta_value":{"_cdata":"2016/03/still.jpg"}},{"wp:meta_key":{"_cdata":"_wp_attachment_metadata"},"wp:meta_value":{"_cdata":"a:5:{s:5:\"width\";i:182;s:6:\"height\";i:182;s:4:\"file\";s:17:\"2016/03/still.jpg\";s:5:\"sizes\";a:1:{s:9:\"thumbnail\";a:4:{s:4:\"file\";s:17:\"still-150x150.jpg\";s:5:\"width\";i:150;s:6:\"height\";i:150;s:9:\"mime-type\";s:10:\"image/jpeg\";}}s:10:\"image_meta\";a:12:{s:8:\"aperture\";s:1:\"0\";s:6:\"credit\";s:0:\"\";s:6:\"camera\";s:0:\"\";s:7:\"caption\";s:0:\"\";s:17:\"created_timestamp\";s:1:\"0\";s:9:\"copyright\";s:0:\"\";s:12:\"focal_length\";s:1:\"0\";s:3:\"iso\";s:1:\"0\";s:13:\"shutter_speed\";s:1:\"0\";s:5:\"title\";s:0:\"\";s:11:\"orientation\";s:1:\"0\";s:8:\"keywords\";a:0:{}}}"}}]},{"title":{"_text":"zeppelin_cat"},"link":{"_text":"http://wp-prd.trademachines.com/it/tm-content/homepage-seo-content-box/zeppelin_cat/"},"pubDate":{"_text":"Thu, 24 Aug 2017 13:36:22 +0000"},"dc:creator":{"_cdata":"dparravano"},"guid":{"_attributes":{"isPermaLink":"false"},"_text":"http://wp-prd.trademachines.com/it/wp-content/uploads/sites/9/2016/03/zeppelin_cat.jpg"},"description":{},"content:encoded":{},"excerpt:encoded":{},"wp:post_id":{"_text":"4657"},"wp:post_date":{"_cdata":"2017-08-24 13:36:22"},"wp:post_date_gmt":{"_cdata":"2017-08-24 13:36:22"},"wp:comment_status":{"_cdata":"open"},"wp:ping_status":{"_cdata":"closed"},"wp:post_name":{"_cdata":"zeppelin_cat"},"wp:status":{"_cdata":"inherit"},"wp:post_parent":{"_text":"1355"},"wp:menu_order":{"_text":"0"},"wp:post_type":{"_cdata":"attachment"},"wp:post_password":{},"wp:is_sticky":{"_text":"0"},"wp:attachment_url":{"_cdata":"http://wp-prd.trademachines.com/it/wp-content/uploads/sites/9/2016/03/zeppelin_cat.jpg"},"wp:postmeta":[{"wp:meta_key":{"_cdata":"_wp_attached_file"},"wp:meta_value":{"_cdata":"2016/03/zeppelin_cat.jpg"}},{"wp:meta_key":{"_cdata":"_wp_attachment_metadata"},"wp:meta_value":{"_cdata":"a:5:{s:5:\"width\";i:182;s:6:\"height\";i:182;s:4:\"file\";s:24:\"2016/03/zeppelin_cat.jpg\";s:5:\"sizes\";a:1:{s:9:\"thumbnail\";a:4:{s:4:\"file\";s:24:\"zeppelin_cat-150x150.jpg\";s:5:\"width\";i:150;s:6:\"height\";i:150;s:9:\"mime-type\";s:10:\"image/jpeg\";}}s:10:\"image_meta\";a:12:{s:8:\"aperture\";s:1:\"0\";s:6:\"credit\";s:0:\"\";s:6:\"camera\";s:0:\"\";s:7:\"caption\";s:0:\"\";s:17:\"created_timestamp\";s:1:\"0\";s:9:\"copyright\";s:0:\"\";s:12:\"focal_length\";s:1:\"0\";s:3:\"iso\";s:1:\"0\";s:13:\"shutter_speed\";s:1:\"0\";s:5:\"title\";s:0:\"\";s:11:\"orientation\";s:1:\"0\";s:8:\"keywords\";a:0:{}}}"}}]},{"title":{"_text":"Auto-Räder"},"link":{"_text":"http://wp-prd.trademachines.com/it/tm-category/autovetture/auto-rader/"},"pubDate":{"_text":"Wed, 30 May 2018 08:34:35 +0000"},"dc:creator":{"_cdata":"mradermacher"},"guid":{"_attributes":{"isPermaLink":"false"},"_text":"http://wp-prd.trademachines.com/it/wp-content/uploads/sites/9/2016/03/Auto-Räder.jpg"},"description":{},"content:encoded":{},"excerpt:encoded":{},"wp:post_id":{"_text":"5550"},"wp:post_date":{"_cdata":"2018-05-30 08:34:35"},"wp:post_date_gmt":{"_cdata":"2018-05-30 08:34:35"},"wp:comment_status":{"_cdata":"open"},"wp:ping_status":{"_cdata":"closed"},"wp:post_name":{"_cdata":"auto-rader"},"wp:status":{"_cdata":"inherit"},"wp:post_parent":{"_text":"508"},"wp:menu_order":{"_text":"0"},"wp:post_type":{"_cdata":"attachment"},"wp:post_password":{},"wp:is_sticky":{"_text":"0"},"wp:attachment_url":{"_cdata":"http://wp-prd.trademachines.com/it/wp-content/uploads/sites/9/2016/03/Auto-Räder.jpg"},"wp:postmeta":[{"wp:meta_key":{"_cdata":"_wp_attached_file"},"wp:meta_value":{"_cdata":"2016/03/Auto-Räder.jpg"}},{"wp:meta_key":{"_cdata":"_wp_attachment_metadata"},"wp:meta_value":{"_cdata":"a:5:{s:5:\"width\";i:1275;s:6:\"height\";i:254;s:4:\"file\";s:23:\"2016/03/Auto-Räder.jpg\";s:5:\"sizes\";a:5:{s:9:\"thumbnail\";a:4:{s:4:\"file\";s:23:\"Auto-Räder-150x150.jpg\";s:5:\"width\";i:150;s:6:\"height\";i:150;s:9:\"mime-type\";s:10:\"image/jpeg\";}s:6:\"medium\";a:4:{s:4:\"file\";s:22:\"Auto-Räder-300x60.jpg\";s:5:\"width\";i:300;s:6:\"height\";i:60;s:9:\"mime-type\";s:10:\"image/jpeg\";}s:12:\"medium_large\";a:4:{s:4:\"file\";s:23:\"Auto-Räder-768x153.jpg\";s:5:\"width\";i:768;s:6:\"height\";i:153;s:9:\"mime-type\";s:10:\"image/jpeg\";}s:5:\"large\";a:4:{s:4:\"file\";s:24:\"Auto-Räder-1024x204.jpg\";s:5:\"width\";i:1024;s:6:\"height\";i:204;s:9:\"mime-type\";s:10:\"image/jpeg\";}s:14:\"post-thumbnail\";a:4:{s:4:\"file\";s:23:\"Auto-Räder-825x254.jpg\";s:5:\"width\";i:825;s:6:\"height\";i:254;s:9:\"mime-type\";s:10:\"image/jpeg\";}}s:10:\"image_meta\";a:12:{s:8:\"aperture\";s:1:\"0\";s:6:\"credit\";s:0:\"\";s:6:\"camera\";s:0:\"\";s:7:\"caption\";s:0:\"\";s:17:\"created_timestamp\";s:1:\"0\";s:9:\"copyright\";s:0:\"\";s:12:\"focal_length\";s:1:\"0\";s:3:\"iso\";s:1:\"0\";s:13:\"shutter_speed\";s:1:\"0\";s:5:\"title\";s:0:\"\";s:11:\"orientation\";s:1:\"0\";s:8:\"keywords\";a:0:{}}}"}}]},{"title":{"_text":"logo_aurena_StartPage_kleiner"},"link":{"_text":"http://wp-prd.trademachines.com/it/logo_aurena_startpage_kleiner/"},"pubDate":{"_text":"Sun, 31 Jan 2021 16:18:50 +0000"},"dc:creator":{"_cdata":"jkemper"},"guid":{"_attributes":{"isPermaLink":"false"},"_text":"http://wp-prd.trademachines.com/it/wp-content/uploads/sites/9/2021/01/logo_aurena_StartPage_kleiner.jpg"},"description":{},"content:encoded":{},"excerpt:encoded":{},"wp:post_id":{"_text":"8410"},"wp:post_date":{"_cdata":"2021-01-31 16:18:50"},"wp:post_date_gmt":{"_cdata":"2021-01-31 16:18:50"},"wp:comment_status":{"_cdata":"open"},"wp:ping_status":{"_cdata":"closed"},"wp:post_name":{"_cdata":"logo_aurena_startpage_kleiner"},"wp:status":{"_cdata":"inherit"},"wp:post_parent":{"_text":"0"},"wp:menu_order":{"_text":"0"},"wp:post_type":{"_cdata":"attachment"},"wp:post_password":{},"wp:is_sticky":{"_text":"0"},"wp:attachment_url":{"_cdata":"http://wp-prd.trademachines.com/it/wp-content/uploads/sites/9/2021/01/logo_aurena_StartPage_kleiner.jpg"},"wp:postmeta":[{"wp:meta_key":{"_cdata":"_wp_attached_file"},"wp:meta_value":{"_cdata":"2021/01/logo_aurena_StartPage_kleiner.jpg"}},{"wp:meta_key":{"_cdata":"_wp_attachment_metadata"},"wp:meta_value":{"_cdata":"a:5:{s:5:\"width\";i:247;s:6:\"height\";i:221;s:4:\"file\";s:41:\"2021/01/logo_aurena_StartPage_kleiner.jpg\";s:5:\"sizes\";a:1:{s:9:\"thumbnail\";a:4:{s:4:\"file\";s:41:\"logo_aurena_StartPage_kleiner-150x150.jpg\";s:5:\"width\";i:150;s:6:\"height\";i:150;s:9:\"mime-type\";s:10:\"image/jpeg\";}}s:10:\"image_meta\";a:12:{s:8:\"aperture\";s:1:\"0\";s:6:\"credit\";s:0:\"\";s:6:\"camera\";s:0:\"\";s:7:\"caption\";s:0:\"\";s:17:\"created_timestamp\";s:1:\"0\";s:9:\"copyright\";s:0:\"\";s:12:\"focal_length\";s:1:\"0\";s:3:\"iso\";s:1:\"0\";s:13:\"shutter_speed\";s:1:\"0\";s:5:\"title\";s:0:\"\";s:11:\"orientation\";s:1:\"1\";s:8:\"keywords\";a:0:{}}}"}}]}]}}}